relative_path,tau,stage,kind,bytes,sha256
._stage_c_batch12,,C,other,163,127e4fb7ffb87f87f57a315677dcabcdd994393d42cc555e9083f7d158bb7efc
README.md,,,other,1831,22c402cbef9ba2839d717408dcc624838ad7f06b280874b81f1b48d36b2c1b93
README_AUTO_PIPELINE.md,,,other,1298,1f475c1d699d630c2628627a345e778bc54d0efbddbc8705757461d3bba06928
audit_stageB_vertical_relax.py,,B,other,7871,1834f0eab955f5798774004fcb896ab7e424d4a9455d11857b36d8246b29ed23
audit_tau_scf.py,,,other,1378,2c634b8d245635d16f86797897ef67fabf6a958881435cd850ad51f2b8ce1023
commensurate/calc/twisted_sto_angles/SUMMARY.txt,,,other,273,390dfd9127e776d89505af2d5c1c498c9d7220afcf630a0d6f9a63c62f5ac5b2
commensurate/calc/twisted_sto_angles/check_angle_status_now.sh,,,other,950,5d1b1bc034017275b63a61cfd14e9664450781a849d4a666977882a4deaef3bc
commensurate/calc/twisted_sto_angles/check_commensurate_status.sh,,,other,1818,728d27113b49a5bdef9e87366f6a2de248edcec7cb6a176e7cd26862bc1d0aa1
commensurate/calc/twisted_sto_angles/exact_poscars/POSCAR_theta_14p25_m8_n1_clean.vasp,,,other,34048,5c78b53e12815a079ac203bdea5fb769ce1b6062be5e093fc294ec4d17c263c9
commensurate/calc/twisted_sto_angles/exact_poscars/POSCAR_theta_16p26_m7_n1_clean.vasp,,,other,26248,6ce6fe78ed4078975a62e0f95228cb468e9f4af95c864dc6ec0520f9e44af810
commensurate/calc/twisted_sto_angles/exact_poscars/POSCAR_theta_18p92_m6_n1_clean.vasp,,,other,19486,33b4b900e5a65e843683c63505403a69ccf2592c34b93401cc98416ca020bc13
commensurate/calc/twisted_sto_angles/exact_poscars/POSCAR_theta_22p62_m5_n1_clean.vasp,,,other,13766,963a654fb1179d5a7894a1625b52cf4b5ce36d2019be803ab5f2118eeea21f7d
commensurate/calc/twisted_sto_angles/exact_poscars/POSCAR_theta_28p07_m4_n1_clean.vasp,,,other,9086,d1c2965261781b91b4764e598f09655a05eb84a398b3c024e1a9997994f1c31a
commensurate/calc/twisted_sto_angles/exact_poscars/POSCAR_theta_36p87_m3_n1_clean.vasp,,,other,5445,56d757de3cbc75a1569d5114efdeaf9da086a589662a38d504531516c7d403b6
commensurate/calc/twisted_sto_angles/exact_poscars/POSCAR_theta_53p13_m2_n1_clean.vasp,,,other,2845,3a78488d7ef5edb9ce4ec5b1ef12a441082c92851f3a038f5955bcdc8f56a8ac
commensurate/calc/twisted_sto_angles/incorrect_old_twist_structures/theta_09p53_m12_n1/POSCAR_twisted.vasp,,,other,75642,605f6191fa531db10eb54ed2171bd31c2ccd5377be3334a2c10edea2d4ff376e
commensurate/calc/twisted_sto_angles/incorrect_old_twist_structures/theta_09p53_m12_n1/relax_theta_09p53_m12_n1.in,,,qe_input,72861,a40b9f1a67acf16721a4f18c0510697e0bd6333f81690ddd1ed0cba263a32413
commensurate/calc/twisted_sto_angles/incorrect_old_twist_structures/theta_09p53_m12_n1/scf_theta_09p53_m12_n1.in,,,qe_input,72825,f5c05f830c4d333b3b2a95f98ca9c70422506685ba488e87f8b7f327a319a447
commensurate/calc/twisted_sto_angles/incorrect_old_twist_structures/theta_09p53_m12_n1/script_relax.sh,,,other,551,f79d55547ed830aac71d80daca36f9e3ebc77ad19334901ee2af38b9027a6ac9
commensurate/calc/twisted_sto_angles/incorrect_old_twist_structures/theta_09p53_m12_n1/submit_relax.sh,,,other,430,85d159de2f948afd134e60c5608d88fd881b6509ed4fd733bfdf9a1e41966bf2
commensurate/calc/twisted_sto_angles/incorrect_old_twist_structures/theta_09p53_m12_n1/twisted.xyz,,,other,78325,84e12a880560dfc198d2289ec6bd8ebf9d1a8d2e4960625ec33203fbd58e04f1
commensurate/calc/twisted_sto_angles/incorrect_old_twist_structures/theta_11p42_m10_n1/POSCAR_twisted.vasp,,,other,52763,290bb920d3e31a77354736e88a0fd7bf971a2f0ead264de4a8964e3cfdb41187
commensurate/calc/twisted_sto_angles/incorrect_old_twist_structures/theta_11p42_m10_n1/relax_theta_11p42_m10_n1.in,,,qe_input,50861,13f0b0ef55598e0e217c22153763e0246ea73f84736e4f21ea5e44b7037d48d9
commensurate/calc/twisted_sto_angles/incorrect_old_twist_structures/theta_11p42_m10_n1/scf_theta_11p42_m10_n1.in,,,qe_input,50825,b422aea71705ea9d75001464c7835c8aadfc415e114a1d8d482e04e3b5f084ac
commensurate/calc/twisted_sto_angles/incorrect_old_twist_structures/theta_11p42_m10_n1/script_relax.sh,,,other,551,fbf087362ef2a8e1d151ff2cf5756731d6945b2797333eb349c729d0406502d2
commensurate/calc/twisted_sto_angles/incorrect_old_twist_structures/theta_11p42_m10_n1/submit_relax.sh,,,other,430,7413177a8867287d1eb9e798770b32107d76db5fad6522d1c9dd29f42ab79847
commensurate/calc/twisted_sto_angles/incorrect_old_twist_structures/theta_11p42_m10_n1/twisted.xyz,,,other,54565,1d5c4cec5bac483573887c0ef3e7c69eba9155a301ae9c6ebef3487f4fedeb9b
commensurate/calc/twisted_sto_angles/incorrect_old_twist_structures/theta_12p68_m9_n1/POSCAR_twisted.vasp,,,other,42882,fe3bd2161e637c1103a5e8edb3a474b90bcf0fef20d506cff4aa291926b81de2
commensurate/calc/twisted_sto_angles/incorrect_old_twist_structures/theta_12p68_m9_n1/relax_theta_12p68_m9_n1.in,,,qe_input,41359,b90fae6c64edb88c0f88f4829b959a5fee6c8e1b5f101a51268802bf6eaf32b3
commensurate/calc/twisted_sto_angles/incorrect_old_twist_structures/theta_12p68_m9_n1/scf_theta_12p68_m9_n1.in,,,qe_input,41323,904294ec8debbad0570584cdf1075bfdfcba37c98787aa59f9e95477d1946071
commensurate/calc/twisted_sto_angles/incorrect_old_twist_structures/theta_12p68_m9_n1/script_relax.sh,,,other,548,075a907f4a35efc5809a0085dbf0552d5d7c0cca7480c984f99a66a0f230958a
commensurate/calc/twisted_sto_angles/incorrect_old_twist_structures/theta_12p68_m9_n1/submit_relax.sh,,,other,427,e5b01113132f776d318f4875635a0b1dc07a8b23627b53b327aa54eabdc93801
commensurate/calc/twisted_sto_angles/incorrect_old_twist_structures/theta_12p68_m9_n1/twisted.xyz,,,other,44304,085edd6a75ea60c494f82fce12c8ade252be068b5bec5650ef0d607e7d192831
commensurate/calc/twisted_sto_angles/incorrect_old_twist_structures/theta_14p25_m8_n1/POSCAR_twisted.vasp,,,other,34042,6cb1af9aa3e5ef3ce8df2579f1719c7f940610b7697336695eaecef14690b413
commensurate/calc/twisted_sto_angles/incorrect_old_twist_structures/theta_14p25_m8_n1/relax_theta_14p25_m8_n1.in,,,qe_input,32909,18931e15203f8ba7f3a6634e098306735550f2e487e1935bb68209a476754b5f
commensurate/calc/twisted_sto_angles/incorrect_old_twist_structures/theta_14p25_m8_n1/scf_theta_14p25_m8_n1.in,,,qe_input,32873,578001d3b8a0a9e8eb3a98d76a026b806b74487e8d83eadf92d0085cb0878078
commensurate/calc/twisted_sto_angles/incorrect_old_twist_structures/theta_14p25_m8_n1/script_relax.sh,,,other,548,1daa00e01e210a38ff74f79e1760aca38c7509450f7d382fafa17934545923ce
commensurate/calc/twisted_sto_angles/incorrect_old_twist_structures/theta_14p25_m8_n1/submit_relax.sh,,,other,427,8da2953efa8495c1b333e2484d4f730b3e81e5ae6187c2483b34582326c9bbf8
commensurate/calc/twisted_sto_angles/incorrect_old_twist_structures/theta_14p25_m8_n1/twisted.xyz,,,other,35124,7e10e4b0149f9029b22c7253a3b4066895346749dbdacff57098f2282ebdc924
commensurate/calc/twisted_sto_angles/incorrect_old_twist_structures/theta_16p26_m7_n1/POSCAR_twisted.vasp,,,other,26242,fa57e1038131403d3592d7118ff0d9414cdf8f7537dfa475bb1f966a15ffc93c
commensurate/calc/twisted_sto_angles/incorrect_old_twist_structures/theta_16p26_m7_n1/relax_theta_16p26_m7_n1.in,,,qe_input,25359,a32eff8ce64e4dc7d2e5df57bbdbbef4f19fb4b34d3815133df8ab8b4f8c5bb9
commensurate/calc/twisted_sto_angles/incorrect_old_twist_structures/theta_16p26_m7_n1/scf_theta_16p26_m7_n1.in,,,qe_input,25323,1b0f148d2e8686d47f073c81a0deb13ff0b92ea3b5918e76406d4c2d4a4ae6c9
commensurate/calc/twisted_sto_angles/incorrect_old_twist_structures/theta_16p26_m7_n1/script_relax.sh,,,other,548,9c6306b2100ec3c1daeaabdb90a626a8e375a31230466e532c63a796203a7dd8
commensurate/calc/twisted_sto_angles/incorrect_old_twist_structures/theta_16p26_m7_n1/submit_relax.sh,,,other,427,fb79201745e604f46668979a00486f6e0bbdec4e98081548a36ae688f1f620ca
commensurate/calc/twisted_sto_angles/incorrect_old_twist_structures/theta_16p26_m7_n1/twisted.xyz,,,other,27024,641e04bd0f85e4e72a149c050a3e9df2095d143b465de1af00f27b364c13a5f1
commensurate/calc/twisted_sto_angles/input_settings_all_clean_angles.txt,,,other,39395,5a8a2d128661e7622ad357d446c1e748843c084ed9cc4d5e2e26f4a1c52c89d8
commensurate/calc/twisted_sto_angles/make_pythagorean_qe_folders.py,,,other,8915,693a1534ab3e53d89a05e6fe8d8d56382e23f0275c2811a6289f2b2c65270ddd
commensurate/calc/twisted_sto_angles/overview_all_clean_angle_folders.txt,,,other,19627,a0be6992fe10fe4ddaa050240d754ceed523a474f9293c1983c4403bba56bcb9
commensurate/calc/twisted_sto_angles/pythagorean/SUMMARY_pythagorean_qe.txt,,,other,836,e7901ccfd3e931ffd549c68871ecb29239983e37b844f4330a6ba7871446c485
commensurate/calc/twisted_sto_angles/pythagorean/theta_16p26_m3_n4_l5_pythagorean_clean/POSCAR_twisted.vasp,,,other,11977,fce64ee03b06e59ee2127cf30429f0aa75e01af76b0cc85bf0a033ef6043feba
commensurate/calc/twisted_sto_angles/pythagorean/theta_16p26_m3_n4_l5_pythagorean_clean/analysis_report/all_mixing_numerical_diagnostics.txt,,,other,1003,eaaff0371ac148b6bc5258654f83e38eb20a9ed3b8de6dcfd48cc2837faed3d0
commensurate/calc/twisted_sto_angles/pythagorean/theta_16p26_m3_n4_l5_pythagorean_clean/analysis_report/best_accuracy_comparison.txt,,,other,702,4a3e749fb4c8bb462892ac58841e32630572d56c775c4c4e6a34524467fe4148
commensurate/calc/twisted_sto_angles/pythagorean/theta_16p26_m3_n4_l5_pythagorean_clean/analysis_report/convergence_data/local_tf_combined_accuracy.dat,,,other,12968,ceb4cca897f2611d5619990a758ac6fa1d626c94a45a47afa90e6ba09fc477b5
commensurate/calc/twisted_sto_angles/pythagorean/theta_16p26_m3_n4_l5_pythagorean_clean/analysis_report/convergence_data/local_tf_combined_deltaE_meV.dat,,,other,11261,45b67764cbdc5ce8ce39cc926bf5503e92d7915a4551a00848e57bfe8525b73f
commensurate/calc/twisted_sto_angles/pythagorean/theta_16p26_m3_n4_l5_pythagorean_clean/analysis_report/convergence_data/local_tf_combined_energy.dat,,,other,17312,d8a962ae8cc688b0d450b54e2597061be10dc95f12c28f116a1e7e79edcc3166
commensurate/calc/twisted_sto_angles/pythagorean/theta_16p26_m3_n4_l5_pythagorean_clean/analysis_report/convergence_data/plain_combined_accuracy.dat,,,other,13354,ee0ee2009bec5d8f0db842565a1bde78c2cd1a11de8911ecab7ab719cea1d513
commensurate/calc/twisted_sto_angles/pythagorean/theta_16p26_m3_n4_l5_pythagorean_clean/analysis_report/convergence_data/plain_combined_deltaE_meV.dat,,,other,11558,c40e6c1299dde9572d4048bf7ccb2316f421ebd4968a04dbb78f5bbbe3d5e377
commensurate/calc/twisted_sto_angles/pythagorean/theta_16p26_m3_n4_l5_pythagorean_clean/analysis_report/convergence_data/plain_combined_energy.dat,,,other,17832,d0621ce1eda6f48a2dd8edcd24cf6369c14ff3e4c0394b6ed24e1c3602aa70b2
commensurate/calc/twisted_sto_angles/pythagorean/theta_16p26_m3_n4_l5_pythagorean_clean/analysis_report/convergence_data/scf_fixed_david_beta01_local_tf_accuracy.dat,,,other,6188,426418743cdd2bde2cd4ede8c533375450df105c0938e2a8b89992f60e611ac9
commensurate/calc/twisted_sto_angles/pythagorean/theta_16p26_m3_n4_l5_pythagorean_clean/analysis_report/convergence_data/scf_fixed_david_beta01_local_tf_energy.dat,,,other,8272,83a621d8db38bc6719e81675a07307c0023e44ec56adf2f26007ba937823c50b
commensurate/calc/twisted_sto_angles/pythagorean/theta_16p26_m3_n4_l5_pythagorean_clean/analysis_report/convergence_data/scf_fixed_david_beta01_local_tf_restart1_accuracy.dat,,,other,6672,e468de3cc6d70e074ece3d780e973d0c938a70f295b87ee67a74eb230b36c379
commensurate/calc/twisted_sto_angles/pythagorean/theta_16p26_m3_n4_l5_pythagorean_clean/analysis_report/convergence_data/scf_fixed_david_beta01_local_tf_restart1_energy.dat,,,other,8932,de6d9ed14ca026b4847895a8e6f63fc06465bf12f4f36721ee079b1d030e1a65
commensurate/calc/twisted_sto_angles/pythagorean/theta_16p26_m3_n4_l5_pythagorean_clean/analysis_report/convergence_data/scf_fixed_david_beta01_plain_accuracy.dat,,,other,6484,a0a7b9f7d642a4d9e10090286538ad55028ca51959bc58826ea49db98520e469
commensurate/calc/twisted_sto_angles/pythagorean/theta_16p26_m3_n4_l5_pythagorean_clean/analysis_report/convergence_data/scf_fixed_david_beta01_plain_energy.dat,,,other,8672,8b7d7e10e84587069121137b37bb6943d23d178e1368de1f9908b9356e37d82e
commensurate/calc/twisted_sto_angles/pythagorean/theta_16p26_m3_n4_l5_pythagorean_clean/analysis_report/convergence_data/scf_fixed_david_beta01_plain_restart1_accuracy.dat,,,other,6762,bd9fdd0a60f6e725809b3c5b423325ed43fe2480f2f22767a12f0375d5d10a38
commensurate/calc/twisted_sto_angles/pythagorean/theta_16p26_m3_n4_l5_pythagorean_clean/analysis_report/convergence_data/scf_fixed_david_beta01_plain_restart1_energy.dat,,,other,9052,8a303dd85aefd1f7a270ccf1f79b82ee923297f8f5694dcc9af7d3c5420bf94c
commensurate/calc/twisted_sto_angles/pythagorean/theta_16p26_m3_n4_l5_pythagorean_clean/analysis_report/convergence_data/scf_fixed_david_beta01_tf_accuracy.dat,,,other,5765,a886ef1381af76eb0d9a9b97a9c6b006874249a1601d7be10e5f8f1eda8c8690
commensurate/calc/twisted_sto_angles/pythagorean/theta_16p26_m3_n4_l5_pythagorean_clean/analysis_report/convergence_data/scf_fixed_david_beta01_tf_energy.dat,,,other,7712,0fda20997c90c15bd297228617e5e6151e288bf4114eceb349e76a23587b4c8e
commensurate/calc/twisted_sto_angles/pythagorean/theta_16p26_m3_n4_l5_pythagorean_clean/analysis_report/convergence_data/scf_fixed_david_beta01_tf_restart1_accuracy.dat,,,other,6942,96045567bca15d76b6040e1364ac5d8de4d5dc2f5df172f6c1175b1ad67fe5af
commensurate/calc/twisted_sto_angles/pythagorean/theta_16p26_m3_n4_l5_pythagorean_clean/analysis_report/convergence_data/scf_fixed_david_beta01_tf_restart1_energy.dat,,,other,9292,cc1c4f761d4d029e4b77219bb27102d4755e030e08b4c93d7317f0a1f53dff77
commensurate/calc/twisted_sto_angles/pythagorean/theta_16p26_m3_n4_l5_pythagorean_clean/analysis_report/convergence_data/tf_combined_accuracy.dat,,,other,12815,ae5f209e327ae5e8f5e8b55f07ff29237d312d482f81c5166ae353be3851b795
commensurate/calc/twisted_sto_angles/pythagorean/theta_16p26_m3_n4_l5_pythagorean_clean/analysis_report/convergence_data/tf_combined_deltaE_meV.dat,,,other,10605,27a83318aa4ea39e16ab92e085c4ad10431af9e5d2a717f2ddcd5e80ed0da4f6
commensurate/calc/twisted_sto_angles/pythagorean/theta_16p26_m3_n4_l5_pythagorean_clean/analysis_report/convergence_data/tf_combined_energy.dat,,,other,17112,d513390e31ef1cd58d699a6b692fc0d2c1000808f04e36b308006332c68dbde8
commensurate/calc/twisted_sto_angles/pythagorean/theta_16p26_m3_n4_l5_pythagorean_clean/analysis_report/input_settings_summary.txt,,,other,4547,09a7cc1926182a2550f6815554d443b8420ce55111dcc89769168dfbf21e6a13
commensurate/calc/twisted_sto_angles/pythagorean/theta_16p26_m3_n4_l5_pythagorean_clean/analysis_report/local_tf_accuracy_details.txt,,,other,1081,b0f3b5d0d2f60c5276a753e03de8048b0b36fe035fe3539378d9ae46ee0e5a17
commensurate/calc/twisted_sto_angles/pythagorean/theta_16p26_m3_n4_l5_pythagorean_clean/analysis_report/local_tf_energy_final_five.txt,,,other,963,32ddea1fe22dac52f0be4c7cfa80e13ff107b36117cec6b7570e6d74113cf53e
commensurate/calc/twisted_sto_angles/pythagorean/theta_16p26_m3_n4_l5_pythagorean_clean/analysis_report/plain_accuracy_original_plus_restart.png,,,other,128261,96e539de0d05feb2ea0eb8d757d19ef47b1f74cefd4e07e8ee8db715b13c0ff6
commensurate/calc/twisted_sto_angles/pythagorean/theta_16p26_m3_n4_l5_pythagorean_clean/analysis_report/plain_deltaE_original_plus_restart.png,,,other,72071,8a4391d4572d69c446bcda95d344ff92a91435604d4443fc76f6418f50e33db0
commensurate/calc/twisted_sto_angles/pythagorean/theta_16p26_m3_n4_l5_pythagorean_clean/analysis_report/plot_accuracy_all.gp,,,other,1122,f6ca783f9efd35a9383dc1f895c7d987a7de751ecc6ad3d1bfbb620c36b6defa
commensurate/calc/twisted_sto_angles/pythagorean/theta_16p26_m3_n4_l5_pythagorean_clean/analysis_report/plot_plain_accuracy_combined.gp,,,other,635,ab829f0b5ab74a14299a137238cd7bd5b7d2bfde83ed880d969b8e3592fdc80d
commensurate/calc/twisted_sto_angles/pythagorean/theta_16p26_m3_n4_l5_pythagorean_clean/analysis_report/plot_plain_deltaE_combined.gp,,,other,583,c9d72a3eddf2c6f3d09ec34daec1a737dc00098d06df6e1d5e5590887de0388a
commensurate/calc/twisted_sto_angles/pythagorean/theta_16p26_m3_n4_l5_pythagorean_clean/analysis_report/pyth_m3n4_output_tails.txt,,,other,14979,707db4b0e85c8ff77aa81fdd4f1bddfbb9a51949e104c3edccaa4b036afb10fb
commensurate/calc/twisted_sto_angles/pythagorean/theta_16p26_m3_n4_l5_pythagorean_clean/analysis_report/pyth_m3n4_restart_chain_input_settings.txt,,,other,4530,3084f2e59f75557ebdd3cdb006f83b8c8b5aee70bfd1708de47b30c93533773d
commensurate/calc/twisted_sto_angles/pythagorean/theta_16p26_m3_n4_l5_pythagorean_clean/analysis_report/pyth_m3n4_scf_status_table.txt,,,other,1474,3fdd04a4a8cce95a0e0a983ebd14448b5283b87b36fe629428cbeeb2cc07f870
commensurate/calc/twisted_sto_angles/pythagorean/theta_16p26_m3_n4_l5_pythagorean_clean/analysis_report/pyth_m3n4_stop_messages.txt,,,other,3748,378fff6f30df4e42628dfaf080fb7f4dda4c500994ab1d8c75fabcd957566c43
commensurate/calc/twisted_sto_angles/pythagorean/theta_16p26_m3_n4_l5_pythagorean_clean/analysis_report/qe_output_status_report.txt,,,other,10446,17bc17deb059e862db8ec7e04238534565642b6862cb9f29796b8450f8b1056a
commensurate/calc/twisted_sto_angles/pythagorean/theta_16p26_m3_n4_l5_pythagorean_clean/analysis_report/restart2_beta002_plan.txt,,,other,1251,69a695edaf28b8ccd637310d47cd866575e42aac3b731f100163b47be5a26f8a
commensurate/calc/twisted_sto_angles/pythagorean/theta_16p26_m3_n4_l5_pythagorean_clean/analysis_report/restart2_beta002_submission_record.txt,,,other,920,eeaab6d41c866cfc541e45e44c0a0a66c9f58899e476e3fd0b0597b8597fc741
commensurate/calc/twisted_sto_angles/pythagorean/theta_16p26_m3_n4_l5_pythagorean_clean/analysis_report/scf_accuracy_all.png,,,other,311117,765f402621eaf3f3130a6806b1c65411100d9e972a1952448cb19669c6631636
commensurate/calc/twisted_sto_angles/pythagorean/theta_16p26_m3_n4_l5_pythagorean_clean/analysis_report/scf_comparison_table.txt,,,other,928,e156e9c703d5f69b2e225737bad62a7b03d89a3f684a974d4dcbfb65c99a3ff1
commensurate/calc/twisted_sto_angles/pythagorean/theta_16p26_m3_n4_l5_pythagorean_clean/analysis_report/slurm_status_report.txt,,,other,11906,8bec50cc345a62ff444e1871f08d4b0ffb7698a5a7d21eb7e656258137e6858a
commensurate/calc/twisted_sto_angles/pythagorean/theta_16p26_m3_n4_l5_pythagorean_clean/analysis_report/tf_accuracy_details.txt,,,other,1053,c7db21c6080ca756b1998217bab1879638d5870947a2c80379aee8ea1ddd1a81
commensurate/calc/twisted_sto_angles/pythagorean/theta_16p26_m3_n4_l5_pythagorean_clean/analysis_report/tf_energy_final_five.txt,,,other,945,67d8fea109c899119a70635cbb830377b47101dfa81829bc5142c88192933039
commensurate/calc/twisted_sto_angles/pythagorean/theta_16p26_m3_n4_l5_pythagorean_clean/analyze_mixing_outputs.sh,,,other,849,0ef6e8b27958493eadbef264170d25cac1af5ea9d0b3dc562f378edf38939d95
commensurate/calc/twisted_sto_angles/pythagorean/theta_16p26_m3_n4_l5_pythagorean_clean/before_restart2_beta002/analysis_report/all_mixing_numerical_diagnostics.txt,,,other,1003,eaaff0371ac148b6bc5258654f83e38eb20a9ed3b8de6dcfd48cc2837faed3d0
commensurate/calc/twisted_sto_angles/pythagorean/theta_16p26_m3_n4_l5_pythagorean_clean/before_restart2_beta002/analysis_report/best_accuracy_comparison.txt,,,other,702,4a3e749fb4c8bb462892ac58841e32630572d56c775c4c4e6a34524467fe4148
commensurate/calc/twisted_sto_angles/pythagorean/theta_16p26_m3_n4_l5_pythagorean_clean/before_restart2_beta002/analysis_report/convergence_data/local_tf_combined_accuracy.dat,,,other,12968,ceb4cca897f2611d5619990a758ac6fa1d626c94a45a47afa90e6ba09fc477b5
commensurate/calc/twisted_sto_angles/pythagorean/theta_16p26_m3_n4_l5_pythagorean_clean/before_restart2_beta002/analysis_report/convergence_data/local_tf_combined_deltaE_meV.dat,,,other,11261,45b67764cbdc5ce8ce39cc926bf5503e92d7915a4551a00848e57bfe8525b73f
commensurate/calc/twisted_sto_angles/pythagorean/theta_16p26_m3_n4_l5_pythagorean_clean/before_restart2_beta002/analysis_report/convergence_data/local_tf_combined_energy.dat,,,other,17312,d8a962ae8cc688b0d450b54e2597061be10dc95f12c28f116a1e7e79edcc3166
commensurate/calc/twisted_sto_angles/pythagorean/theta_16p26_m3_n4_l5_pythagorean_clean/before_restart2_beta002/analysis_report/convergence_data/plain_combined_accuracy.dat,,,other,13354,ee0ee2009bec5d8f0db842565a1bde78c2cd1a11de8911ecab7ab719cea1d513
commensurate/calc/twisted_sto_angles/pythagorean/theta_16p26_m3_n4_l5_pythagorean_clean/before_restart2_beta002/analysis_report/convergence_data/plain_combined_deltaE_meV.dat,,,other,11558,c40e6c1299dde9572d4048bf7ccb2316f421ebd4968a04dbb78f5bbbe3d5e377
commensurate/calc/twisted_sto_angles/pythagorean/theta_16p26_m3_n4_l5_pythagorean_clean/before_restart2_beta002/analysis_report/convergence_data/plain_combined_energy.dat,,,other,17832,d0621ce1eda6f48a2dd8edcd24cf6369c14ff3e4c0394b6ed24e1c3602aa70b2
commensurate/calc/twisted_sto_angles/pythagorean/theta_16p26_m3_n4_l5_pythagorean_clean/before_restart2_beta002/analysis_report/convergence_data/scf_fixed_david_beta01_local_tf_accuracy.dat,,,other,6188,426418743cdd2bde2cd4ede8c533375450df105c0938e2a8b89992f60e611ac9
commensurate/calc/twisted_sto_angles/pythagorean/theta_16p26_m3_n4_l5_pythagorean_clean/before_restart2_beta002/analysis_report/convergence_data/scf_fixed_david_beta01_local_tf_energy.dat,,,other,8272,83a621d8db38bc6719e81675a07307c0023e44ec56adf2f26007ba937823c50b
commensurate/calc/twisted_sto_angles/pythagorean/theta_16p26_m3_n4_l5_pythagorean_clean/before_restart2_beta002/analysis_report/convergence_data/scf_fixed_david_beta01_local_tf_restart1_accuracy.dat,,,other,6672,e468de3cc6d70e074ece3d780e973d0c938a70f295b87ee67a74eb230b36c379
commensurate/calc/twisted_sto_angles/pythagorean/theta_16p26_m3_n4_l5_pythagorean_clean/before_restart2_beta002/analysis_report/convergence_data/scf_fixed_david_beta01_local_tf_restart1_energy.dat,,,other,8932,de6d9ed14ca026b4847895a8e6f63fc06465bf12f4f36721ee079b1d030e1a65
commensurate/calc/twisted_sto_angles/pythagorean/theta_16p26_m3_n4_l5_pythagorean_clean/before_restart2_beta002/analysis_report/convergence_data/scf_fixed_david_beta01_plain_accuracy.dat,,,other,6484,a0a7b9f7d642a4d9e10090286538ad55028ca51959bc58826ea49db98520e469
commensurate/calc/twisted_sto_angles/pythagorean/theta_16p26_m3_n4_l5_pythagorean_clean/before_restart2_beta002/analysis_report/convergence_data/scf_fixed_david_beta01_plain_energy.dat,,,other,8672,8b7d7e10e84587069121137b37bb6943d23d178e1368de1f9908b9356e37d82e
commensurate/calc/twisted_sto_angles/pythagorean/theta_16p26_m3_n4_l5_pythagorean_clean/before_restart2_beta002/analysis_report/convergence_data/scf_fixed_david_beta01_plain_restart1_accuracy.dat,,,other,6762,bd9fdd0a60f6e725809b3c5b423325ed43fe2480f2f22767a12f0375d5d10a38
commensurate/calc/twisted_sto_angles/pythagorean/theta_16p26_m3_n4_l5_pythagorean_clean/before_restart2_beta002/analysis_report/convergence_data/scf_fixed_david_beta01_plain_restart1_energy.dat,,,other,9052,8a303dd85aefd1f7a270ccf1f79b82ee923297f8f5694dcc9af7d3c5420bf94c
commensurate/calc/twisted_sto_angles/pythagorean/theta_16p26_m3_n4_l5_pythagorean_clean/before_restart2_beta002/analysis_report/convergence_data/scf_fixed_david_beta01_tf_accuracy.dat,,,other,5765,a886ef1381af76eb0d9a9b97a9c6b006874249a1601d7be10e5f8f1eda8c8690
commensurate/calc/twisted_sto_angles/pythagorean/theta_16p26_m3_n4_l5_pythagorean_clean/before_restart2_beta002/analysis_report/convergence_data/scf_fixed_david_beta01_tf_energy.dat,,,other,7712,0fda20997c90c15bd297228617e5e6151e288bf4114eceb349e76a23587b4c8e
commensurate/calc/twisted_sto_angles/pythagorean/theta_16p26_m3_n4_l5_pythagorean_clean/before_restart2_beta002/analysis_report/convergence_data/scf_fixed_david_beta01_tf_restart1_accuracy.dat,,,other,6942,96045567bca15d76b6040e1364ac5d8de4d5dc2f5df172f6c1175b1ad67fe5af
commensurate/calc/twisted_sto_angles/pythagorean/theta_16p26_m3_n4_l5_pythagorean_clean/before_restart2_beta002/analysis_report/convergence_data/scf_fixed_david_beta01_tf_restart1_energy.dat,,,other,9292,cc1c4f761d4d029e4b77219bb27102d4755e030e08b4c93d7317f0a1f53dff77
commensurate/calc/twisted_sto_angles/pythagorean/theta_16p26_m3_n4_l5_pythagorean_clean/before_restart2_beta002/analysis_report/convergence_data/tf_combined_accuracy.dat,,,other,12815,ae5f209e327ae5e8f5e8b55f07ff29237d312d482f81c5166ae353be3851b795
commensurate/calc/twisted_sto_angles/pythagorean/theta_16p26_m3_n4_l5_pythagorean_clean/before_restart2_beta002/analysis_report/convergence_data/tf_combined_deltaE_meV.dat,,,other,10605,27a83318aa4ea39e16ab92e085c4ad10431af9e5d2a717f2ddcd5e80ed0da4f6
commensurate/calc/twisted_sto_angles/pythagorean/theta_16p26_m3_n4_l5_pythagorean_clean/before_restart2_beta002/analysis_report/convergence_data/tf_combined_energy.dat,,,other,17112,d513390e31ef1cd58d699a6b692fc0d2c1000808f04e36b308006332c68dbde8
commensurate/calc/twisted_sto_angles/pythagorean/theta_16p26_m3_n4_l5_pythagorean_clean/before_restart2_beta002/analysis_report/input_settings_summary.txt,,,other,4547,09a7cc1926182a2550f6815554d443b8420ce55111dcc89769168dfbf21e6a13
commensurate/calc/twisted_sto_angles/pythagorean/theta_16p26_m3_n4_l5_pythagorean_clean/before_restart2_beta002/analysis_report/local_tf_accuracy_details.txt,,,other,1081,b0f3b5d0d2f60c5276a753e03de8048b0b36fe035fe3539378d9ae46ee0e5a17
commensurate/calc/twisted_sto_angles/pythagorean/theta_16p26_m3_n4_l5_pythagorean_clean/before_restart2_beta002/analysis_report/local_tf_energy_final_five.txt,,,other,963,32ddea1fe22dac52f0be4c7cfa80e13ff107b36117cec6b7570e6d74113cf53e
commensurate/calc/twisted_sto_angles/pythagorean/theta_16p26_m3_n4_l5_pythagorean_clean/before_restart2_beta002/analysis_report/plain_accuracy_original_plus_restart.png,,,other,128261,96e539de0d05feb2ea0eb8d757d19ef47b1f74cefd4e07e8ee8db715b13c0ff6
commensurate/calc/twisted_sto_angles/pythagorean/theta_16p26_m3_n4_l5_pythagorean_clean/before_restart2_beta002/analysis_report/plain_deltaE_original_plus_restart.png,,,other,72071,8a4391d4572d69c446bcda95d344ff92a91435604d4443fc76f6418f50e33db0
commensurate/calc/twisted_sto_angles/pythagorean/theta_16p26_m3_n4_l5_pythagorean_clean/before_restart2_beta002/analysis_report/plot_accuracy_all.gp,,,other,1122,f6ca783f9efd35a9383dc1f895c7d987a7de751ecc6ad3d1bfbb620c36b6defa
commensurate/calc/twisted_sto_angles/pythagorean/theta_16p26_m3_n4_l5_pythagorean_clean/before_restart2_beta002/analysis_report/plot_plain_accuracy_combined.gp,,,other,635,ab829f0b5ab74a14299a137238cd7bd5b7d2bfde83ed880d969b8e3592fdc80d
commensurate/calc/twisted_sto_angles/pythagorean/theta_16p26_m3_n4_l5_pythagorean_clean/before_restart2_beta002/analysis_report/plot_plain_deltaE_combined.gp,,,other,583,c9d72a3eddf2c6f3d09ec34daec1a737dc00098d06df6e1d5e5590887de0388a
commensurate/calc/twisted_sto_angles/pythagorean/theta_16p26_m3_n4_l5_pythagorean_clean/before_restart2_beta002/analysis_report/qe_output_status_report.txt,,,other,10446,17bc17deb059e862db8ec7e04238534565642b6862cb9f29796b8450f8b1056a
commensurate/calc/twisted_sto_angles/pythagorean/theta_16p26_m3_n4_l5_pythagorean_clean/before_restart2_beta002/analysis_report/scf_accuracy_all.png,,,other,311117,765f402621eaf3f3130a6806b1c65411100d9e972a1952448cb19669c6631636
commensurate/calc/twisted_sto_angles/pythagorean/theta_16p26_m3_n4_l5_pythagorean_clean/before_restart2_beta002/analysis_report/scf_comparison_table.txt,,,other,928,e156e9c703d5f69b2e225737bad62a7b03d89a3f684a974d4dcbfb65c99a3ff1
commensurate/calc/twisted_sto_angles/pythagorean/theta_16p26_m3_n4_l5_pythagorean_clean/before_restart2_beta002/analysis_report/slurm_status_report.txt,,,other,11906,8bec50cc345a62ff444e1871f08d4b0ffb7698a5a7d21eb7e656258137e6858a
commensurate/calc/twisted_sto_angles/pythagorean/theta_16p26_m3_n4_l5_pythagorean_clean/before_restart2_beta002/analysis_report/tf_accuracy_details.txt,,,other,1053,c7db21c6080ca756b1998217bab1879638d5870947a2c80379aee8ea1ddd1a81
commensurate/calc/twisted_sto_angles/pythagorean/theta_16p26_m3_n4_l5_pythagorean_clean/before_restart2_beta002/analysis_report/tf_energy_final_five.txt,,,other,945,67d8fea109c899119a70635cbb830377b47101dfa81829bc5142c88192933039
commensurate/calc/twisted_sto_angles/pythagorean/theta_16p26_m3_n4_l5_pythagorean_clean/before_restart2_beta002/scf_fixed_david_beta01_local_tf.in,,,qe_input,13745,2a379facaa6f8ebfc1b4d3a9481005c9e9217378f1982946d62d367f30b6dfa6
commensurate/calc/twisted_sto_angles/pythagorean/theta_16p26_m3_n4_l5_pythagorean_clean/before_restart2_beta002/scf_fixed_david_beta01_local_tf.out,,,qe_output,204277,849db74a6dd651d45d66ae49030868305e5db4bef9597a1f1eb16749fc816ae5
commensurate/calc/twisted_sto_angles/pythagorean/theta_16p26_m3_n4_l5_pythagorean_clean/before_restart2_beta002/scf_fixed_david_beta01_local_tf_restart1.in,,,qe_input,13740,d1520707f33e2570b48f5476f8de7081b36edb04c28b7036f7a0980757bf84be
commensurate/calc/twisted_sto_angles/pythagorean/theta_16p26_m3_n4_l5_pythagorean_clean/before_restart2_beta002/scf_fixed_david_beta01_local_tf_restart1.out,,,qe_output,212498,40ca545f365b5dcf9ed584e0e1199b2d14ac1d786c740d51dac0f25a90da7dc7
commensurate/calc/twisted_sto_angles/pythagorean/theta_16p26_m3_n4_l5_pythagorean_clean/before_restart2_beta002/scf_fixed_david_beta01_plain.in,,,qe_input,13739,1e41915a17a04ecb0dfbbff9fd5f597d3fb2e06f8a51cda18ee7b5b949568496
commensurate/calc/twisted_sto_angles/pythagorean/theta_16p26_m3_n4_l5_pythagorean_clean/before_restart2_beta002/scf_fixed_david_beta01_plain.out,,,qe_output,207898,50ed81ceb2b95a9b2952f958fb9967a8802a0e9ac03629baaad255c4672b587a
commensurate/calc/twisted_sto_angles/pythagorean/theta_16p26_m3_n4_l5_pythagorean_clean/before_restart2_beta002/scf_fixed_david_beta01_plain_restart1.in,,,qe_input,13734,5c3893958a55cf0bcf60b6d7d87720067dfa25e2ebbe4347f96d5cfa4d193a7e
commensurate/calc/twisted_sto_angles/pythagorean/theta_16p26_m3_n4_l5_pythagorean_clean/before_restart2_beta002/scf_fixed_david_beta01_plain_restart1.out,,,qe_output,214488,a548c880f190193cd7359f941f59b02b6b0bf1092c858f9c194ad0f83663598d
commensurate/calc/twisted_sto_angles/pythagorean/theta_16p26_m3_n4_l5_pythagorean_clean/before_restart2_beta002/scf_fixed_david_beta01_tf.in,,,qe_input,13733,daa1795c14e191efc441a0b9fb9cb6852e7419c33963029f9908534218bdb73b
commensurate/calc/twisted_sto_angles/pythagorean/theta_16p26_m3_n4_l5_pythagorean_clean/before_restart2_beta002/scf_fixed_david_beta01_tf.out,,,qe_output,190921,c5ebb390a3ad199e1b98e8a9045dad2d7e2c9ced9f647ed023518cdd07deda30
commensurate/calc/twisted_sto_angles/pythagorean/theta_16p26_m3_n4_l5_pythagorean_clean/before_restart2_beta002/scf_fixed_david_beta01_tf_restart1.in,,,qe_input,13728,b75efe81932e72d1ebb954c8dd6d230f36479e19fe5105e2338e9153f24f3ee5
commensurate/calc/twisted_sto_angles/pythagorean/theta_16p26_m3_n4_l5_pythagorean_clean/before_restart2_beta002/scf_fixed_david_beta01_tf_restart1.out,,,qe_output,218999,2f4686cbb29b20ed16dd43192374ba81664095afe47a2d9c9659db85cc76b55f
commensurate/calc/twisted_sto_angles/pythagorean/theta_16p26_m3_n4_l5_pythagorean_clean/before_restart2_beta002/script_fixed_david_beta01_local_tf.sh,,,other,833,9144e8b904c728eac1558db76f57e8e8837b6176f8799eb0f2f6497f182fa219
commensurate/calc/twisted_sto_angles/pythagorean/theta_16p26_m3_n4_l5_pythagorean_clean/before_restart2_beta002/script_fixed_david_beta01_local_tf_original.sh,,,other,779,4919a5860909b604e116627812d7dc59afaca779e2005b7973741d486e12f8ef
commensurate/calc/twisted_sto_angles/pythagorean/theta_16p26_m3_n4_l5_pythagorean_clean/before_restart2_beta002/script_fixed_david_beta01_plain.sh,,,other,882,f5d01c71c5798451ca76c573e0bcc49cffb8bdd9fc0bc95ea02ca696121c51f4
commensurate/calc/twisted_sto_angles/pythagorean/theta_16p26_m3_n4_l5_pythagorean_clean/before_restart2_beta002/script_fixed_david_beta01_plain_original.sh,,,other,872,0b91da16c351de135e7bb8041f5a90fee7e990797dc6441fc673d9e14139bd48
commensurate/calc/twisted_sto_angles/pythagorean/theta_16p26_m3_n4_l5_pythagorean_clean/before_restart2_beta002/script_fixed_david_beta01_tf.sh,,,other,798,f79eead4f3b07e3f2ad45d1f1099e2084810cfc353a708d67a95b8d0a29a5494
commensurate/calc/twisted_sto_angles/pythagorean/theta_16p26_m3_n4_l5_pythagorean_clean/before_restart2_beta002/script_fixed_david_beta01_tf_original.sh,,,other,750,3a57713f95c5b0df6a78770401d2db3eda0f5198928eb101c4845b2458db5e4b
commensurate/calc/twisted_sto_angles/pythagorean/theta_16p26_m3_n4_l5_pythagorean_clean/before_restart3_beta002/scf_fixed_david_beta002_local_tf_restart2.in,,,qe_input,13741,181a8f073eedf152e542baf396cbba1a01d2f2f595a79f18ded7aa0ffa96701e
commensurate/calc/twisted_sto_angles/pythagorean/theta_16p26_m3_n4_l5_pythagorean_clean/before_restart3_beta002/scf_fixed_david_beta002_plain_restart2.in,,,qe_input,13735,6847ebb236029c89f311c6e2cbae00fa9e2214942c947e602cbfcad98bbd5128
commensurate/calc/twisted_sto_angles/pythagorean/theta_16p26_m3_n4_l5_pythagorean_clean/before_restart3_beta002/scf_fixed_david_beta002_tf_restart2.in,,,qe_input,13729,e3c014b7218e3141cfee1a53f0209107e2dd0c1085a85609210e3cf344e682c8
commensurate/calc/twisted_sto_angles/pythagorean/theta_16p26_m3_n4_l5_pythagorean_clean/mixing_summary.dat,,,other,2751,f3e66a4c0e87f61b9d75c3e21f16195e15661b312929ff9d277a76980936b7fb
commensurate/calc/twisted_sto_angles/pythagorean/theta_16p26_m3_n4_l5_pythagorean_clean/pyth-localtf-r1.53400242.err,,,other,6204,45e74ffb0d339485d3b16395d508b919ea0cd7dfcfa7690f0d6f0ce2a3953569
commensurate/calc/twisted_sto_angles/pythagorean/theta_16p26_m3_n4_l5_pythagorean_clean/pyth-localtf-r1.53400242.out,,,qe_output,124,4db208e9268a2ecb3dcfca252dc092c8fad61c267140712d9ddc265247c78f4a
commensurate/calc/twisted_sto_angles/pythagorean/theta_16p26_m3_n4_l5_pythagorean_clean/pyth-localtf-r2-b002.53562960.err,,,other,6204,45e74ffb0d339485d3b16395d508b919ea0cd7dfcfa7690f0d6f0ce2a3953569
commensurate/calc/twisted_sto_angles/pythagorean/theta_16p26_m3_n4_l5_pythagorean_clean/pyth-localtf-r2-b002.53562960.out,,,qe_output,124,278af5041e0e5e9cd9e18b4e02f0c82f0fa073b62abac1da41c02daf381ff885
commensurate/calc/twisted_sto_angles/pythagorean/theta_16p26_m3_n4_l5_pythagorean_clean/pyth-plain-r1.53400240.err,,,other,6204,45e74ffb0d339485d3b16395d508b919ea0cd7dfcfa7690f0d6f0ce2a3953569
commensurate/calc/twisted_sto_angles/pythagorean/theta_16p26_m3_n4_l5_pythagorean_clean/pyth-plain-r1.53400240.out,,,qe_output,184,4242ee242392066019fcd0e31e73b4819120420bb8062ad311379a219d436bf6
commensurate/calc/twisted_sto_angles/pythagorean/theta_16p26_m3_n4_l5_pythagorean_clean/pyth-plain-r2-b002.53562958.err,,,other,6204,45e74ffb0d339485d3b16395d508b919ea0cd7dfcfa7690f0d6f0ce2a3953569
commensurate/calc/twisted_sto_angles/pythagorean/theta_16p26_m3_n4_l5_pythagorean_clean/pyth-plain-r2-b002.53562958.out,,,qe_output,184,d6692aff322a62fad03e44f57fc0ca912f91644d242f53a17168f187d98890c3
commensurate/calc/twisted_sto_angles/pythagorean/theta_16p26_m3_n4_l5_pythagorean_clean/pyth-tf-r1.53400241.err,,,other,6204,45e74ffb0d339485d3b16395d508b919ea0cd7dfcfa7690f0d6f0ce2a3953569
commensurate/calc/twisted_sto_angles/pythagorean/theta_16p26_m3_n4_l5_pythagorean_clean/pyth-tf-r1.53400241.out,,,qe_output,112,ce73fd48e429d41754abeeeb95cda0cc4b6d0c21ede3580d56b2b6d99e3fe093
commensurate/calc/twisted_sto_angles/pythagorean/theta_16p26_m3_n4_l5_pythagorean_clean/pyth-tf-r2-b002.53562959.err,,,other,6204,45e74ffb0d339485d3b16395d508b919ea0cd7dfcfa7690f0d6f0ce2a3953569
commensurate/calc/twisted_sto_angles/pythagorean/theta_16p26_m3_n4_l5_pythagorean_clean/pyth-tf-r2-b002.53562959.out,,,qe_output,112,9dd146d98d283cbac5f4600536529216dc443e277a43e91c4b4ae0e0e6e18acc
commensurate/calc/twisted_sto_angles/pythagorean/theta_16p26_m3_n4_l5_pythagorean_clean/pyth_theta16_scf_summary_latest.txt,,,other,1341,4a56bc8b335ba209403330058bf9dbe0248c35f632b6d1b2ca987e11136e7b8a
commensurate/calc/twisted_sto_angles/pythagorean/theta_16p26_m3_n4_l5_pythagorean_clean/scf_fixed_david_beta002_local_tf_restart2.in,,,qe_input,13741,181a8f073eedf152e542baf396cbba1a01d2f2f595a79f18ded7aa0ffa96701e
commensurate/calc/twisted_sto_angles/pythagorean/theta_16p26_m3_n4_l5_pythagorean_clean/scf_fixed_david_beta002_local_tf_restart2.out,,,qe_output,217027,fe3fdb0b36303d2e84257263e21bbaa4cbf628605755279c5bcba023cdfc50f7
commensurate/calc/twisted_sto_angles/pythagorean/theta_16p26_m3_n4_l5_pythagorean_clean/scf_fixed_david_beta002_local_tf_restart3.in,,,qe_input,13741,181a8f073eedf152e542baf396cbba1a01d2f2f595a79f18ded7aa0ffa96701e
commensurate/calc/twisted_sto_angles/pythagorean/theta_16p26_m3_n4_l5_pythagorean_clean/scf_fixed_david_beta002_plain_restart2.in,,,qe_input,13735,6847ebb236029c89f311c6e2cbae00fa9e2214942c947e602cbfcad98bbd5128
commensurate/calc/twisted_sto_angles/pythagorean/theta_16p26_m3_n4_l5_pythagorean_clean/scf_fixed_david_beta002_plain_restart2.out,,,qe_output,216687,60902fe91ba5fbea9fb4819b09095bd92f98afe4c127f149e43d581282f6230d
commensurate/calc/twisted_sto_angles/pythagorean/theta_16p26_m3_n4_l5_pythagorean_clean/scf_fixed_david_beta002_plain_restart3.in,,,qe_input,13735,6847ebb236029c89f311c6e2cbae00fa9e2214942c947e602cbfcad98bbd5128
commensurate/calc/twisted_sto_angles/pythagorean/theta_16p26_m3_n4_l5_pythagorean_clean/scf_fixed_david_beta002_tf_restart2.in,,,qe_input,13729,e3c014b7218e3141cfee1a53f0209107e2dd0c1085a85609210e3cf344e682c8
commensurate/calc/twisted_sto_angles/pythagorean/theta_16p26_m3_n4_l5_pythagorean_clean/scf_fixed_david_beta002_tf_restart2.out,,,qe_output,217532,a7ee61cb1d47be9d86a2612dec3fdd3d901ac4bc5ffc3ef4442a79b4f07b39a2
commensurate/calc/twisted_sto_angles/pythagorean/theta_16p26_m3_n4_l5_pythagorean_clean/scf_fixed_david_beta002_tf_restart3.in,,,qe_input,13729,e3c014b7218e3141cfee1a53f0209107e2dd0c1085a85609210e3cf344e682c8
commensurate/calc/twisted_sto_angles/pythagorean/theta_16p26_m3_n4_l5_pythagorean_clean/scf_fixed_david_beta01_local_tf.in,,,qe_input,13745,2a379facaa6f8ebfc1b4d3a9481005c9e9217378f1982946d62d367f30b6dfa6
commensurate/calc/twisted_sto_angles/pythagorean/theta_16p26_m3_n4_l5_pythagorean_clean/scf_fixed_david_beta01_local_tf.out,,,qe_output,204277,849db74a6dd651d45d66ae49030868305e5db4bef9597a1f1eb16749fc816ae5
commensurate/calc/twisted_sto_angles/pythagorean/theta_16p26_m3_n4_l5_pythagorean_clean/scf_fixed_david_beta01_local_tf_restart1.in,,,qe_input,13740,d1520707f33e2570b48f5476f8de7081b36edb04c28b7036f7a0980757bf84be
commensurate/calc/twisted_sto_angles/pythagorean/theta_16p26_m3_n4_l5_pythagorean_clean/scf_fixed_david_beta01_local_tf_restart1.out,,,qe_output,212498,40ca545f365b5dcf9ed584e0e1199b2d14ac1d786c740d51dac0f25a90da7dc7
commensurate/calc/twisted_sto_angles/pythagorean/theta_16p26_m3_n4_l5_pythagorean_clean/scf_fixed_david_beta01_plain.in,,,qe_input,13739,1e41915a17a04ecb0dfbbff9fd5f597d3fb2e06f8a51cda18ee7b5b949568496
commensurate/calc/twisted_sto_angles/pythagorean/theta_16p26_m3_n4_l5_pythagorean_clean/scf_fixed_david_beta01_plain.out,,,qe_output,207898,50ed81ceb2b95a9b2952f958fb9967a8802a0e9ac03629baaad255c4672b587a
commensurate/calc/twisted_sto_angles/pythagorean/theta_16p26_m3_n4_l5_pythagorean_clean/scf_fixed_david_beta01_plain_restart1.in,,,qe_input,13734,5c3893958a55cf0bcf60b6d7d87720067dfa25e2ebbe4347f96d5cfa4d193a7e
commensurate/calc/twisted_sto_angles/pythagorean/theta_16p26_m3_n4_l5_pythagorean_clean/scf_fixed_david_beta01_plain_restart1.out,,,qe_output,214488,a548c880f190193cd7359f941f59b02b6b0bf1092c858f9c194ad0f83663598d
commensurate/calc/twisted_sto_angles/pythagorean/theta_16p26_m3_n4_l5_pythagorean_clean/scf_fixed_david_beta01_tf.in,,,qe_input,13733,daa1795c14e191efc441a0b9fb9cb6852e7419c33963029f9908534218bdb73b
commensurate/calc/twisted_sto_angles/pythagorean/theta_16p26_m3_n4_l5_pythagorean_clean/scf_fixed_david_beta01_tf.out,,,qe_output,190921,c5ebb390a3ad199e1b98e8a9045dad2d7e2c9ced9f647ed023518cdd07deda30
commensurate/calc/twisted_sto_angles/pythagorean/theta_16p26_m3_n4_l5_pythagorean_clean/scf_fixed_david_beta01_tf_restart1.in,,,qe_input,13728,b75efe81932e72d1ebb954c8dd6d230f36479e19fe5105e2338e9153f24f3ee5
commensurate/calc/twisted_sto_angles/pythagorean/theta_16p26_m3_n4_l5_pythagorean_clean/scf_fixed_david_beta01_tf_restart1.out,,,qe_output,218999,2f4686cbb29b20ed16dd43192374ba81664095afe47a2d9c9659db85cc76b55f
commensurate/calc/twisted_sto_angles/pythagorean/theta_16p26_m3_n4_l5_pythagorean_clean/script_fixed_david_beta002_local_tf_restart2.sh,,,other,840,ef08313ecea8b9dd4851578f7084ee6d412fe9c4cf9363f2875d14debbc4eeb8
commensurate/calc/twisted_sto_angles/pythagorean/theta_16p26_m3_n4_l5_pythagorean_clean/script_fixed_david_beta002_local_tf_restart3.sh,,,other,1207,0d49c074d18e690d388794dea5d3a2837755195e48bdeac036ff6888a9e647d8
commensurate/calc/twisted_sto_angles/pythagorean/theta_16p26_m3_n4_l5_pythagorean_clean/script_fixed_david_beta002_plain_restart2.sh,,,other,889,e005093fa219c05cdcbf08aa9c497e72b35a522d84777707044a190f7d2fe961
commensurate/calc/twisted_sto_angles/pythagorean/theta_16p26_m3_n4_l5_pythagorean_clean/script_fixed_david_beta002_plain_restart3.sh,,,other,1190,56403bfb7ef7a0fd941dc9a4f7d987283d42e6c93e09663fd83a3b7e830b6912
commensurate/calc/twisted_sto_angles/pythagorean/theta_16p26_m3_n4_l5_pythagorean_clean/script_fixed_david_beta002_tf_restart2.sh,,,other,805,792af8c1b02506390f4270637f9f1d6c34293f0e256bd04235f12dc4765a3504
commensurate/calc/twisted_sto_angles/pythagorean/theta_16p26_m3_n4_l5_pythagorean_clean/script_fixed_david_beta002_tf_restart3.sh,,,other,1172,5d4dbc8452b1dd4a407a7db94646e11373e47f2b6e6955dd999a429cd384e937
commensurate/calc/twisted_sto_angles/pythagorean/theta_16p26_m3_n4_l5_pythagorean_clean/script_fixed_david_beta01_local_tf.sh,,,other,833,9144e8b904c728eac1558db76f57e8e8837b6176f8799eb0f2f6497f182fa219
commensurate/calc/twisted_sto_angles/pythagorean/theta_16p26_m3_n4_l5_pythagorean_clean/script_fixed_david_beta01_local_tf_original.sh,,,other,779,4919a5860909b604e116627812d7dc59afaca779e2005b7973741d486e12f8ef
commensurate/calc/twisted_sto_angles/pythagorean/theta_16p26_m3_n4_l5_pythagorean_clean/script_fixed_david_beta01_plain.sh,,,other,882,f5d01c71c5798451ca76c573e0bcc49cffb8bdd9fc0bc95ea02ca696121c51f4
commensurate/calc/twisted_sto_angles/pythagorean/theta_16p26_m3_n4_l5_pythagorean_clean/script_fixed_david_beta01_plain_original.sh,,,other,872,0b91da16c351de135e7bb8041f5a90fee7e990797dc6441fc673d9e14139bd48
commensurate/calc/twisted_sto_angles/pythagorean/theta_16p26_m3_n4_l5_pythagorean_clean/script_fixed_david_beta01_tf.sh,,,other,798,f79eead4f3b07e3f2ad45d1f1099e2084810cfc353a708d67a95b8d0a29a5494
commensurate/calc/twisted_sto_angles/pythagorean/theta_16p26_m3_n4_l5_pythagorean_clean/script_fixed_david_beta01_tf_original.sh,,,other,750,3a57713f95c5b0df6a78770401d2db3eda0f5198928eb101c4845b2458db5e4b
commensurate/calc/twisted_sto_angles/pythagorean/theta_16p26_m3_n4_l5_pythagorean_clean/sto-pyth-m3_n4_l5-scf.53166632.err,,,other,6204,45e74ffb0d339485d3b16395d508b919ea0cd7dfcfa7690f0d6f0ce2a3953569
commensurate/calc/twisted_sto_angles/pythagorean/theta_16p26_m3_n4_l5_pythagorean_clean/sto-pyth-m3_n4_l5-scf.53166632.out,,,qe_output,184,052f23f97e70a43a275b8f1ef4c81526bd42e771ee5f260bf3d47a885f757bb6
commensurate/calc/twisted_sto_angles/pythagorean/theta_16p26_m3_n4_l5_pythagorean_clean/sto-pyth-m3n4-localtf.53243109.err,,,other,6204,45e74ffb0d339485d3b16395d508b919ea0cd7dfcfa7690f0d6f0ce2a3953569
commensurate/calc/twisted_sto_angles/pythagorean/theta_16p26_m3_n4_l5_pythagorean_clean/sto-pyth-m3n4-localtf.53243109.out,,,qe_output,124,870b8cee9f06b166b2bb7c8fb648f0fa7f5ab1a5da796cf2a2a92b8097f1f9df
commensurate/calc/twisted_sto_angles/pythagorean/theta_16p26_m3_n4_l5_pythagorean_clean/sto-pyth-m3n4-localtf.53243124.err,,,other,6204,45e74ffb0d339485d3b16395d508b919ea0cd7dfcfa7690f0d6f0ce2a3953569
commensurate/calc/twisted_sto_angles/pythagorean/theta_16p26_m3_n4_l5_pythagorean_clean/sto-pyth-m3n4-localtf.53243124.out,,,qe_output,124,ccc7bea0ced4fcf58efa6e6022ce0ab284fb66dd0a7f6720400c1cff8f634de4
commensurate/calc/twisted_sto_angles/pythagorean/theta_16p26_m3_n4_l5_pythagorean_clean/sto-pyth-m3n4-tf.53243117.err,,,other,6204,45e74ffb0d339485d3b16395d508b919ea0cd7dfcfa7690f0d6f0ce2a3953569
commensurate/calc/twisted_sto_angles/pythagorean/theta_16p26_m3_n4_l5_pythagorean_clean/sto-pyth-m3n4-tf.53243117.out,,,qe_output,112,f670e927ff2bb55e8925bf50438062415716d3f5c881f2bb0c79e5176aaed033
commensurate/calc/twisted_sto_angles/pythagorean/theta_16p26_m3_n4_l5_pythagorean_clean/test_calculation/analysis_scf_converged_smearing_plain/forces_raw.txt,,,other,72,a2cc80845b1a089601815a4dc1fdea8c430d45e8ce4e82493e390e326f1fb572
commensurate/calc/twisted_sto_angles/pythagorean/theta_16p26_m3_n4_l5_pythagorean_clean/test_calculation/analysis_scf_converged_smearing_plain/input_settings_summary.txt,,,other,540,eb868ad4cf4c03f79b475b5927dbe3de8f99036c28c8f3429a3091f6a5370f34
commensurate/calc/twisted_sto_angles/pythagorean/theta_16p26_m3_n4_l5_pythagorean_clean/test_calculation/analysis_scf_converged_smearing_plain/plot_scf_accuracy.gnu,,,other,341,73c7cff1672c6b886a556122025128bb34dc3267222a4dd5f8e74199f45fcb89
commensurate/calc/twisted_sto_angles/pythagorean/theta_16p26_m3_n4_l5_pythagorean_clean/test_calculation/analysis_scf_converged_smearing_plain/scf_accuracy_raw.txt,,,other,2067,0164e8b97c597435889f9f7726d6666a9c26f81502fcf1042520959120b75129
commensurate/calc/twisted_sto_angles/pythagorean/theta_16p26_m3_n4_l5_pythagorean_clean/test_calculation/analysis_scf_converged_smearing_plain/scf_accuracy_vs_iteration.dat,,,other,548,10ca9ab2704ea17acfb4f7fa836c61ffe436d6241f51eb701ddc7ad4c297aace
commensurate/calc/twisted_sto_angles/pythagorean/theta_16p26_m3_n4_l5_pythagorean_clean/test_calculation/analysis_scf_converged_smearing_plain/scf_accuracy_vs_iteration.png,,,other,48834,57fda234240ee40bab1598820135139f8c4694f03ec70045a732bd85ff825e7d
commensurate/calc/twisted_sto_angles/pythagorean/theta_16p26_m3_n4_l5_pythagorean_clean/test_calculation/analysis_scf_converged_smearing_plain/scf_fixed_david_beta005_smearing_plain.in,,,qe_input,13786,434d125e674f364a95f2f0663b50d607efd6626743c6218d8867a4b7bdc5a44e
commensurate/calc/twisted_sto_angles/pythagorean/theta_16p26_m3_n4_l5_pythagorean_clean/test_calculation/analysis_scf_converged_smearing_plain/scf_fixed_david_beta005_smearing_plain.out,,,qe_output,126732,dad27b4bed02c8f930a0bcbd8d591218f78d7cea001b05fe0f02a96b3ae156ce
commensurate/calc/twisted_sto_angles/pythagorean/theta_16p26_m3_n4_l5_pythagorean_clean/test_calculation/analysis_scf_converged_smearing_plain/status_summary.txt,,,other,287,08d6fe39df35fa1d9e1512bd26dd47d65a054f70d1bdc95b2b237dfc7fd6a76b
commensurate/calc/twisted_sto_angles/pythagorean/theta_16p26_m3_n4_l5_pythagorean_clean/test_calculation/analysis_scf_converged_smearing_plain/total_energy_raw.txt,,,other,2137,dfbd97b074e9ac162a8ffd422fb9e033688cad64ec59f643c54e73c6420dff8a
commensurate/calc/twisted_sto_angles/pythagorean/theta_16p26_m3_n4_l5_pythagorean_clean/test_calculation/pyth-b005-smear.53868481.err,,,other,6204,45e74ffb0d339485d3b16395d508b919ea0cd7dfcfa7690f0d6f0ce2a3953569
commensurate/calc/twisted_sto_angles/pythagorean/theta_16p26_m3_n4_l5_pythagorean_clean/test_calculation/pyth-b005-smear.53868481.out,,,qe_output,0,e3b0c44298fc1c149afbf4c8996fb92427ae41e4649b934ca495991b7852b855
commensurate/calc/twisted_sto_angles/pythagorean/theta_16p26_m3_n4_l5_pythagorean_clean/test_calculation/pyth-b005-tf.53868480.err,,,other,77918,a8491ffb038ed00e27f09c9c3939a55a84e828eaed51772292c5dd3e15d16f14
commensurate/calc/twisted_sto_angles/pythagorean/theta_16p26_m3_n4_l5_pythagorean_clean/test_calculation/pyth-b005-tf.53868480.out,,,qe_output,0,e3b0c44298fc1c149afbf4c8996fb92427ae41e4649b934ca495991b7852b855
commensurate/calc/twisted_sto_angles/pythagorean/theta_16p26_m3_n4_l5_pythagorean_clean/test_calculation/pyth-relax-smear.54253510.err,,,other,16118,8400870e52e0cfcc0a424949faaba4f850ba58049beaa7a27c51b66993067422
commensurate/calc/twisted_sto_angles/pythagorean/theta_16p26_m3_n4_l5_pythagorean_clean/test_calculation/pyth-relax-smear.54253510.out,,,qe_output,184,e9bccc37253384c1bdab58c7bad4c91e016b1138a94ced2379ec395ccd49b20f
commensurate/calc/twisted_sto_angles/pythagorean/theta_16p26_m3_n4_l5_pythagorean_clean/test_calculation/pyth-rx-24h.54490784.err,,,other,16118,5ef685dc9a04cd03c58762d2144054e9a0786cb8073535bdeefba3460c5f8d05
commensurate/calc/twisted_sto_angles/pythagorean/theta_16p26_m3_n4_l5_pythagorean_clean/test_calculation/pyth-rx-24h.54490784.out,,,qe_output,483,52cd0c7a8f49292289cdde28b6919ba9083e40bc3421de72986f234484118472
commensurate/calc/twisted_sto_angles/pythagorean/theta_16p26_m3_n4_l5_pythagorean_clean/test_calculation/pyth-rx-24h.54571594.err,,,other,6204,45e74ffb0d339485d3b16395d508b919ea0cd7dfcfa7690f0d6f0ce2a3953569
commensurate/calc/twisted_sto_angles/pythagorean/theta_16p26_m3_n4_l5_pythagorean_clean/test_calculation/pyth-rx-24h.54571594.out,,,qe_output,483,96574689a647f63776c8cd7ebb5071e019f1d549b35f583b2e0d3da62739f5ff
commensurate/calc/twisted_sto_angles/pythagorean/theta_16p26_m3_n4_l5_pythagorean_clean/test_calculation/pyth16-auto-rx-r55171175.err,,,other,299,5e2159b6b2800597ba28ad0696c21f6c5e30c9845b0fb9b8b895d8255a73a46c
commensurate/calc/twisted_sto_angles/pythagorean/theta_16p26_m3_n4_l5_pythagorean_clean/test_calculation/pyth16-auto-rx-r55171175.out,,,qe_output,1017,744e02ec9e5879e9bcddc5d9eef3999a33dfabf5e827772b89ffcccab01f94fa
commensurate/calc/twisted_sto_angles/pythagorean/theta_16p26_m3_n4_l5_pythagorean_clean/test_calculation/pyth16-rx-r2-48h.54821757.err,,,other,6204,45e74ffb0d339485d3b16395d508b919ea0cd7dfcfa7690f0d6f0ce2a3953569
commensurate/calc/twisted_sto_angles/pythagorean/theta_16p26_m3_n4_l5_pythagorean_clean/test_calculation/pyth16-rx-r2-48h.54821757.out,,,qe_output,0,e3b0c44298fc1c149afbf4c8996fb92427ae41e4649b934ca495991b7852b855
commensurate/calc/twisted_sto_angles/pythagorean/theta_16p26_m3_n4_l5_pythagorean_clean/test_calculation/pyth16-rx-r3-48h.55470073.err,,,other,6204,45e74ffb0d339485d3b16395d508b919ea0cd7dfcfa7690f0d6f0ce2a3953569
commensurate/calc/twisted_sto_angles/pythagorean/theta_16p26_m3_n4_l5_pythagorean_clean/test_calculation/pyth16-rx-r3-48h.55470073.out,,,qe_output,0,e3b0c44298fc1c149afbf4c8996fb92427ae41e4649b934ca495991b7852b855
commensurate/calc/twisted_sto_angles/pythagorean/theta_16p26_m3_n4_l5_pythagorean_clean/test_calculation/pyth16-rx-r4-48h.55622802.err,,,other,6204,45e74ffb0d339485d3b16395d508b919ea0cd7dfcfa7690f0d6f0ce2a3953569
commensurate/calc/twisted_sto_angles/pythagorean/theta_16p26_m3_n4_l5_pythagorean_clean/test_calculation/pyth16-rx-r4-48h.55622802.out,,,qe_output,0,e3b0c44298fc1c149afbf4c8996fb92427ae41e4649b934ca495991b7852b855
commensurate/calc/twisted_sto_angles/pythagorean/theta_16p26_m3_n4_l5_pythagorean_clean/test_calculation/relax_from_converged_smearing_plain.in,,,qe_input,13856,4c61f193762308a2fcadb03c92a8e50aee5013adc27a182756e0a454dc6b1d15
commensurate/calc/twisted_sto_angles/pythagorean/theta_16p26_m3_n4_l5_pythagorean_clean/test_calculation/relax_from_converged_smearing_plain.out,,,qe_output,1486,dd2e2e1f07fc04ef26916aa0bd079d09ff58c80eb9387d5a5aeacc6ee471e162
commensurate/calc/twisted_sto_angles/pythagorean/theta_16p26_m3_n4_l5_pythagorean_clean/test_calculation/relax_from_converged_smearing_plain_24h.in,,,qe_input,13868,8716549e9d158a9aec7072949784f96a4d5127dfef670405989e9ed59e3c1bff
commensurate/calc/twisted_sto_angles/pythagorean/theta_16p26_m3_n4_l5_pythagorean_clean/test_calculation/relax_from_converged_smearing_plain_24h.out,,,qe_output,420738,b032b1e829d83e48b26cac44bbab49bc851c8d3f7d896013c84068cbd4c46ebb
commensurate/calc/twisted_sto_angles/pythagorean/theta_16p26_m3_n4_l5_pythagorean_clean/test_calculation/relax_from_converged_smearing_plain_24h_BAD_ions_after_species.in,,,qe_input,13868,03f614c4c5d9f70054760a0ede52a4a5947f24c696a880570fd9aa3e00a1082a
commensurate/calc/twisted_sto_angles/pythagorean/theta_16p26_m3_n4_l5_pythagorean_clean/test_calculation/relax_from_converged_smearing_plain_BAD_no_ions_block.in,,,qe_input,13856,4c61f193762308a2fcadb03c92a8e50aee5013adc27a182756e0a454dc6b1d15
commensurate/calc/twisted_sto_angles/pythagorean/theta_16p26_m3_n4_l5_pythagorean_clean/test_calculation/relax_from_converged_smearing_plain_auto_restart3_48h.in,,,qe_input,13867,d9790eb6496f91cec86d5c743421e14529dd12c308d3a04df382f26ffa57e9a1
commensurate/calc/twisted_sto_angles/pythagorean/theta_16p26_m3_n4_l5_pythagorean_clean/test_calculation/relax_from_converged_smearing_plain_auto_restart3_48h.out,,,qe_output,44194,e781d2f60a81016f6d90352270f854cf8bd690523a109d59d0c60bd719cce7ed
commensurate/calc/twisted_sto_angles/pythagorean/theta_16p26_m3_n4_l5_pythagorean_clean/test_calculation/relax_from_converged_smearing_plain_restart2_48h.in,,,qe_input,13869,1393670c03a3a75bc20794b01cbe8a7686db6e8a8ab737fd0f0c54885c9097a4
commensurate/calc/twisted_sto_angles/pythagorean/theta_16p26_m3_n4_l5_pythagorean_clean/test_calculation/relax_from_converged_smearing_plain_restart2_48h.out,,,qe_output,806311,9aa46754379980ef02de744ae3055fc3710b1eae99aa8bc272a60294afbed4da
commensurate/calc/twisted_sto_angles/pythagorean/theta_16p26_m3_n4_l5_pythagorean_clean/test_calculation/relax_from_converged_smearing_plain_restart3_48h.in,,,qe_input,13869,1393670c03a3a75bc20794b01cbe8a7686db6e8a8ab737fd0f0c54885c9097a4
commensurate/calc/twisted_sto_angles/pythagorean/theta_16p26_m3_n4_l5_pythagorean_clean/test_calculation/relax_from_converged_smearing_plain_restart3_48h.out,,,qe_output,809131,de31962b0ced12482d6dc8a43d24cb714247ee9afbc6c86f3ad38a941a6f05c1
commensurate/calc/twisted_sto_angles/pythagorean/theta_16p26_m3_n4_l5_pythagorean_clean/test_calculation/relax_from_converged_smearing_plain_restart4_48h.in,,,qe_input,13869,1393670c03a3a75bc20794b01cbe8a7686db6e8a8ab737fd0f0c54885c9097a4
commensurate/calc/twisted_sto_angles/pythagorean/theta_16p26_m3_n4_l5_pythagorean_clean/test_calculation/relax_from_converged_smearing_plain_restart4_48h.out,,,qe_output,883460,62532c1480ace9c224de5026dd251a20006286d3a6ebb518016575f74c517d0b
commensurate/calc/twisted_sto_angles/pythagorean/theta_16p26_m3_n4_l5_pythagorean_clean/test_calculation/run_auto_pyth16_relax_until_converged.sh,,,other,3297,a0064a4a9f20ab3f4710bd916d1c0e02d20372bcfc3b155c5564ea7efd0b0737
commensurate/calc/twisted_sto_angles/pythagorean/theta_16p26_m3_n4_l5_pythagorean_clean/test_calculation/scf_fixed_david_beta005_plain.in,,,qe_input,13741,78e546f11b51c191e1bae516784b92f6128d485d2646bc4b2a1d02bcf6c3d1d7
commensurate/calc/twisted_sto_angles/pythagorean/theta_16p26_m3_n4_l5_pythagorean_clean/test_calculation/scf_fixed_david_beta005_smearing_plain.in,,,qe_input,13786,434d125e674f364a95f2f0663b50d607efd6626743c6218d8867a4b7bdc5a44e
commensurate/calc/twisted_sto_angles/pythagorean/theta_16p26_m3_n4_l5_pythagorean_clean/test_calculation/scf_fixed_david_beta005_smearing_plain.out,,,qe_output,126732,dad27b4bed02c8f930a0bcbd8d591218f78d7cea001b05fe0f02a96b3ae156ce
commensurate/calc/twisted_sto_angles/pythagorean/theta_16p26_m3_n4_l5_pythagorean_clean/test_calculation/scf_fixed_david_beta005_tf.in,,,qe_input,13735,1409f69a17950a1fd69dae14440af745169e24471c7233a3b6e0534814fd8bf3
commensurate/calc/twisted_sto_angles/pythagorean/theta_16p26_m3_n4_l5_pythagorean_clean/test_calculation/scf_fixed_david_beta005_tf.out,,,qe_output,118555,b3fc42ea46d3ef813d875050b8af50aae52518a599b3ce54cd85c7c849553ebe
commensurate/calc/twisted_sto_angles/pythagorean/theta_16p26_m3_n4_l5_pythagorean_clean/test_calculation/script_pyth16_restart4_48h.sh,,,other,719,1da6da13cce25e5d627dc5bbb928e614b4e56b7281fc81bec4f254435e20e0bb
commensurate/calc/twisted_sto_angles/pythagorean/theta_16p26_m3_n4_l5_pythagorean_clean/test_calculation/script_relax_from_converged_smearing_plain.sh,,,other,850,b0fc800cf3b7b851f293a922870ee68261972931b5a8237fe77e2ebfd90a2606
commensurate/calc/twisted_sto_angles/pythagorean/theta_16p26_m3_n4_l5_pythagorean_clean/test_calculation/script_relax_from_converged_smearing_plain_24h.sh,,,other,1219,6dd94aecc1518f9b8c20ea1faa7a51c0bf11f54f2c399c836cbc2a29bf336d7f
commensurate/calc/twisted_sto_angles/pythagorean/theta_16p26_m3_n4_l5_pythagorean_clean/test_calculation/script_relax_from_converged_smearing_plain_restart2_48h.sh,,,other,719,c57d17dbeeb439c61c154df1cfe0637055618c45165846432bb674810714e3f7
commensurate/calc/twisted_sto_angles/pythagorean/theta_16p26_m3_n4_l5_pythagorean_clean/test_calculation/script_relax_from_converged_smearing_plain_restart3_48h.sh,,,other,719,57919ef08f02d07135e68d6a013ad267824b817e8ee3fde668cca623b079c13a
commensurate/calc/twisted_sto_angles/pythagorean/theta_16p26_m3_n4_l5_pythagorean_clean/test_calculation/script_scf_beta005_plain.sh,,,other,0,e3b0c44298fc1c149afbf4c8996fb92427ae41e4649b934ca495991b7852b855
commensurate/calc/twisted_sto_angles/pythagorean/theta_16p26_m3_n4_l5_pythagorean_clean/test_calculation/script_scf_beta005_smearing_plain.sh,,,other,698,1b694b689c87c227800827e4749b01315e78de85da49d0854b3347f0cf412072
commensurate/calc/twisted_sto_angles/pythagorean/theta_16p26_m3_n4_l5_pythagorean_clean/test_calculation/script_scf_beta005_tf.sh,,,other,671,f95f5474a742387dda7fe53f0647f1918c02239c433443848a011e9ab71d15a6
commensurate/calc/twisted_sto_angles/pythagorean/theta_16p26_m4_n3_l5_pythagorean_clean/POSCAR_twisted.vasp,,,other,11977,24bb68498eacfe4f5cfb10eb27e0a7530b04e86b4394e6ace736049391204589
commensurate/calc/twisted_sto_angles/pythagorean/theta_16p26_m4_n3_l5_pythagorean_clean/scf_fixed_david_beta01_plain.in,,,qe_input,13738,19e59599bf1c4ad1012c9d96d380b577024b8a5de15aabd54286b0154c0a8f04
commensurate/calc/twisted_sto_angles/pythagorean/theta_16p26_m4_n3_l5_pythagorean_clean/scf_fixed_david_beta01_plain.out,,,qe_output,206820,d4410925b2c0b1d3a689bbb35c55f3dc963f96aabff46dc6049c09d5a909c53a
commensurate/calc/twisted_sto_angles/pythagorean/theta_16p26_m4_n3_l5_pythagorean_clean/script_fixed_david_beta01_plain.sh,,,other,872,f0ae7791280967194f1299848214138f0d47de80226fd811fcfe62216ca0fb20
commensurate/calc/twisted_sto_angles/pythagorean/theta_16p26_m4_n3_l5_pythagorean_clean/sto-pyth-m4_n3_l5-scf.53166628.err,,,other,6204,45e74ffb0d339485d3b16395d508b919ea0cd7dfcfa7690f0d6f0ce2a3953569
commensurate/calc/twisted_sto_angles/pythagorean/theta_16p26_m4_n3_l5_pythagorean_clean/sto-pyth-m4_n3_l5-scf.53166628.out,,,qe_output,184,462bdb6d5185016b66bc0b16b2a841312e41ee9b7dbdec5936bd06bec451f305
commensurate/calc/twisted_sto_angles/pythagorean/theta_22p62_m5_n12_l13_pythagorean_clean/geometry_reference_scf_NOT_SUBMITTED_pyth_m5_n12_l13_nat1690.in,,,qe_input,97919,db0a8a80b3a72a1ed1877268bda1357629fd001be4541271568103bc258630cf
commensurate/calc/twisted_sto_angles/regen_clean_twists.py,,,other,8891,b4fdd0e7dbaceffefad5c5e1c54ddfaed738a677df8461492c9a092fa813935c
commensurate/calc/twisted_sto_angles/regen_clean_twists_extended.py,,,other,8716,ef2ab3f91f762d628d7fb1b9df829db30109c4b75d43f6eb4e5de3d06fffcc91
commensurate/calc/twisted_sto_angles/relaxation_status_2026-09-25.txt,,,other,1074,bb604e73ac9735b465a2a295f21973dedb04fbe2d3136bb3f0805605a7f4829c
commensurate/calc/twisted_sto_angles/scf_status_all_clean_angles.txt,,,other,17278,644ef76e696c8b55e98a3c71b210662099ff57afb78e8bc5cf1130c0e4118221
commensurate/calc/twisted_sto_angles/sto-final-nbnd.58114011.err,,,other,7356,7dc667906ebc60379e13ac713bcd2d3b16eb20ab43fb4c7e14bdc88254c308c0
commensurate/calc/twisted_sto_angles/sto-final-nbnd.58114011.out,,,qe_output,68,74dca4a78e19e44bdf780ea19c6c355652a851021bc4a4ffeac7a4cabfee219a
commensurate/calc/twisted_sto_angles/sto_exact_structures.zip,,,other,13372,bf07c322b9785297a471a816933ea7b7d43c4b0248d8be5d95d2511a27fad677
commensurate/calc/twisted_sto_angles/submit_theta53_theta28_final_nbnd.slurm,,,other,929,0db73d3385eaaee843e669f2b4132d4334e1c3738cb68e9ffd686d80d8b59a75
commensurate/calc/twisted_sto_angles/test_submit_28.sh,,,other,677,21d6907c5818ce539f301bc5e148df73ddc7c88484984a52c2dc2cbae7479b9c
commensurate/calc/twisted_sto_angles/theta28_clean_relevant_summary.txt,,,other,553,5399a8903340b898021eca13357d060b0618f492f8203c63471a2af3f627f266
commensurate/calc/twisted_sto_angles/theta28_recent_qe_summary.txt,,,other,2405,96221f68f6da45835b0a0902e936aad63ce7938169a10deaf5297646de902f14
commensurate/calc/twisted_sto_angles/theta_09p53_m12_n1_clean/POSCAR_twisted.vasp,,,other,75648,d124416ed53127475fe8247d62862c6f87d90e025aa46d9fa5a9ea1412fa2c86
commensurate/calc/twisted_sto_angles/theta_09p53_m12_n1_clean/relax_theta09_clean.in,,,qe_input,73618,b2902925d3d85e06571db373122422b192b7cf4d054636dbd8e0789d877c1b14
commensurate/calc/twisted_sto_angles/theta_09p53_m12_n1_clean/relax_theta_09p53_m12_n1.in,,,qe_input,73511,3e502f7b7575a3885202d31d1324da46832f44dcacd759e6a1646439f00dded3
commensurate/calc/twisted_sto_angles/theta_09p53_m12_n1_clean/scf_theta09_clean.in,,,qe_input,73558,83e67969ee531bfb47d132f3fe3b362b356f40358fa35fd74087bc53c6991bff
commensurate/calc/twisted_sto_angles/theta_09p53_m12_n1_clean/scf_theta09_clean.out,,,qe_output,226421,720662861e9436a0e9450966a8f4d5e5a069b5002b773105d0bd6d801f9bd0e5
commensurate/calc/twisted_sto_angles/theta_09p53_m12_n1_clean/scf_theta09_stable_localTF_b001.in,,,qe_input,73582,fb1edf7f1a481654bf8fdc6ac1a861f576a96fd7965b2f1cd8b2025946923c04
commensurate/calc/twisted_sto_angles/theta_09p53_m12_n1_clean/scf_theta09_stable_localTF_b001.out,,,qe_output,212109,dcc3f03ccae8f8b43ca71a3d0152ec8163ac12f7a352a610815fae14b359909b
commensurate/calc/twisted_sto_angles/theta_09p53_m12_n1_clean/scf_theta_09p53_m12_n1.in,,,qe_input,73449,a1876d0634a2df7bdada23eb6d3249b7e0beff042d825ca1651544ec89d32a80
commensurate/calc/twisted_sto_angles/theta_09p53_m12_n1_clean/script_relax.sh,,,other,568,d2072b4c211b286e8e00abd3eba225f575f01eb04e0741c2166bdce23a632e93
commensurate/calc/twisted_sto_angles/theta_09p53_m12_n1_clean/sto09-scf-ltf.58691990.err,,,other,770,536588d45630183c11196751ff304ef7acb01983745a6e4a40765437e1b22200
commensurate/calc/twisted_sto_angles/theta_09p53_m12_n1_clean/sto09-scf-ltf.58691990.out,,,qe_output,0,e3b0c44298fc1c149afbf4c8996fb92427ae41e4649b934ca495991b7852b855
commensurate/calc/twisted_sto_angles/theta_09p53_m12_n1_clean/sto09-scf.58069186.err,,,other,14652,d388a7c8dd16e28da06fc0aff66da5d7a9ceac1657b934381d8840640ad29254
commensurate/calc/twisted_sto_angles/theta_09p53_m12_n1_clean/sto09-scf.58069186.out,,,qe_output,0,e3b0c44298fc1c149afbf4c8996fb92427ae41e4649b934ca495991b7852b855
commensurate/calc/twisted_sto_angles/theta_09p53_m12_n1_clean/submit_theta09_scf_32node.slurm,,,other,443,9399e4790db2a82da22063cf7d22ab649268f555943a4b6597e90bcd3eb3bb15
commensurate/calc/twisted_sto_angles/theta_09p53_m12_n1_clean/submit_theta09_stable_localTF_b001.slurm,,,other,482,226c9a12521ff357d159d1bc06de09177367fc89a0aac67f147c8c7e567e8acd
commensurate/calc/twisted_sto_angles/theta_09p53_m12_n1_clean/twisted.xyz,,,other,77461,f260e0d4c09181e6525b7d01f43919bbe1b2b0a122587ad66ff7900cd1148f0b
commensurate/calc/twisted_sto_angles/theta_11p42_m10_n1_clean/POSCAR_twisted.vasp,,,other,52769,6f1d0fbec97b9aad1ecb4f4f71b175a0b2ea4ca9f63cae8a6e3dd6fa09e56724
commensurate/calc/twisted_sto_angles/theta_11p42_m10_n1_clean/relax_theta11_clean.in,,,qe_input,51618,22797f82e68f57a75d156557a6873d93b7e1b694f6ba7ff3d35cfaa55436efad
commensurate/calc/twisted_sto_angles/theta_11p42_m10_n1_clean/relax_theta_11p42_m10_n1.in,,,qe_input,51511,d7049935a16047d2fe8a4aac925dbfbf9ab026e27963fd9dbce6aa62d36c39eb
commensurate/calc/twisted_sto_angles/theta_11p42_m10_n1_clean/scf_theta11_clean.in,,,qe_input,51558,0077e44f8e55fc9fc4a1d6d8525e47a962c72193784dec3e8de0254238c091e7
commensurate/calc/twisted_sto_angles/theta_11p42_m10_n1_clean/scf_theta11_clean.out,,,qe_output,185595,9610280435e4e454c86a49f512719fac3819e8cbb6a124d2331d91af54f8bcd0
commensurate/calc/twisted_sto_angles/theta_11p42_m10_n1_clean/scf_theta11_clean_r2.in,,,qe_input,51566,38cfd40535bfbb50eb456c13176efa7dd2045bc1ddaf6e42301d3604a45c3fdb
commensurate/calc/twisted_sto_angles/theta_11p42_m10_n1_clean/scf_theta11_clean_r2.out,,,qe_output,150050,0ac0ea0adf74f3c93525b229a51bba0f77a6e30bc610e7cc58f6464abafc4f84
commensurate/calc/twisted_sto_angles/theta_11p42_m10_n1_clean/scf_theta_11p42_m10_n1.in,,,qe_input,51449,96ace45c5bdd7d202d561215a209e9608bc5b1bd1d25ba503744ae863c7ac0db
commensurate/calc/twisted_sto_angles/theta_11p42_m10_n1_clean/script_relax.sh,,,other,568,8ce7b19a7bab76017d7a4629d8a23963c1feabcfe49901eca1122a9d4ee08c8b
commensurate/calc/twisted_sto_angles/theta_11p42_m10_n1_clean/sto11-scf-r2.58691799.err,,,other,770,ec0c82424d97dff8d986b8c53f608daad0c116c27c6c0adbaeb4bc9de27d2670
commensurate/calc/twisted_sto_angles/theta_11p42_m10_n1_clean/sto11-scf-r2.58691799.out,,,qe_output,0,e3b0c44298fc1c149afbf4c8996fb92427ae41e4649b934ca495991b7852b855
commensurate/calc/twisted_sto_angles/theta_11p42_m10_n1_clean/sto11-scf.58069058.err,,,other,14652,d388a7c8dd16e28da06fc0aff66da5d7a9ceac1657b934381d8840640ad29254
commensurate/calc/twisted_sto_angles/theta_11p42_m10_n1_clean/sto11-scf.58069058.out,,,qe_output,0,e3b0c44298fc1c149afbf4c8996fb92427ae41e4649b934ca495991b7852b855
commensurate/calc/twisted_sto_angles/theta_11p42_m10_n1_clean/submit_theta11_scf_16node.slurm,,,other,443,3923c6b09f198812cf3d9dfca115f488458e6449172cfa7b48af8a1a9faf56bf
commensurate/calc/twisted_sto_angles/theta_11p42_m10_n1_clean/submit_theta11_scf_r2.slurm,,,other,457,ba08d682a483303f94b6b720221496dd56b18a6d8d755efc40cee49f44ebffa2
commensurate/calc/twisted_sto_angles/theta_11p42_m10_n1_clean/twisted.xyz,,,other,53965,8b579eb6bce57797a339f5b9ca87670171601c192e8d7542d31137e8c5d78ff0
commensurate/calc/twisted_sto_angles/theta_12p68_m9_n1_clean/POSCAR_twisted.vasp,,,other,42888,d0f525129dd9ecdcc9c7c435d5f88f257fc0543f986ec67b6fe48ee3fb2899b3
commensurate/calc/twisted_sto_angles/theta_12p68_m9_n1_clean/kmesh_test/scf_theta12_k1.in,,,qe_input,42015,5fb4756ea251572136dd2ba30d995e578000cd9e881ecc402e0ee760fcb5b222
commensurate/calc/twisted_sto_angles/theta_12p68_m9_n1_clean/kmesh_test/scf_theta12_k1.out,,,qe_output,123664,e856b33f4795141a9e974f554a9e2b5195bf690d5be4fc7a43228eddd11667ab
commensurate/calc/twisted_sto_angles/theta_12p68_m9_n1_clean/kmesh_test/scf_theta12_k1_8node.in,,,qe_input,42028,d4c74da6b1ef7bea906e7d528b423a3c260d52286da159246d068108d1c1efe0
commensurate/calc/twisted_sto_angles/theta_12p68_m9_n1_clean/kmesh_test/scf_theta12_k2.in,,,qe_input,42015,1aa240bb25008c085a684b67dbc6dc43cb5418c21af77df95b65e08ddd510820
commensurate/calc/twisted_sto_angles/theta_12p68_m9_n1_clean/kmesh_test/script_k1.sh,,,other,522,d7171d4154ddac7317ccbb7626deb319d2451e2038ee6b7d02960d603a871f10
commensurate/calc/twisted_sto_angles/theta_12p68_m9_n1_clean/kmesh_test/script_k2.sh,,,other,522,839b37bc10be3cfa5e1c9a3dda7606560798900597c5cc8a0d349077083daeb8
commensurate/calc/twisted_sto_angles/theta_12p68_m9_n1_clean/kmesh_test/sto12-k1.57699779.err,,,other,1148,6a7f38a3780d0eb9557ddf5e59abb8b658f71b0b0747f5024b1100b261570ffd
commensurate/calc/twisted_sto_angles/theta_12p68_m9_n1_clean/kmesh_test/sto12-k1.57699779.out,,,qe_output,0,e3b0c44298fc1c149afbf4c8996fb92427ae41e4649b934ca495991b7852b855
commensurate/calc/twisted_sto_angles/theta_12p68_m9_n1_clean/relax_theta_12p68_m9_n1.in,,,qe_input,42009,13b243d3649f05d139dc4f7d68f0b74279d93767fc479d68904da03ca6bfec12
commensurate/calc/twisted_sto_angles/theta_12p68_m9_n1_clean/scf_theta12_clean.in,,,qe_input,42058,c5e18626084744f3cde6e23907d1e146f445c5f17af09dc302a86197613a782e
commensurate/calc/twisted_sto_angles/theta_12p68_m9_n1_clean/scf_theta12_clean.out,,,qe_output,186495,8449c2a76124b824e905078ceee2453ea1e7d68525360c05c8b86d3c7154c559
commensurate/calc/twisted_sto_angles/theta_12p68_m9_n1_clean/scf_theta12_clean_r2.in,,,qe_input,42066,d56a2ef95edd2af7f03c89a79513d747c55140733a436792a48cd34fdb352675
commensurate/calc/twisted_sto_angles/theta_12p68_m9_n1_clean/scf_theta12_clean_r2.out,,,qe_output,123672,f71601c5d05a997ffce3fbdb99c98bb19362b2fcd2e91f5c0ee37df8718e589e
commensurate/calc/twisted_sto_angles/theta_12p68_m9_n1_clean/scf_theta_12p68_m9_n1.in,,,qe_input,41947,a25cd144aa197067471db2d3d3afcc3ede0a53c15da2e1b8b5e02aeaf8ba35bc
commensurate/calc/twisted_sto_angles/theta_12p68_m9_n1_clean/script_relax.sh,,,other,564,d58977c722e435e039f8af5ba710916b1903cdaa798c3ee0ac4a0364a7487f23
commensurate/calc/twisted_sto_angles/theta_12p68_m9_n1_clean/sto12-scf-r2.58691757.err,,,other,770,706f58bdb9c1876d1f191c82b95890b85e9f95f48e1dbe0b0c7fede25c5a5bc1
commensurate/calc/twisted_sto_angles/theta_12p68_m9_n1_clean/sto12-scf-r2.58691757.out,,,qe_output,0,e3b0c44298fc1c149afbf4c8996fb92427ae41e4649b934ca495991b7852b855
commensurate/calc/twisted_sto_angles/theta_12p68_m9_n1_clean/sto12-scf.58068848.err,,,other,14652,d388a7c8dd16e28da06fc0aff66da5d7a9ceac1657b934381d8840640ad29254
commensurate/calc/twisted_sto_angles/theta_12p68_m9_n1_clean/sto12-scf.58068848.out,,,qe_output,0,e3b0c44298fc1c149afbf4c8996fb92427ae41e4649b934ca495991b7852b855
commensurate/calc/twisted_sto_angles/theta_12p68_m9_n1_clean/submit_theta12_scf_8node.slurm,,,other,442,0373b37f892fdfab8975d7b1f50a577f85e75d59a946f6f14f6d7db3bd55359e
commensurate/calc/twisted_sto_angles/theta_12p68_m9_n1_clean/submit_theta12_scf_r2.slurm,,,other,457,1c588ceab8d660e421b78e1a36431dfdab1371c0d61f694959af4dee4c564f23
commensurate/calc/twisted_sto_angles/theta_12p68_m9_n1_clean/twisted.xyz,,,other,43818,c756a652be0257dd228be9032b69b48266ac13e743998ff216409926b5ee4d1a
commensurate/calc/twisted_sto_angles/theta_14p25_m8_n1_clean/POSCAR_twisted.vasp,,,other,34048,5c78b53e12815a079ac203bdea5fb769ce1b6062be5e093fc294ec4d17c263c9
commensurate/calc/twisted_sto_angles/theta_14p25_m8_n1_clean/grep,,,other,0,e3b0c44298fc1c149afbf4c8996fb92427ae41e4649b934ca495991b7852b855
commensurate/calc/twisted_sto_angles/theta_14p25_m8_n1_clean/make_theta14_scf_r2.py,,,other,1436,899e38079cfdbad361a29e6c45f7c4d109b79ac0f8f1360c774d2e2df7ad6b6e
commensurate/calc/twisted_sto_angles/theta_14p25_m8_n1_clean/relax_theta14_from_converged_scf_r1.in,,,qe_input,33624,5eb90bbed9f1d9c666f91dffcec42644a6b6693a9acae9f0b4ca4dfa7677853c
commensurate/calc/twisted_sto_angles/theta_14p25_m8_n1_clean/relax_theta14_from_converged_scf_r1.out,,,qe_output,860468,368602dbb08e282f6b5252a5adbadd8dbf416366238d610871c9db85c07217b3
commensurate/calc/twisted_sto_angles/theta_14p25_m8_n1_clean/relax_theta_14p25_m8_n1.in,,,qe_input,33503,762106ca0ef98e2e3414a96602e815dc5b44289f03ccc91828d1f84aafe770c5
commensurate/calc/twisted_sto_angles/theta_14p25_m8_n1_clean/run_scf_theta14_2node_new.sh,,,other,1078,45f1735a91a4b901bbf760f924009cb1dd6d05e895c3b384035d7df539927452
commensurate/calc/twisted_sto_angles/theta_14p25_m8_n1_clean/run_scf_theta14_4node_new.sh,,,other,622,4c72919c5640ad045d3e9a9577fe5c53725240600ea7c30c7cbe18a26b5af08e
commensurate/calc/twisted_sto_angles/theta_14p25_m8_n1_clean/run_scf_theta14_b0005_smearing_4node.sh,,,other,644,5fd1744898fda8ba21dc55e914034a703f6481c2f760e760ebfa8c09b855dfb7
commensurate/calc/twisted_sto_angles/theta_14p25_m8_n1_clean/run_scf_theta14_clean_qe75_density_4node.sh,,,other,648,47efe09912f601d9dda0c36b3b89214ab5ffcf2d620a2177895f15c034bb9b3c
commensurate/calc/twisted_sto_angles/theta_14p25_m8_n1_clean/run_theta14_nbnd3120_qe75.slurm,,,other,525,761c4f202c2f81a62792744f5ca5f04550386cce4012083dd27411dc9e04dfe0
commensurate/calc/twisted_sto_angles/theta_14p25_m8_n1_clean/scf_theta14_2node_new.in,,,qe_input,33491,013a0e62ba2f932d97759ded8b2fd37972335ba8d1542baf09159e2342f73ab4
commensurate/calc/twisted_sto_angles/theta_14p25_m8_n1_clean/scf_theta14_2node_new.out,,,qe_output,150548,267bf244c38fe75ba3ddfc87040f1f2e5a55f0e0c1f66dd590ba8bf7d0cb065e
commensurate/calc/twisted_sto_angles/theta_14p25_m8_n1_clean/scf_theta14_4node_new.out,,,qe_output,151351,a88914ae76da5c160d944f62f7f0fdd6df1652648943118ae243ea41e6d71e53
commensurate/calc/twisted_sto_angles/theta_14p25_m8_n1_clean/scf_theta14_b0005_smearing_4node.in,,,qe_input,33594,ecd81aa8392304bd6219a050d45addf772d42e7f84aaac4af925d2ddf6225f51
commensurate/calc/twisted_sto_angles/theta_14p25_m8_n1_clean/scf_theta14_b0005_smearing_4node.out,,,qe_output,180249,dcf550e81ee41a2a7798913a4f8811eeca195993dbdc4f9f13b07b29d6dc8604
commensurate/calc/twisted_sto_angles/theta_14p25_m8_n1_clean/scf_theta14_clean_qe75_density.in,,,qe_input,33591,d37b060890ac8db133a5b37c0657988be6cff79385d64a2671d0a6742c5223a9
commensurate/calc/twisted_sto_angles/theta_14p25_m8_n1_clean/scf_theta14_clean_qe75_density.out,,,qe_output,178679,da4056b94b2c5334e9c302b90d52408077345d4eee9edb19f2aa77e268c96e07
commensurate/calc/twisted_sto_angles/theta_14p25_m8_n1_clean/scf_theta14_clean_qe75_nbnd3120.in,,,qe_input,33587,b8ca17cc78b961e7b1d3be547b22547525809f71075b459e96924c1a28fdc54e
commensurate/calc/twisted_sto_angles/theta_14p25_m8_n1_clean/scf_theta14_clean_qe75_nbnd3120.out,,,qe_output,200727,7f71a60c32ef7baa3a7881c81930c604c6c1118fdfdc7e1a6e404318eace8784
commensurate/calc/twisted_sto_angles/theta_14p25_m8_n1_clean/scf_theta14_clean_qe75_nbnd3120_r2.in,,,qe_input,33590,655311d64989617bfb3a3219e445d7016fa24452b7635df2216e40ec87c22f41
commensurate/calc/twisted_sto_angles/theta_14p25_m8_n1_clean/scf_theta14_clean_qe75_nbnd3120_r2.out,,,qe_output,192502,452136363177a4f5be139760b121d3e485fa18e3fa1a7f9b976db3ec39c4bab9
commensurate/calc/twisted_sto_angles/theta_14p25_m8_n1_clean/scf_theta14_clean_qe75_nbnd3120_r3.in,,,qe_input,33596,5ae6a31ee418395c83bacc9bbd57bc7718288d42047ea44327076f1ed4d21856
commensurate/calc/twisted_sto_angles/theta_14p25_m8_n1_clean/scf_theta14_clean_qe75_nbnd3120_r3.out,,,qe_output,800090,90f24a82296a8de288542b79c38ae024bbb11555bf40252ffef6b9b798157e6c
commensurate/calc/twisted_sto_angles/theta_14p25_m8_n1_clean/scf_theta_14p25_m8_n1.in,,,qe_input,33443,b91292982b04b4317c55eadb54777f0c5ade28800b80f459b074a1cf85ef249a
commensurate/calc/twisted_sto_angles/theta_14p25_m8_n1_clean/script_relax.sh,,,other,565,27b59dc6721e6f307c9efda331ff1993ae856ee0e6c4612c888ad02d045faac4
commensurate/calc/twisted_sto_angles/theta_14p25_m8_n1_clean/script_scf_relax.sh,,,other,781,e5ff40f7019e6e20bff8dc7d6f0a8f5c3bde00c4574b3b4b7ffb12b95de56ae1
commensurate/calc/twisted_sto_angles/theta_14p25_m8_n1_clean/sed,,,other,0,e3b0c44298fc1c149afbf4c8996fb92427ae41e4649b934ca495991b7852b855
commensurate/calc/twisted_sto_angles/theta_14p25_m8_n1_clean/sto14-b0005-sm4n.57016907.err,,,other,12348,95cf645d4ba5ebc427d71641ab43bb4d3f7a2e561379f1b724881d20e0102e5a
commensurate/calc/twisted_sto_angles/theta_14p25_m8_n1_clean/sto14-b0005-sm4n.57016907.out,,,qe_output,0,e3b0c44298fc1c149afbf4c8996fb92427ae41e4649b934ca495991b7852b855
commensurate/calc/twisted_sto_angles/theta_14p25_m8_n1_clean/sto14-qe75-dens.57670497.err,,,other,15030,5b8ff6a0966f19b84950de884aa9d8cf07ececdb4f61aa8f2ca628987cdbd76f
commensurate/calc/twisted_sto_angles/theta_14p25_m8_n1_clean/sto14-qe75-dens.57670497.out,,,qe_output,0,e3b0c44298fc1c149afbf4c8996fb92427ae41e4649b934ca495991b7852b855
commensurate/calc/twisted_sto_angles/theta_14p25_m8_n1_clean/sto14-rx-r1.58692810.err,,,other,14652,d388a7c8dd16e28da06fc0aff66da5d7a9ceac1657b934381d8840640ad29254
commensurate/calc/twisted_sto_angles/theta_14p25_m8_n1_clean/sto14-rx-r1.58692810.out,,,qe_output,0,e3b0c44298fc1c149afbf4c8996fb92427ae41e4649b934ca495991b7852b855
commensurate/calc/twisted_sto_angles/theta_14p25_m8_n1_clean/sto14-scf-2n-new.55171345.err,,,other,518,329137e4ff5bc22969cde59289cbf2eaf678cc4dbc7208e1e2f33312b9593f78
commensurate/calc/twisted_sto_angles/theta_14p25_m8_n1_clean/sto14-scf-2n-new.55171345.out,,,qe_output,250,1934705258c09287c2a2c87a3cc0fe2cc0d11c5b33f3bac5e138c5487722d414
commensurate/calc/twisted_sto_angles/theta_14p25_m8_n1_clean/sto14-scf-4n-new.55470482.err,,,other,771,db8f9ffd20bea5e73f7e287be081727103bf188fe5dee945e59197af023063bc
commensurate/calc/twisted_sto_angles/theta_14p25_m8_n1_clean/sto14-scf-4n-new.55470482.out,,,qe_output,0,e3b0c44298fc1c149afbf4c8996fb92427ae41e4649b934ca495991b7852b855
commensurate/calc/twisted_sto_angles/theta_14p25_m8_n1_clean/sto14-scf-r2.58068778.err,,,other,14652,d388a7c8dd16e28da06fc0aff66da5d7a9ceac1657b934381d8840640ad29254
commensurate/calc/twisted_sto_angles/theta_14p25_m8_n1_clean/sto14-scf-r2.58068778.out,,,qe_output,0,e3b0c44298fc1c149afbf4c8996fb92427ae41e4649b934ca495991b7852b855
commensurate/calc/twisted_sto_angles/theta_14p25_m8_n1_clean/sto14-scf-r3.58467869.err,,,other,14652,d388a7c8dd16e28da06fc0aff66da5d7a9ceac1657b934381d8840640ad29254
commensurate/calc/twisted_sto_angles/theta_14p25_m8_n1_clean/sto14-scf-r3.58467869.out,,,qe_output,0,e3b0c44298fc1c149afbf4c8996fb92427ae41e4649b934ca495991b7852b855
commensurate/calc/twisted_sto_angles/theta_14p25_m8_n1_clean/sto14-scf.57774060.err,,,other,14652,d388a7c8dd16e28da06fc0aff66da5d7a9ceac1657b934381d8840640ad29254
commensurate/calc/twisted_sto_angles/theta_14p25_m8_n1_clean/sto14-scf.57774060.out,,,qe_output,0,e3b0c44298fc1c149afbf4c8996fb92427ae41e4649b934ca495991b7852b855
commensurate/calc/twisted_sto_angles/theta_14p25_m8_n1_clean/submit_theta14_relax_r1.slurm,,,other,484,775cdaf301e26c36f07fa9c17d5f1113f3e92e74b35b06caa56c0dc9762a0623
commensurate/calc/twisted_sto_angles/theta_14p25_m8_n1_clean/submit_theta14_scf_r2_qe75.slurm,,,other,485,e5205789c220e579a099f93c5c9362d01d0198b5ac641598bbbb16ba82dd8774
commensurate/calc/twisted_sto_angles/theta_14p25_m8_n1_clean/submit_theta14_scf_r3_qe75.slurm,,,other,485,0a0ca68248685441e59134776d30366e1404f09479bcd282b6230df4485a56a2
commensurate/calc/twisted_sto_angles/theta_14p25_m8_n1_clean/twisted.xyz,,,other,34740,4cb4d2d01a7e9b1f58484a2e7a0ccda445d9c28085d709890aa246089053249f
commensurate/calc/twisted_sto_angles/theta_16p26_m7_n1_clean/POSCAR_twisted.vasp,,,other,26248,6ce6fe78ed4078975a62e0f95228cb468e9f4af95c864dc6ec0520f9e44af810
commensurate/calc/twisted_sto_angles/theta_16p26_m7_n1_clean/cd,,,other,0,e3b0c44298fc1c149afbf4c8996fb92427ae41e4649b934ca495991b7852b855
commensurate/calc/twisted_sto_angles/theta_16p26_m7_n1_clean/ls,,,other,0,e3b0c44298fc1c149afbf4c8996fb92427ae41e4649b934ca495991b7852b855
commensurate/calc/twisted_sto_angles/theta_16p26_m7_n1_clean/relax_theta_16p26_m7_n1.in,,,qe_input,26003,5ec3f247b08b08df730b7e6d6ae915e6e35f17d177aea6e72df71c13404965af
commensurate/calc/twisted_sto_angles/theta_16p26_m7_n1_clean/scf_theta_16p26_m7_n1.in,,,qe_input,25943,3389e18450839f0247193e84ea0392d4dd5c4dd05d73afb8d1cf074814ef1881
commensurate/calc/twisted_sto_angles/theta_16p26_m7_n1_clean/scf_theta_16p26_m7_n1.out,,,qe_output,78675,363c494658d7280dd482f153ec0600d14296df34afdbc745f2fcde1ac657002f
commensurate/calc/twisted_sto_angles/theta_16p26_m7_n1_clean/script_relax.sh,,,other,565,4d181ee190eaa6e9ad068dc2c438366c9e5697a945cb814daebcd7042f160869
commensurate/calc/twisted_sto_angles/theta_16p26_m7_n1_clean/script_scf_relax.sh,,,other,804,29c689321ebd25abdc27398162be365e1d4f9a6032712303b76e2e1f02cf9391
commensurate/calc/twisted_sto_angles/theta_16p26_m7_n1_clean/sto-16p26-scf-relax.50992449.err,,,other,392,b7526fc0e7c075e94eacd9544a1fca3d605021679073a29da2545148f446456c
commensurate/calc/twisted_sto_angles/theta_16p26_m7_n1_clean/sto-16p26-scf-relax.50992449.out,,,qe_output,44,2395bc28f2311b30ff81c881d229ce3ddf72e18804ca6150a586c0681067ae77
commensurate/calc/twisted_sto_angles/theta_16p26_m7_n1_clean/test_calculation/scf_theta16m7_b0005_plain.in,,,qe_input,26028,fec752ad81a1feb6cfd6dabb5c2587bb7366756994f7727c9a6d088f7734ce8d
commensurate/calc/twisted_sto_angles/theta_16p26_m7_n1_clean/test_calculation/scf_theta16m7_b0005_plain.out,,,qe_output,78679,677a786e547c6c5c0e7c607a8e3bd019e6a14d609d4af79f19d94f50e9665a65
commensurate/calc/twisted_sto_angles/theta_16p26_m7_n1_clean/test_calculation/scf_theta16m7_b0005_smearing_plain.in,,,qe_input,26073,6462f100ab6af12bede1b588ff4b0fb2394ce651a1ad103a62215b16b91ac79d
commensurate/calc/twisted_sto_angles/theta_16p26_m7_n1_clean/test_calculation/scf_theta16m7_b0005_smearing_plain.out,,,qe_output,78738,85484472b2083c7fa04c8cdda0b16eb0f4258c86337c6cd02e229499bbb4f822
commensurate/calc/twisted_sto_angles/theta_16p26_m7_n1_clean/test_calculation/scf_theta16m7_b001_plain.in,,,qe_input,26026,5a5e525076879eebc5a16ad003ffd1510238b4dfb0a1b9a34b2e7161211de346
commensurate/calc/twisted_sto_angles/theta_16p26_m7_n1_clean/test_calculation/scf_theta16m7_b001_plain.out,,,qe_output,78678,de8be255bc96ff620fd822ff32fc5701ea1e25c42e1bedb26a2ba909e8d180d8
commensurate/calc/twisted_sto_angles/theta_16p26_m7_n1_clean/test_calculation/script_theta16m7_b0005_plain.sh,,,other,680,888ff445ceacc1999c17712d0eb732dee14ca15d0ae6620c96f4d095ecd1d231
commensurate/calc/twisted_sto_angles/theta_16p26_m7_n1_clean/test_calculation/script_theta16m7_b0005_smearing_plain.sh,,,other,698,ff7536f89ad8870658d1a2c6f1c31efa377ef78515506ab8823ef943ca96007e
commensurate/calc/twisted_sto_angles/theta_16p26_m7_n1_clean/test_calculation/script_theta16m7_b001_plain.sh,,,other,677,bcb6006c45ca18d2d7de79881397d691d88b54f19cbb830964d273d926b91071
commensurate/calc/twisted_sto_angles/theta_16p26_m7_n1_clean/test_calculation/theta16m7_summary_latest.txt,,,other,417,6509341d1565e33fbf62be505ae576853dca9ae49e93736b98a5dd71960be6bd
commensurate/calc/twisted_sto_angles/theta_16p26_m7_n1_clean/test_calculation/two_node_tests/echo,,,other,0,e3b0c44298fc1c149afbf4c8996fb92427ae41e4649b934ca495991b7852b855
commensurate/calc/twisted_sto_angles/theta_16p26_m7_n1_clean/test_calculation/two_node_tests/input_tmp.in,,,qe_input,1,01ba4719c80b6fe911b091a7c05124b64eeece964e09c058ef8f9805daca546b
commensurate/calc/twisted_sto_angles/theta_16p26_m7_n1_clean/test_calculation/two_node_tests/make_theta16_r3.py,,,other,2491,9d1f80bc9e4c13c3ae8b1cc5286f2e25815ee587115a44a88d049126d3afa486
commensurate/calc/twisted_sto_angles/theta_16p26_m7_n1_clean/test_calculation/two_node_tests/relax_theta16m7_from_converged_qe75.in,,,qe_input,26151,6724b9e6409cedf9f384ceb6fd5a96c82d2890f07fab2df46bdf7741d89fd3d3
commensurate/calc/twisted_sto_angles/theta_16p26_m7_n1_clean/test_calculation/two_node_tests/relax_theta16m7_from_converged_qe75.out,,,qe_output,719458,f6bd8d93e16d877a67b916a8869d88bfefa0dfd8d3c4f0530b4bf9bbd838cf54
commensurate/calc/twisted_sto_angles/theta_16p26_m7_n1_clean/test_calculation/two_node_tests/relax_theta16m7_from_converged_qe75_r2.in,,,qe_input,26154,570e1ccb47d83ec888f812bb87e87093ea30683aaf6363703d46c95cb5251db7
commensurate/calc/twisted_sto_angles/theta_16p26_m7_n1_clean/test_calculation/two_node_tests/relax_theta16m7_from_converged_qe75_r2.out,,,qe_output,118263,c86dbc3d40299d1c53993aca33fb8d1782827504146984678b56e812adfe84d8
commensurate/calc/twisted_sto_angles/theta_16p26_m7_n1_clean/test_calculation/two_node_tests/relax_theta16m7_from_converged_qe75_r3.in,,,qe_input,36151,98aa4cfd3341eab201481e6436bbdc912706708398a1d82698d7dd6e032b8891
commensurate/calc/twisted_sto_angles/theta_16p26_m7_n1_clean/test_calculation/two_node_tests/relax_theta16m7_from_converged_qe75_r3.out,,,qe_output,724661,92db39d31db9cec694d6b964f8e7d2f4dc95ef1e33db7796cd970bd896c6e422
commensurate/calc/twisted_sto_angles/theta_16p26_m7_n1_clean/test_calculation/two_node_tests/relax_theta16m7_from_converged_qe75_r4.in,,,qe_input,36225,f37426a294bff447237f7450b400d1b47fe22ad3e7d9ed1d0ae7b206acece8b4
commensurate/calc/twisted_sto_angles/theta_16p26_m7_n1_clean/test_calculation/two_node_tests/relax_theta16m7_from_converged_qe75_r4.out,,,qe_output,730437,46fcf7ffb9d726e7f337547b4629b2dc2585e8264eaf4a1a2a16510eb3822252
commensurate/calc/twisted_sto_angles/theta_16p26_m7_n1_clean/test_calculation/two_node_tests/relax_theta16m7_from_converged_qe75_r5.in,,,qe_input,24426,b4f54825d24498c41f21639077c7fd86d36968f4722a68783642397c741a338a
commensurate/calc/twisted_sto_angles/theta_16p26_m7_n1_clean/test_calculation/two_node_tests/relax_theta16m7_from_converged_qe75_r5.out,,,qe_output,1251161,85bbb60504c1195bb5a7001620211fdaf34aa5e235a27dbb68920e86f2fe76ef
commensurate/calc/twisted_sto_angles/theta_16p26_m7_n1_clean/test_calculation/two_node_tests/relax_theta16m7_from_converged_qe75_r6.in,,,qe_input,36226,319a84a28e04b5a01b944280c05e4b4b09df65d81953477f991e7aeaca3a2820
commensurate/calc/twisted_sto_angles/theta_16p26_m7_n1_clean/test_calculation/two_node_tests/relax_theta16m7_from_converged_qe75_r6.out,,,qe_output,730111,f98cd03a054ec0d555c3f9f04379af4fb68934fb83ae3d83c74b032901df0b78
commensurate/calc/twisted_sto_angles/theta_16p26_m7_n1_clean/test_calculation/two_node_tests/scf_theta16m7_b0005_plain_2node.in,,,qe_input,26058,f65f4a7eaa6582f960d1dfc14e36868acc8d53b27c417565751fbe2c60356443
commensurate/calc/twisted_sto_angles/theta_16p26_m7_n1_clean/test_calculation/two_node_tests/scf_theta16m7_b0005_plain_2node.out,,,qe_output,118987,b996f9b2b518af08632cd3d9a2f0768979c166f6f14050d19243adb50137522a
commensurate/calc/twisted_sto_angles/theta_16p26_m7_n1_clean/test_calculation/two_node_tests/scf_theta16m7_b0005_smearing_plain_2node.in,,,qe_input,26103,9a385a066f9a8b0ac89792066f77827740755f849db9c886dbb379b750dfa542
commensurate/calc/twisted_sto_angles/theta_16p26_m7_n1_clean/test_calculation/two_node_tests/scf_theta16m7_b0005_smearing_plain_2node.out,,,qe_output,119046,b6ba83ee1c7f762b4198d0690087a9fe80f8688cf7e7364648f0eb7bd4c04205
commensurate/calc/twisted_sto_angles/theta_16p26_m7_n1_clean/test_calculation/two_node_tests/scf_theta16m7_b0005_smearing_plain_4node.in,,,qe_input,26103,3761671f90980bfff6b1403f64b38e898eadd142b3ce650af50c8729ab16dfc6
commensurate/calc/twisted_sto_angles/theta_16p26_m7_n1_clean/test_calculation/two_node_tests/scf_theta16m7_b0005_smearing_plain_4node.out,,,qe_output,0,e3b0c44298fc1c149afbf4c8996fb92427ae41e4649b934ca495991b7852b855
commensurate/calc/twisted_sto_angles/theta_16p26_m7_n1_clean/test_calculation/two_node_tests/scf_theta16m7_b0005_smearing_plain_4node_restart.in,,,qe_input,26127,6caa1ed957854fe5184cbbb61e95c78c2574c5857f8cd32690fbf1e8c2e9cb07
commensurate/calc/twisted_sto_angles/theta_16p26_m7_n1_clean/test_calculation/two_node_tests/scf_theta16m7_b0005_smearing_plain_4node_restart.out,,,qe_output,118293,83e7274c2616bcd0c5d9b40256942189f754f2a1ba0f2bd97f19adfdd2d3ace8
commensurate/calc/twisted_sto_angles/theta_16p26_m7_n1_clean/test_calculation/two_node_tests/scf_theta16m7_b001_plain_2node.in,,,qe_input,26056,0d469c2aadfdb812db35a819311d8653a17d139c922888d882fe25e99ca9470a
commensurate/calc/twisted_sto_angles/theta_16p26_m7_n1_clean/test_calculation/two_node_tests/scf_theta16m7_b001_plain_2node.out,,,qe_output,118986,14438dc09d106e6d7a92310f17c1e10b2bd44d073b3b095c02e1a42f9e08f994
commensurate/calc/twisted_sto_angles/theta_16p26_m7_n1_clean/test_calculation/two_node_tests/scf_theta16m7_qe75_density_start.in,,,qe_input,26100,a03ead7ad1bde1ad40d5e5e3bee3ea9a4025806f2bba578c02fa414571ec0ec2
commensurate/calc/twisted_sto_angles/theta_16p26_m7_n1_clean/test_calculation/two_node_tests/scf_theta16m7_qe75_density_start.out,,,qe_output,629846,1b65a728b0720a5aa50305f52767bde6b29fa614ff064a75974619efaea2ebbe
commensurate/calc/twisted_sto_angles/theta_16p26_m7_n1_clean/test_calculation/two_node_tests/script_theta16m7_b0005_plain_2node.sh,,,other,819,499db32d59e858a8af258863a12ff0e15848b7f79280061db337cad87c10bf31
commensurate/calc/twisted_sto_angles/theta_16p26_m7_n1_clean/test_calculation/two_node_tests/script_theta16m7_b0005_smearing_plain_2node.sh,,,other,845,30b66890be4d0854480c7a73cba66971172cb2547f28057b9da31b0de2f761da
commensurate/calc/twisted_sto_angles/theta_16p26_m7_n1_clean/test_calculation/two_node_tests/script_theta16m7_b0005_smearing_plain_4node.sh,,,other,845,e327528b116e2c6e76a63596adb9b35a1b0f639b9fd9df9e0b9500ff425f5251
commensurate/calc/twisted_sto_angles/theta_16p26_m7_n1_clean/test_calculation/two_node_tests/script_theta16m7_b0005_smearing_plain_4node_restart.sh,,,other,875,73b7648f77d0108117bbb776b899e8d61fad290eb9a9f0139f76b92b1941a296
commensurate/calc/twisted_sto_angles/theta_16p26_m7_n1_clean/test_calculation/two_node_tests/script_theta16m7_b001_plain_2node.sh,,,other,814,c56dc4ed6d276288be01f0a715b129a998da05577cfeaa7e341ab086f169d024
commensurate/calc/twisted_sto_angles/theta_16p26_m7_n1_clean/test_calculation/two_node_tests/script_theta16m7_qe75_density_start_4node_48h.sh,,,other,840,67109abb6baa4fe2e0de0e083fd0fbd2c06dd074932f10cd1ca888f9ba61fb97
commensurate/calc/twisted_sto_angles/theta_16p26_m7_n1_clean/test_calculation/two_node_tests/script_theta16m7_relax_qe75_4node_48h.sh,,,other,678,ff3426de1254eeda27d7f4cf6131032aee93c97508cefc513508ca9827f69d99
commensurate/calc/twisted_sto_angles/theta_16p26_m7_n1_clean/test_calculation/two_node_tests/script_theta16m7_relax_qe75_r2_4node_48h.sh,,,other,682,1e0bf6834562453c34ecb602980147172ad638f42967c97cd9afab6c4f68c134
commensurate/calc/twisted_sto_angles/theta_16p26_m7_n1_clean/test_calculation/two_node_tests/sto16-b0005-2n.54252783.err,,,other,519,b4620f7eef919bed17c9ce978684aa345e44db79c39319a13c2d4af2d5c54b71
commensurate/calc/twisted_sto_angles/theta_16p26_m7_n1_clean/test_calculation/two_node_tests/sto16-b0005-2n.54252783.out,,,qe_output,174,a642b1196047852a593c2e0687f3ed6f10ffecadb261a31fec6c37000c7d741b
commensurate/calc/twisted_sto_angles/theta_16p26_m7_n1_clean/test_calculation/two_node_tests/sto16-b0005-sm2n.54252782.err,,,other,518,8e4d5fb7f9c71626fb837c4214bd33e6f0e351122cbdb831cbaf66fc62a53346
commensurate/calc/twisted_sto_angles/theta_16p26_m7_n1_clean/test_calculation/two_node_tests/sto16-b0005-sm2n.54252782.out,,,qe_output,180,4a7ef706d5d2ebce1799493a55b4defeb5a36b1dd809a0a41d0212499fbf30fa
commensurate/calc/twisted_sto_angles/theta_16p26_m7_n1_clean/test_calculation/two_node_tests/sto16-b0005-sm4n-r2.57281525.err,,,other,10286,69616462677b3226e569572e75875963606406c5597fc33dd43ae3b91f2796de
commensurate/calc/twisted_sto_angles/theta_16p26_m7_n1_clean/test_calculation/two_node_tests/sto16-b0005-sm4n-r2.57281525.out,,,qe_output,180,536c4d833208560382f24cc7be9579e3c16f5f1beefcec9db6e3064f91840352
commensurate/calc/twisted_sto_angles/theta_16p26_m7_n1_clean/test_calculation/two_node_tests/sto16-b0005-sm4n-r2.57282103.err,,,other,10075,31698dcdeec38774041415ceafc843ce1a6a5dbb07e04d04c0b9977f728d2037
commensurate/calc/twisted_sto_angles/theta_16p26_m7_n1_clean/test_calculation/two_node_tests/sto16-b0005-sm4n-r2.57282103.out,,,qe_output,180,edfb3895eb72d8531a8d504055a88dd579410ce4bb4fa35a8e2af12b237ff867
commensurate/calc/twisted_sto_angles/theta_16p26_m7_n1_clean/test_calculation/two_node_tests/sto16-b0005-sm4n-r2.57363423.err,,,other,750,0f58cf375a5c828d58cf1aa9f8d90e67aa081750f9037448c605d3624be05b23
commensurate/calc/twisted_sto_angles/theta_16p26_m7_n1_clean/test_calculation/two_node_tests/sto16-b0005-sm4n-r2.57363423.out,,,qe_output,91,b51ea7aa7f7d5526497a64aa854ec9532fd214cab511d4a5cc46e89c527bbcb8
commensurate/calc/twisted_sto_angles/theta_16p26_m7_n1_clean/test_calculation/two_node_tests/sto16-b0005-sm4n.57016712.err,,,other,12348,95cf645d4ba5ebc427d71641ab43bb4d3f7a2e561379f1b724881d20e0102e5a
commensurate/calc/twisted_sto_angles/theta_16p26_m7_n1_clean/test_calculation/two_node_tests/sto16-b0005-sm4n.57016712.out,,,qe_output,180,140b63eb932cb54ed15378731612f9d80491d51e3438cec8550d0496b84cc973
commensurate/calc/twisted_sto_angles/theta_16p26_m7_n1_clean/test_calculation/two_node_tests/sto16-b001-2n.54252784.err,,,other,518,23b417bea4a10a75e808e2350d6156663dd452ac188dd10dfe1582a3ac781367
commensurate/calc/twisted_sto_angles/theta_16p26_m7_n1_clean/test_calculation/two_node_tests/sto16-b001-2n.54252784.out,,,qe_output,172,aaa846d9e63db60331f8cb616110565ff011c7fac0586c9627c169316aedcec6
commensurate/calc/twisted_sto_angles/theta_16p26_m7_n1_clean/test_calculation/two_node_tests/sto16-qe75-dens.57516280.err,,,other,15030,5b8ff6a0966f19b84950de884aa9d8cf07ececdb4f61aa8f2ca628987cdbd76f
commensurate/calc/twisted_sto_angles/theta_16p26_m7_n1_clean/test_calculation/two_node_tests/sto16-qe75-dens.57516280.out,,,qe_output,239,d00d470bd0736293114b80edbf095bcc8f6838e16f568371d9e046025a2ce1c4
commensurate/calc/twisted_sto_angles/theta_16p26_m7_n1_clean/test_calculation/two_node_tests/sto16-rx-qe75.57670266.err,,,other,15030,5b8ff6a0966f19b84950de884aa9d8cf07ececdb4f61aa8f2ca628987cdbd76f
commensurate/calc/twisted_sto_angles/theta_16p26_m7_n1_clean/test_calculation/two_node_tests/sto16-rx-qe75.57670266.out,,,qe_output,0,e3b0c44298fc1c149afbf4c8996fb92427ae41e4649b934ca495991b7852b855
commensurate/calc/twisted_sto_angles/theta_16p26_m7_n1_clean/test_calculation/two_node_tests/sto16-rx-r2.57817410.err,,,other,32921,c7c9018d5bf89628dd0b5e843e71f3ffff5f6fa3821bdc0e4cccab132e391aae
commensurate/calc/twisted_sto_angles/theta_16p26_m7_n1_clean/test_calculation/two_node_tests/sto16-rx-r2.57817410.out,,,qe_output,0,e3b0c44298fc1c149afbf4c8996fb92427ae41e4649b934ca495991b7852b855
commensurate/calc/twisted_sto_angles/theta_16p26_m7_n1_clean/test_calculation/two_node_tests/sto16-rx-r3.58068676.err,,,other,14652,d388a7c8dd16e28da06fc0aff66da5d7a9ceac1657b934381d8840640ad29254
commensurate/calc/twisted_sto_angles/theta_16p26_m7_n1_clean/test_calculation/two_node_tests/sto16-rx-r3.58068676.out,,,qe_output,0,e3b0c44298fc1c149afbf4c8996fb92427ae41e4649b934ca495991b7852b855
commensurate/calc/twisted_sto_angles/theta_16p26_m7_n1_clean/test_calculation/two_node_tests/sto16-rx-r4.58467718.err,,,other,14652,d388a7c8dd16e28da06fc0aff66da5d7a9ceac1657b934381d8840640ad29254
commensurate/calc/twisted_sto_angles/theta_16p26_m7_n1_clean/test_calculation/two_node_tests/sto16-rx-r4.58467718.out,,,qe_output,0,e3b0c44298fc1c149afbf4c8996fb92427ae41e4649b934ca495991b7852b855
commensurate/calc/twisted_sto_angles/theta_16p26_m7_n1_clean/test_calculation/two_node_tests/sto16-rx-r5.58691493.err,,,other,14652,d388a7c8dd16e28da06fc0aff66da5d7a9ceac1657b934381d8840640ad29254
commensurate/calc/twisted_sto_angles/theta_16p26_m7_n1_clean/test_calculation/two_node_tests/sto16-rx-r5.58691493.out,,,qe_output,0,e3b0c44298fc1c149afbf4c8996fb92427ae41e4649b934ca495991b7852b855
commensurate/calc/twisted_sto_angles/theta_16p26_m7_n1_clean/test_calculation/two_node_tests/sto16-rx-r6.58862577.err,,,other,14592,2d043ca469b10427856a5e6089cc8bcb7cdbc0ecbecfba1d1d0199ffa5f02c18
commensurate/calc/twisted_sto_angles/theta_16p26_m7_n1_clean/test_calculation/two_node_tests/sto16-rx-r6.58862577.out,,,qe_output,0,e3b0c44298fc1c149afbf4c8996fb92427ae41e4649b934ca495991b7852b855
commensurate/calc/twisted_sto_angles/theta_16p26_m7_n1_clean/test_calculation/two_node_tests/submit_theta16_r3_qe75.slurm,,,other,490,d90c2368edcccd32e3c724460e91cd06bce3a4d75cbee2a13ee86b79e877d830
commensurate/calc/twisted_sto_angles/theta_16p26_m7_n1_clean/test_calculation/two_node_tests/submit_theta16_r4_qe75.slurm,,,other,490,65d4a0dc50e1d14514a433703bca1dbf0f5592f9e537accb311e9166856facbc
commensurate/calc/twisted_sto_angles/theta_16p26_m7_n1_clean/test_calculation/two_node_tests/submit_theta16_r5_qe75.slurm,,,other,490,5f06e72aaf402a3b746536edd950171fd719f3ba64ae68ecb845fa47ac2f7928
commensurate/calc/twisted_sto_angles/theta_16p26_m7_n1_clean/test_calculation/two_node_tests/submit_theta16_r6_qe75.slurm,,,other,490,7523d85e87ca6ca7b2e549c2b0cf5f4bd6047542c3b297f4d8214de4c9f8d915
commensurate/calc/twisted_sto_angles/theta_16p26_m7_n1_clean/test_calculation/two_node_tests/theta16_bfgs_trial1_geometry.dat,,,other,35027,f23d856a41a26029320e09446f0737fbe05364be02622f887cdfe17d89b58b4b
commensurate/calc/twisted_sto_angles/theta_16p26_m7_n1_clean/twisted.xyz,,,other,26730,a52cdf132bcf9780c3d7d7f07f7359922c30663fef248e5355fd7d2ea457d2fb
commensurate/calc/twisted_sto_angles/theta_18p92_m6_n1_clean/POSCAR_twisted.vasp,,,other,19486,33b4b900e5a65e843683c63505403a69ccf2592c34b93401cc98416ca020bc13
commensurate/calc/twisted_sto_angles/theta_18p92_m6_n1_clean/analyze_scf_accuracy_18.sh,,,other,1193,16b9d4fb29ecd558f12165b9a3ab3e872f56caced8bf98a256eb7616d8305122
commensurate/calc/twisted_sto_angles/theta_18p92_m6_n1_clean/relax_theta_18p92_m6_n1.in,,,qe_input,19503,4b4e4bd7b51dd610731c0d9b5fef8c05655d4af14ebf697129490e0b694c8a72
commensurate/calc/twisted_sto_angles/theta_18p92_m6_n1_clean/scf_accuracy_summary_18p92.dat,,,other,1352,ec78c8c078bc7ed40b0e60152f58cfa98110f47ab7ca16531b0ba565fcf37743
commensurate/calc/twisted_sto_angles/theta_18p92_m6_n1_clean/scf_theta_18p92_m6_n1.in,,,qe_input,19474,803a705e2eed58b4fd29c08c1690bc34e5798f682d22c8517f74046754e92b52
commensurate/calc/twisted_sto_angles/theta_18p92_m6_n1_clean/scf_theta_18p92_m6_n1.out,,,qe_output,94155,0516c4d256360ff52c305101d2bad75fdb2c94a777f78e55001b151badd3c424
commensurate/calc/twisted_sto_angles/theta_18p92_m6_n1_clean/scf_theta_18p92_m6_n1.out_OLD1,,,other,74833,dd6a2acd62b2422867529db5cced805d4789a24b1301ecf06b194f72d48c8811
commensurate/calc/twisted_sto_angles/theta_18p92_m6_n1_clean/scf_theta_18p92_m6_n1.out_OLD2,,,other,87753,739f26f3e01f504bd1df732b37ba179ec8c2a9a2646b2db7c639a3cfb62e1b62
commensurate/calc/twisted_sto_angles/theta_18p92_m6_n1_clean/script_relax.sh,,,other,565,ed5b733b57105e2fe1b4cda08f04a3a0ec76e34aa4c43fef0db753c8986d30aa
commensurate/calc/twisted_sto_angles/theta_18p92_m6_n1_clean/script_scf.sh,,,other,644,01b502e7723b91c0d5bb30e09b73712e9c87bde34a97e43fd3492273fc55fa99
commensurate/calc/twisted_sto_angles/theta_18p92_m6_n1_clean/script_scf_relax.sh,,,other,830,f9ab298e80f3ad97facdb0a0d0e1d51ac55202d11f6352c28d08be1c09921539
commensurate/calc/twisted_sto_angles/theta_18p92_m6_n1_clean/sto-18p92-scf-relax.50938053.err,,,other,391,8c4da8a4cdc733b04220636a4184794b3a1e54e58abe793327d0cd9f2e8f1e39
commensurate/calc/twisted_sto_angles/theta_18p92_m6_n1_clean/sto-18p92-scf-relax.50938053.out,,,qe_output,44,2395bc28f2311b30ff81c881d229ce3ddf72e18804ca6150a586c0681067ae77
commensurate/calc/twisted_sto_angles/theta_18p92_m6_n1_clean/sto-18p92-scf-relax.50992361.err,,,other,372,c13d1fb960ccf73067877a595b35eca86defb43f60133263d4daf7fcdb7a4d9b
commensurate/calc/twisted_sto_angles/theta_18p92_m6_n1_clean/sto-18p92-scf-relax.50992361.out,,,qe_output,22,52db59cb03c538df98f212f5db23dc6ffaed2471fdc5325c62d6701954566f9e
commensurate/calc/twisted_sto_angles/theta_18p92_m6_n1_clean/sto-18p92-scf-relax.51086819.err,,,other,372,11a7a55b38b7bb842dbd282df64c29023bff9dea240a9eef752351270e3c0b6a
commensurate/calc/twisted_sto_angles/theta_18p92_m6_n1_clean/sto-18p92-scf-relax.51086819.out,,,qe_output,22,52db59cb03c538df98f212f5db23dc6ffaed2471fdc5325c62d6701954566f9e
commensurate/calc/twisted_sto_angles/theta_18p92_m6_n1_clean/sto-18p92-scf.51214551.err,,,other,299,849274fd8adf4de1d1f50c213d03c2ebb93524c91409c3046687824411934fc3
commensurate/calc/twisted_sto_angles/theta_18p92_m6_n1_clean/sto-18p92-scf.51214551.out,,,qe_output,0,e3b0c44298fc1c149afbf4c8996fb92427ae41e4649b934ca495991b7852b855
commensurate/calc/twisted_sto_angles/theta_18p92_m6_n1_clean/sto-18p92-scf.51551791.err,,,other,6204,45e74ffb0d339485d3b16395d508b919ea0cd7dfcfa7690f0d6f0ce2a3953569
commensurate/calc/twisted_sto_angles/theta_18p92_m6_n1_clean/sto-18p92-scf.51551791.out,,,qe_output,0,e3b0c44298fc1c149afbf4c8996fb92427ae41e4649b934ca495991b7852b855
commensurate/calc/twisted_sto_angles/theta_18p92_m6_n1_clean/test_calculation/analysis_ti_displacement_theta_53p13/make_ti_displacement_from_qe.py,,,other,9616,05e693ddad8bb9f7a56cf9593ffcf8cf0fd090bfe6dd63db99a2d19163d2032a
commensurate/calc/twisted_sto_angles/theta_18p92_m6_n1_clean/test_calculation/make_theta18_r4.py,,,other,3243,2186d7050fe5f34ec28a09417320f030dc1f7ff07cbb398a179a4e8ec82ed8a2
commensurate/calc/twisted_sto_angles/theta_18p92_m6_n1_clean/test_calculation/relax_theta18_continue_r3_qe75.in,,,qe_input,27183,cd2929b5f2b255d529290afe0db931565223f3ccc89e529e29b3c85bcb8c77b9
commensurate/calc/twisted_sto_angles/theta_18p92_m6_n1_clean/test_calculation/relax_theta18_continue_r3_qe75.out,,,qe_output,1462651,68c34a535cfec9f36fe3ea735caea01cc1442fc1a767ea55d83c0e3566d096fc
commensurate/calc/twisted_sto_angles/theta_18p92_m6_n1_clean/test_calculation/relax_theta18_continue_r4_qe75.in,,,qe_input,27144,d40974adf18b2b5e242a3731afcd0c4bc4804a7fef1020b8f5af4c83d5dfacf2
commensurate/calc/twisted_sto_angles/theta_18p92_m6_n1_clean/test_calculation/relax_theta18_continue_r4_qe75.out,,,qe_output,2234672,116e11b2a336c5043b2da972508407175c49286b1b0c9a825c12f5fa052cfe49
commensurate/calc/twisted_sto_angles/theta_18p92_m6_n1_clean/test_calculation/relax_theta18_continue_r5_qe75.in,,,qe_input,27214,4747a388b78572bd4cf780d44ee2bf3e3efd68714c245ee02a6b67964cf8c17c
commensurate/calc/twisted_sto_angles/theta_18p92_m6_n1_clean/test_calculation/relax_theta18_continue_r5_qe75.out,,,qe_output,2234807,0071b970126397a655281a1fee9840bbabd765de41d404e9261dbe147cfc6453
commensurate/calc/twisted_sto_angles/theta_18p92_m6_n1_clean/test_calculation/relax_theta18_continue_r6_qe75.in,,,qe_input,18485,133283103e6be49904074c107cce5e4b778df150897e02f48607015ff3487093
commensurate/calc/twisted_sto_angles/theta_18p92_m6_n1_clean/test_calculation/relax_theta18_continue_r6_qe75.out,,,qe_output,1838263,09d6717f5828eec269dc8137b568d41fbb9b8ec06a70e0f93db043425090729e
commensurate/calc/twisted_sto_angles/theta_18p92_m6_n1_clean/test_calculation/relax_theta18_continue_r7_qe75.in,,,qe_input,27214,e5166dabd8102c527805fed181a97c8b9d57c114e16a9f7de695762b2b8ba989
commensurate/calc/twisted_sto_angles/theta_18p92_m6_n1_clean/test_calculation/relax_theta18_continue_r7_qe75.out,,,qe_output,2231555,ec7644dc6f5b7eafbbaa47905cf6d4a2987715487ccb8e98ef9b0ee3adc8a30f
commensurate/calc/twisted_sto_angles/theta_18p92_m6_n1_clean/test_calculation/relax_theta18_from_converged_scf_2node_48h.in,,,qe_input,19609,a86cff2a8275c164434a98f528170d9f3b8c294f6c072a1e7a3f316026e5b74c
commensurate/calc/twisted_sto_angles/theta_18p92_m6_n1_clean/test_calculation/relax_theta18_from_converged_scf_2node_48h.out,,,qe_output,60794,61e3dcc0307d40f22d18a4234332024ee54ab0c5c3db4f4afe76b25826a9953e
commensurate/calc/twisted_sto_angles/theta_18p92_m6_n1_clean/test_calculation/relax_theta18_from_converged_scf_r2_density_atomicwfc_4node_48h.in,,,qe_input,19638,d37ac8e2f667ea900ccdc698a51c7227770a2cbc65e0e218c423226bdd3bea03
commensurate/calc/twisted_sto_angles/theta_18p92_m6_n1_clean/test_calculation/relax_theta18_from_converged_scf_r2_density_atomicwfc_4node_48h.out,,,qe_output,1878459,5075fc5cefe32f12293ed9a9ded862836e82827246129e41966bf6310a2a2391
commensurate/calc/twisted_sto_angles/theta_18p92_m6_n1_clean/test_calculation/relax_theta18_from_converged_scf_r3_4node_48h.in,,,qe_input,19631,3fad62b16c39a283ddafcb15093724f2be529409c428e13040f2b753d390ce42
commensurate/calc/twisted_sto_angles/theta_18p92_m6_n1_clean/test_calculation/relax_theta18_from_converged_scf_r3_4node_48h.out,,,qe_output,2300919,11e970d3853f743ebb955a69abfc077747bdf0a1e6321d18be18c59fa55eb68f
commensurate/calc/twisted_sto_angles/theta_18p92_m6_n1_clean/test_calculation/relax_theta18_from_converged_scf_r4_4node_48h.in,,,qe_input,19683,0ff0daa17f4600818b49798751eea41abd4c73ac1d1b5d0bbfdde6e2a63fe0ce
commensurate/calc/twisted_sto_angles/theta_18p92_m6_n1_clean/test_calculation/relax_theta18_from_converged_scf_r4_4node_48h.out,,,qe_output,2299625,8e0ed57ce9e73d366cd9b31b95f14b6942d8aeb51bbd89c33cc59c411596b5d4
commensurate/calc/twisted_sto_angles/theta_18p92_m6_n1_clean/test_calculation/relax_theta18_from_converged_scf_r5_4node_48h.in,,,qe_input,19683,0ff0daa17f4600818b49798751eea41abd4c73ac1d1b5d0bbfdde6e2a63fe0ce
commensurate/calc/twisted_sto_angles/theta_18p92_m6_n1_clean/test_calculation/relax_theta18_from_converged_scf_r5_4node_48h.out,,,qe_output,2305960,c590fa02a93bf37ca62af2a71fe7edbbf77411340bb9c429d7a96f4a549e86cb
commensurate/calc/twisted_sto_angles/theta_18p92_m6_n1_clean/test_calculation/relax_theta18_recover_best_r3_bfgs_4node_48h.in,,,qe_input,27182,937e368b3bb5dfa59af80e8946b939bf532a46b74892986b7b447711e3854d83
commensurate/calc/twisted_sto_angles/theta_18p92_m6_n1_clean/test_calculation/relax_theta18_recover_best_r3_bfgs_4node_48h.out,,,qe_output,131998,572326f3434deac11cca69ee55ce5ff0b1726753dbf5d5f8434865335c3aa7a2
commensurate/calc/twisted_sto_angles/theta_18p92_m6_n1_clean/test_calculation/relax_theta18_recover_best_r3_bfgs_4node_48h_r2.in,,,qe_input,27185,170f9f1c86a91c1dec4c5c57b954ebaee1580dab9f7f7f5284ad00d278e8ffcf
commensurate/calc/twisted_sto_angles/theta_18p92_m6_n1_clean/test_calculation/relax_theta18_recover_best_r3_bfgs_4node_48h_r2.out,,,qe_output,1462791,fdf226c70065fafdd8508fa8ed570808556d9f64e002d1ea3814614e1392b46f
commensurate/calc/twisted_sto_angles/theta_18p92_m6_n1_clean/test_calculation/run_scf_theta18_2node_new.sh,,,other,1162,88f4abf410bef02cf534ff70352a323fcb4c595386222c81fe26cd164e089629
commensurate/calc/twisted_sto_angles/theta_18p92_m6_n1_clean/test_calculation/run_theta18_continue_r3_qe75.slurm,,,other,535,9c8323f0881821a8c859decc016faf94d5ddd49053b77a4492fc0565d3f13583
commensurate/calc/twisted_sto_angles/theta_18p92_m6_n1_clean/test_calculation/scf_theta18_b0005_plain_clean.in,,,qe_input,19540,db4d163860db2e682908d0fbf16ce3ce2097b28c461b2ca13b50217d2ef02ff9
commensurate/calc/twisted_sto_angles/theta_18p92_m6_n1_clean/test_calculation/scf_theta18_b0005_plain_clean.out,,,qe_output,60524,e2d5acb2f9ba4047790d2c40631531736f5418a46b064e1ecf2490e1cb48c746
commensurate/calc/twisted_sto_angles/theta_18p92_m6_n1_clean/test_calculation/scf_theta18_b0005_smearing_plain.in,,,qe_input,19579,65db49a000d80362b9e51f91aab5f6007b2bd133224554fe5f7bfc23c3178fc2
commensurate/calc/twisted_sto_angles/theta_18p92_m6_n1_clean/test_calculation/scf_theta18_b0005_smearing_plain.out,,,qe_output,60577,166e8e3ecd8f76af3b0da8ad50e1a9ea2921491cef8a3f195361b010ed9d6c0e
commensurate/calc/twisted_sto_angles/theta_18p92_m6_n1_clean/test_calculation/scf_theta18_b0005_smearing_plain_2node_new.in,,,qe_input,19574,94c1375ac4d72cef31fd8a9cd9358bdcd263d4ecc4d2be0056284c9455dae535
commensurate/calc/twisted_sto_angles/theta_18p92_m6_n1_clean/test_calculation/scf_theta18_b0005_smearing_plain_2node_new.out,,,qe_output,211516,b8d2cfdfd14adf9823f47cc2df3eeb93fba1d2c9d12220f050d7aa0baed237e0
commensurate/calc/twisted_sto_angles/theta_18p92_m6_n1_clean/test_calculation/scf_theta18_b0005_smearing_plain_2nodes_24h.in,,,qe_input,19582,7fa76bb67b863decfa8e81a6b12a0ffa2a681b9b98c9150760918274d256c4cb
commensurate/calc/twisted_sto_angles/theta_18p92_m6_n1_clean/test_calculation/scf_theta18_b0005_smearing_plain_2nodes_24h.out,,,qe_output,90049,71d7e1efdfb84da8d75b5d50647c524c32d7823a1ab7dbbae31285fdfa81296d
commensurate/calc/twisted_sto_angles/theta_18p92_m6_n1_clean/test_calculation/scf_theta18_b0005_smearing_plain_2nodes_restart1_24h.in,,,qe_input,19578,b55ef809cc4581e074966e3c072893931d78bda094041aef7ea5d7b369d3b58c
commensurate/calc/twisted_sto_angles/theta_18p92_m6_n1_clean/test_calculation/scf_theta18_b0005_smearing_plain_2nodes_restart1_24h.out,,,qe_output,92733,e682cf29c2ce88d55b94b8ff332899482b83b10aaf7a80ffe717d669cb55b243
commensurate/calc/twisted_sto_angles/theta_18p92_m6_n1_clean/test_calculation/scf_theta18_b0005_smearing_plain_restart2_48h.in,,,qe_input,19574,b6b6fb915b6d45c0e550cea864820121ac3c175a6421364b5759287cc96ec74a
commensurate/calc/twisted_sto_angles/theta_18p92_m6_n1_clean/test_calculation/scf_theta18_b0005_smearing_plain_restart2_48h.out,,,qe_output,61105,377298a6b608c67a2052147914b6df6615f948380d2ff3ffd11228fa8664c054
commensurate/calc/twisted_sto_angles/theta_18p92_m6_n1_clean/test_calculation/scf_theta18_b0005_tf_clean.in,,,qe_input,19534,846119ab94d5b9ad2918fe1903130056ded7b103b87ea48356adb30523fe454c
commensurate/calc/twisted_sto_angles/theta_18p92_m6_n1_clean/test_calculation/scf_theta18_b0005_tf_clean.out,,,qe_output,60521,5e72f4258a73b39b971ef1cebf5369fcbe3882502978dd9b849a551c8a352449
commensurate/calc/twisted_sto_angles/theta_18p92_m6_n1_clean/test_calculation/script_relax_theta18_from_converged_scf_2node_48h.sh,,,other,681,3d3cd1da2ea72481706a2b12eec24b672995fbcf4a9901171641187a231b4be2
commensurate/calc/twisted_sto_angles/theta_18p92_m6_n1_clean/test_calculation/script_theta18_b0005_plain_clean.sh,,,other,686,3e17035db939dad3b4574dd5dba0a76a07fe7774784c9fe072d2b7bb9a62b534
commensurate/calc/twisted_sto_angles/theta_18p92_m6_n1_clean/test_calculation/script_theta18_b0005_smearing_plain.sh,,,other,692,70c0376eb2a6c3f2b517f91c67e821b309f4e665e53e5f23385f33ead736d34e
commensurate/calc/twisted_sto_angles/theta_18p92_m6_n1_clean/test_calculation/script_theta18_b0005_smearing_plain_2nodes_24h.sh,,,other,1200,0b7ab43262d374a1a784618c9196057625ff08fd7024ce70606d305e7dd4e75f
commensurate/calc/twisted_sto_angles/theta_18p92_m6_n1_clean/test_calculation/script_theta18_b0005_smearing_plain_2nodes_restart1_24h.sh,,,other,1239,ef7424147fd16a2f852a7ace16fdef0f95230bc324ada48064969eca872ab977
commensurate/calc/twisted_sto_angles/theta_18p92_m6_n1_clean/test_calculation/script_theta18_b0005_smearing_plain_restart2_48h.sh,,,other,686,9d7f2791b323e2841bc30b952e301e87e59d3ac750e8376b8fc30dc8810db55e
commensurate/calc/twisted_sto_angles/theta_18p92_m6_n1_clean/test_calculation/script_theta18_b0005_tf_clean.sh,,,other,677,b0e951a4daf2cbb703d9fcae7c8a8abc354e83873a0395f089032561b6a27190
commensurate/calc/twisted_sto_angles/theta_18p92_m6_n1_clean/test_calculation/script_theta18_r2_density_atomicwfc_4node_48h.sh,,,other,731,cb926e9b8bcea70bdb615d0460e891c163671538acc570017e48b53bb0d6ea86
commensurate/calc/twisted_sto_angles/theta_18p92_m6_n1_clean/test_calculation/script_theta18_r3_4node_48h.sh,,,other,695,3e9888ef63422903fa8c2a38bc2a465049547a443b63d7c31c05c2fa4ac31379
commensurate/calc/twisted_sto_angles/theta_18p92_m6_n1_clean/test_calculation/script_theta18_r4_4node_48h.sh,,,other,695,044c9df4f387799cedbf4d22e533e5b47039af74bdcc3dd1aec9d10329eb61d2
commensurate/calc/twisted_sto_angles/theta_18p92_m6_n1_clean/test_calculation/script_theta18_r5_4node_48h.sh,,,other,695,3c3c21ca2d5d37cac073b0fa2a542cccb4389034db8c36f614d3926b0b8f2030
commensurate/calc/twisted_sto_angles/theta_18p92_m6_n1_clean/test_calculation/script_theta18_recover_best_r3_bfgs_4node_48h.sh,,,other,708,24befaf020e16244e23471b020cf5a87b95b6b92cef3ef1d827dcbf298f716fd
commensurate/calc/twisted_sto_angles/theta_18p92_m6_n1_clean/test_calculation/script_theta18_recover_best_r3_bfgs_4node_48h_r2.sh,,,other,712,f177e07564b789d9befa783f9faa3576141a0d4f45522d3cdb52ace306269df2
commensurate/calc/twisted_sto_angles/theta_18p92_m6_n1_clean/test_calculation/sto18-b0005-plain.53868730.err,,,other,392,e1f85ad10ec34368706286313f69e3282e9849a03b4fb3362146460d2fd2c534
commensurate/calc/twisted_sto_angles/theta_18p92_m6_n1_clean/test_calculation/sto18-b0005-plain.53868730.out,,,qe_output,0,e3b0c44298fc1c149afbf4c8996fb92427ae41e4649b934ca495991b7852b855
commensurate/calc/twisted_sto_angles/theta_18p92_m6_n1_clean/test_calculation/sto18-b0005-tf.53868731.err,,,other,392,5568af566ed472f915244dcd28098538c00f9c65ccd5359f934d62aecdb20ca1
commensurate/calc/twisted_sto_angles/theta_18p92_m6_n1_clean/test_calculation/sto18-b0005-tf.53868731.out,,,qe_output,0,e3b0c44298fc1c149afbf4c8996fb92427ae41e4649b934ca495991b7852b855
commensurate/calc/twisted_sto_angles/theta_18p92_m6_n1_clean/test_calculation/sto18-rx-cont.57774757.err,,,other,14652,d388a7c8dd16e28da06fc0aff66da5d7a9ceac1657b934381d8840640ad29254
commensurate/calc/twisted_sto_angles/theta_18p92_m6_n1_clean/test_calculation/sto18-rx-cont.57774757.out,,,qe_output,0,e3b0c44298fc1c149afbf4c8996fb92427ae41e4649b934ca495991b7852b855
commensurate/calc/twisted_sto_angles/theta_18p92_m6_n1_clean/test_calculation/sto18-rx-r1-2n48.55470430.err,,,other,372,6f64ab24584e7b677db7023380900170814adebb423c93c69b47892da10bb5da
commensurate/calc/twisted_sto_angles/theta_18p92_m6_n1_clean/test_calculation/sto18-rx-r1-2n48.55470430.out,,,qe_output,0,e3b0c44298fc1c149afbf4c8996fb92427ae41e4649b934ca495991b7852b855
commensurate/calc/twisted_sto_angles/theta_18p92_m6_n1_clean/test_calculation/sto18-rx-r2-4n48.55622874.err,,,other,24636,6e0a21f91700113547d5b51325cfcb88a4a337b07102db1c501cb09c5debe531
commensurate/calc/twisted_sto_angles/theta_18p92_m6_n1_clean/test_calculation/sto18-rx-r2-4n48.55622874.out,,,qe_output,0,e3b0c44298fc1c149afbf4c8996fb92427ae41e4649b934ca495991b7852b855
commensurate/calc/twisted_sto_angles/theta_18p92_m6_n1_clean/test_calculation/sto18-rx-r3-4n48.56759070.err,,,other,24576,d72e4e89b9d3277ff849d5cc763e6c4fb1cda7d3bc868360395fb875f405c7a3
commensurate/calc/twisted_sto_angles/theta_18p92_m6_n1_clean/test_calculation/sto18-rx-r3-4n48.56759070.out,,,qe_output,0,e3b0c44298fc1c149afbf4c8996fb92427ae41e4649b934ca495991b7852b855
commensurate/calc/twisted_sto_angles/theta_18p92_m6_n1_clean/test_calculation/sto18-rx-r4-4n48.57015244.err,,,other,24636,6e0a21f91700113547d5b51325cfcb88a4a337b07102db1c501cb09c5debe531
commensurate/calc/twisted_sto_angles/theta_18p92_m6_n1_clean/test_calculation/sto18-rx-r4-4n48.57015244.out,,,qe_output,0,e3b0c44298fc1c149afbf4c8996fb92427ae41e4649b934ca495991b7852b855
commensurate/calc/twisted_sto_angles/theta_18p92_m6_n1_clean/test_calculation/sto18-rx-r4.58068639.err,,,other,14652,d388a7c8dd16e28da06fc0aff66da5d7a9ceac1657b934381d8840640ad29254
commensurate/calc/twisted_sto_angles/theta_18p92_m6_n1_clean/test_calculation/sto18-rx-r4.58068639.out,,,qe_output,0,e3b0c44298fc1c149afbf4c8996fb92427ae41e4649b934ca495991b7852b855
commensurate/calc/twisted_sto_angles/theta_18p92_m6_n1_clean/test_calculation/sto18-rx-r5-4n48.57165224.err,,,other,24982,0a52c9c2a4b65d6be9fe2ee369a630bbf4f45c3360b917dd3a9246274c4ccce2
commensurate/calc/twisted_sto_angles/theta_18p92_m6_n1_clean/test_calculation/sto18-rx-r5-4n48.57165224.out,,,qe_output,0,e3b0c44298fc1c149afbf4c8996fb92427ae41e4649b934ca495991b7852b855
commensurate/calc/twisted_sto_angles/theta_18p92_m6_n1_clean/test_calculation/sto18-rx-r5.58467674.err,,,other,14652,d388a7c8dd16e28da06fc0aff66da5d7a9ceac1657b934381d8840640ad29254
commensurate/calc/twisted_sto_angles/theta_18p92_m6_n1_clean/test_calculation/sto18-rx-r5.58467674.out,,,qe_output,0,e3b0c44298fc1c149afbf4c8996fb92427ae41e4649b934ca495991b7852b855
commensurate/calc/twisted_sto_angles/theta_18p92_m6_n1_clean/test_calculation/sto18-rx-r6.58690282.err,,,other,14652,d388a7c8dd16e28da06fc0aff66da5d7a9ceac1657b934381d8840640ad29254
commensurate/calc/twisted_sto_angles/theta_18p92_m6_n1_clean/test_calculation/sto18-rx-r6.58690282.out,,,qe_output,0,e3b0c44298fc1c149afbf4c8996fb92427ae41e4649b934ca495991b7852b855
commensurate/calc/twisted_sto_angles/theta_18p92_m6_n1_clean/test_calculation/sto18-rx-r7.58862596.err,,,other,14592,2d043ca469b10427856a5e6089cc8bcb7cdbc0ecbecfba1d1d0199ffa5f02c18
commensurate/calc/twisted_sto_angles/theta_18p92_m6_n1_clean/test_calculation/sto18-rx-r7.58862596.out,,,qe_output,0,e3b0c44298fc1c149afbf4c8996fb92427ae41e4649b934ca495991b7852b855
commensurate/calc/twisted_sto_angles/theta_18p92_m6_n1_clean/test_calculation/sto18-rx-recover.57515703.err,,,other,24951,6cc3b3bd1da00dadc0a7df59669face32bf8b3d75dc48b2f241c105f94b6a96c
commensurate/calc/twisted_sto_angles/theta_18p92_m6_n1_clean/test_calculation/sto18-rx-recover.57515703.out,,,qe_output,0,e3b0c44298fc1c149afbf4c8996fb92427ae41e4649b934ca495991b7852b855
commensurate/calc/twisted_sto_angles/theta_18p92_m6_n1_clean/test_calculation/sto18-rx-recover.57670528.err,,,other,15030,5b8ff6a0966f19b84950de884aa9d8cf07ececdb4f61aa8f2ca628987cdbd76f
commensurate/calc/twisted_sto_angles/theta_18p92_m6_n1_clean/test_calculation/sto18-rx-recover.57670528.out,,,qe_output,0,e3b0c44298fc1c149afbf4c8996fb92427ae41e4649b934ca495991b7852b855
commensurate/calc/twisted_sto_angles/theta_18p92_m6_n1_clean/test_calculation/sto18-scf-2n-new.55171254.err,,,other,12348,95cf645d4ba5ebc427d71641ab43bb4d3f7a2e561379f1b724881d20e0102e5a
commensurate/calc/twisted_sto_angles/theta_18p92_m6_n1_clean/test_calculation/sto18-scf-2n-new.55171254.out,,,qe_output,5611,d8fb04f83aed09405fe9fc832c0464cf24c33fca3957f1e1aa3b91905143d9ab
commensurate/calc/twisted_sto_angles/theta_18p92_m6_n1_clean/test_calculation/sto18-scf-r2-48h.54821279.err,,,other,16118,46ca7c470a17a8fe4c8b017179662915629a47b04aaf749c30ddd1ebfbba6f0a
commensurate/calc/twisted_sto_angles/theta_18p92_m6_n1_clean/test_calculation/sto18-scf-r2-48h.54821279.out,,,qe_output,0,e3b0c44298fc1c149afbf4c8996fb92427ae41e4649b934ca495991b7852b855
commensurate/calc/twisted_sto_angles/theta_18p92_m6_n1_clean/test_calculation/sto18-sm-2n24.54490752.err,,,other,12348,95cf645d4ba5ebc427d71641ab43bb4d3f7a2e561379f1b724881d20e0102e5a
commensurate/calc/twisted_sto_angles/theta_18p92_m6_n1_clean/test_calculation/sto18-sm-2n24.54490752.out,,,qe_output,480,2e93a031e51dc9500d17fdc1d28b44cf70d3b51d72b30d27ff3923dbaf8f181d
commensurate/calc/twisted_sto_angles/theta_18p92_m6_n1_clean/test_calculation/sto18-sm-r1-2n24.54571268.err,,,other,12348,95cf645d4ba5ebc427d71641ab43bb4d3f7a2e561379f1b724881d20e0102e5a
commensurate/calc/twisted_sto_angles/theta_18p92_m6_n1_clean/test_calculation/sto18-sm-r1-2n24.54571268.out,,,qe_output,498,0bd4da129b17001b4f907818b7f59e2348d49327ec55e12469a71bfa9c6b21e8
commensurate/calc/twisted_sto_angles/theta_18p92_m6_n1_clean/test_calculation/submit_theta18_r4_qe75.slurm,,,other,474,a56c424f222214b21eb49cf2a2233676d757deccc40b63f8463dcfa164d47f3f
commensurate/calc/twisted_sto_angles/theta_18p92_m6_n1_clean/test_calculation/submit_theta18_r5_qe75.slurm,,,other,474,83853e89322c478f2f2d257d21e6e342b4beac85a11b10cdd289ec106329bdb3
commensurate/calc/twisted_sto_angles/theta_18p92_m6_n1_clean/test_calculation/submit_theta18_r6_qe75.slurm,,,other,474,56a7806b1f7b09cff197097950c0d60a4de3236d7cd7a57e88c9f8a4faab17f3
commensurate/calc/twisted_sto_angles/theta_18p92_m6_n1_clean/test_calculation/submit_theta18_r7_qe75.slurm,,,other,474,855c395192272204e891863be5c73cf60fd7d4eb2b043a423ef10dfafb82a031
commensurate/calc/twisted_sto_angles/theta_18p92_m6_n1_clean/test_calculation/theta18_best_geometry_block.txt,,,other,25927,854860ae3e2aa1820104e9b495eb6b73e58bc81e079af8c4ce9d425a9e37cb90
commensurate/calc/twisted_sto_angles/theta_18p92_m6_n1_clean/test_calculation/theta18_last_completed_geometry.dat,,,other,25927,b8e9aad9cf63067952d43f758b1444c8bb541bc6927b76482247ec5fe30c9a7d
commensurate/calc/twisted_sto_angles/theta_18p92_m6_n1_clean/test_calculation/theta18_summary_latest.txt,,,other,670,e783e05d97a64f8e15ac796ad0f7213b9e9387a3cb5cc372e0a45e32ab967944
commensurate/calc/twisted_sto_angles/theta_18p92_m6_n1_clean/twisted.xyz,,,other,19788,7ea0fe60ede40e22a8eebb844eb1c3821276abc81db1af687bbdb34b066dc188
commensurate/calc/twisted_sto_angles/theta_22p62_m5_n1_clean/analysis_scf_converged_plain/analyze_scf_plain.py,,,other,2950,ec780b2dcfc5020496fca30dcf87a6d8e6463a67f7cce349927b3012ee6b99d9
commensurate/calc/twisted_sto_angles/theta_22p62_m5_n1_clean/analysis_scf_converged_plain/forces_raw.txt,,,other,72,9546c10c13f1b7ef5b6ab61eb9daeeaa68fcbcf42c72f95dc19c6be9f1648a57
commensurate/calc/twisted_sto_angles/theta_22p62_m5_n1_clean/analysis_scf_converged_plain/input_settings_summary.txt,,,other,478,c1b130f1ee06479cea18404071d7dcaee8cc310807de7e4c48a613c6254691d8
commensurate/calc/twisted_sto_angles/theta_22p62_m5_n1_clean/analysis_scf_converged_plain/plot_scf_accuracy.gnu,,,other,342,2b2a738ed372dce99ba12db14869e31975bc67ab2bd9d8cad16dc7f6fa664b1d
commensurate/calc/twisted_sto_angles/theta_22p62_m5_n1_clean/analysis_scf_converged_plain/scf_accuracy_raw.txt,,,other,3021,a561fc13111dfeb159efafbab52838bcd10ece95e9268435eabfe9c7556a57e0
commensurate/calc/twisted_sto_angles/theta_22p62_m5_n1_clean/analysis_scf_converged_plain/scf_accuracy_vs_iteration.dat,,,other,795,f6661683a4a8240bd5415098042e81f531028fc10014e936da201136ed3feb55
commensurate/calc/twisted_sto_angles/theta_22p62_m5_n1_clean/analysis_scf_converged_plain/scf_accuracy_vs_iteration.png,,,other,50541,12073307c70accc758dceadfe9889cef35157b74455a72901e6b2feb233f4579
commensurate/calc/twisted_sto_angles/theta_22p62_m5_n1_clean/analysis_scf_converged_plain/scf_energy_vs_iteration.dat,,,other,18,625cabcf6c413bc8bdf27227fc3a7b8497f3065f88f5df07ce81f8e97789b405
commensurate/calc/twisted_sto_angles/theta_22p62_m5_n1_clean/analysis_scf_converged_plain/scf_plain_summary.txt,,,other,1056,7c363d323ea3e9bdc2665bad22c18b70fd5bd7617745935f93d7cc7ec418b8c7
commensurate/calc/twisted_sto_angles/theta_22p62_m5_n1_clean/analysis_scf_converged_plain/status_summary.txt,,,other,287,3222d6fcf274e76a7194e0381542866a4218f7de09c47bae60db554694eb3ec4
commensurate/calc/twisted_sto_angles/theta_22p62_m5_n1_clean/analysis_scf_converged_plain/total_energy_raw.txt,,,other,3078,815d5f6c6df0876eb74f30a2ec247dcd1e5057b3d9308608308ab1030d0f544d
commensurate/calc/twisted_sto_angles/theta_22p62_m5_n1_clean/analysis_scripts/analyze_scf_accuracy.sh,,,other,1046,0b8fd3c484a85650ba34d4fefed4a50c99f48a0bfe1983d8d0bfad0fded60681
commensurate/calc/twisted_sto_angles/theta_22p62_m5_n1_clean/analysis_scripts/analyze_ti22_displacements.py,,,other,9054,897694c3b8a7da06bfd2c91215996d6d49a2e8366b94167ab5bfaffc7fabd4ca
commensurate/calc/twisted_sto_angles/theta_22p62_m5_n1_clean/analysis_ti_displacement_theta_22p62/inplane_final_angstrom/ti22_inplane_1x1_angstrom.pdf,,,other,19977,0236efc8a68fd6cd2f18eefe0e4371e37915197eaa856ddf0bd2335cf8c8670c
commensurate/calc/twisted_sto_angles/theta_22p62_m5_n1_clean/analysis_ti_displacement_theta_22p62/inplane_final_angstrom/ti22_inplane_1x1_angstrom.png,,,other,470439,5bee9ee3d55e9e0e5d0ea32e2531e4a533dedbbb354ee719cb1011fd85219ce9
commensurate/calc/twisted_sto_angles/theta_22p62_m5_n1_clean/analysis_ti_displacement_theta_22p62/inplane_final_angstrom/ti22_inplane_3x3_angstrom.pdf,,,other,57292,54dc509fa01acbba31e6b5037ac9cdb2c356c4aa6f918ab9ace062505d64a93f
commensurate/calc/twisted_sto_angles/theta_22p62_m5_n1_clean/analysis_ti_displacement_theta_22p62/inplane_final_angstrom/ti22_inplane_3x3_angstrom.png,,,other,935186,98f1725ebb47a0d744f5fcad58527615ea7ea33b0b547f325e7b66800a3e1024
commensurate/calc/twisted_sto_angles/theta_22p62_m5_n1_clean/analysis_ti_displacement_theta_22p62/inplane_rotated_angstrom/ti22_inplane_1x1_rotated_angstrom.pdf,,,other,21708,655abd584536f6a6ccccc8ed9caf903a14eb5555ac8bc9fbd5fee136cf54c182
commensurate/calc/twisted_sto_angles/theta_22p62_m5_n1_clean/analysis_ti_displacement_theta_22p62/inplane_rotated_angstrom/ti22_inplane_1x1_rotated_angstrom.png,,,other,464591,9262a73d8b8cab658f15e88c3518b1deba74912f7e8bfd590bce586b0a528717
commensurate/calc/twisted_sto_angles/theta_22p62_m5_n1_clean/analysis_ti_displacement_theta_22p62/inplane_rotated_angstrom/ti22_inplane_3x3_rotated_angstrom.pdf,,,other,53851,82a22036502317d21241a8b6450ac7b9387425815e20fa4c6a8ac53f9c314f45
commensurate/calc/twisted_sto_angles/theta_22p62_m5_n1_clean/analysis_ti_displacement_theta_22p62/inplane_rotated_angstrom/ti22_inplane_3x3_rotated_angstrom.png,,,other,914485,ec5f252f30224ba07e57dae62ae089ca15b923618ec901804fc728d82199245d
commensurate/calc/twisted_sto_angles/theta_22p62_m5_n1_clean/analysis_ti_displacement_theta_22p62/outofplane_corrected_final/ti22_dz_corr_x_1x1.pdf,,,other,17564,5e2d1c4e9030f5f3d6c5e5e554b6e29d98affba2ebf56ec5dfc47430ad5b7c41
commensurate/calc/twisted_sto_angles/theta_22p62_m5_n1_clean/analysis_ti_displacement_theta_22p62/outofplane_corrected_final/ti22_dz_corr_x_1x1.png,,,other,313675,22992e0e526246148067878aab083495e028c1b5085fe07c8cc0c0a72ecf6543
commensurate/calc/twisted_sto_angles/theta_22p62_m5_n1_clean/analysis_ti_displacement_theta_22p62/outofplane_corrected_final/ti22_dz_corr_x_3x.pdf,,,other,23243,4faf98dce5a086c97c9c46506cdab4461e43c83dae424c78719415471937f049
commensurate/calc/twisted_sto_angles/theta_22p62_m5_n1_clean/analysis_ti_displacement_theta_22p62/outofplane_corrected_final/ti22_dz_corr_x_3x.png,,,other,415127,26801a661a598e76230672ebf9e0c1b86248102b695ade905ce42f26f74001aa
commensurate/calc/twisted_sto_angles/theta_22p62_m5_n1_clean/analysis_ti_displacement_theta_22p62/outofplane_final_8x/ti22_delta_z_xz_1x1_8x.pdf,,,other,16712,f62e9e3889fc04c20599ff81e025f522a14494b4a0cc70adf37216853f26fa50
commensurate/calc/twisted_sto_angles/theta_22p62_m5_n1_clean/analysis_ti_displacement_theta_22p62/outofplane_final_8x/ti22_delta_z_xz_1x1_8x.png,,,other,262866,16fc2fbf0365873b984045f60796c019e00ff0609f8ec5cdfffdad9707a9ddb1
commensurate/calc/twisted_sto_angles/theta_22p62_m5_n1_clean/analysis_ti_displacement_theta_22p62/outofplane_final_8x/ti22_delta_z_xz_3x_8x.pdf,,,other,19985,5878855c2430a1bc9e58cd48f15449419ddfcd17543c98bd597ca485f59f8de9
commensurate/calc/twisted_sto_angles/theta_22p62_m5_n1_clean/analysis_ti_displacement_theta_22p62/outofplane_final_8x/ti22_delta_z_xz_3x_8x.png,,,other,208106,8ca5453ec129a7c6fa88f710ad8b634a741408ea15399f4239161cf8efb2ce7e
commensurate/calc/twisted_sto_angles/theta_22p62_m5_n1_clean/analysis_ti_displacement_theta_22p62/outofplane_reference_style_accurate/ti22_dz_corr_reference_style_1x1_TRUE_A.pdf,,,other,19152,4b2d7f200baa0eb93283ac644bc11376e1dcde88177e90ddb9dd60ace4ad012a
commensurate/calc/twisted_sto_angles/theta_22p62_m5_n1_clean/analysis_ti_displacement_theta_22p62/outofplane_reference_style_accurate/ti22_dz_corr_reference_style_1x1_TRUE_A.png,,,other,307930,087d4115463a395f37f75f331b3d5353f7b09eb42fef5b589d91cdb88503f249
commensurate/calc/twisted_sto_angles/theta_22p62_m5_n1_clean/analysis_ti_displacement_theta_22p62/outofplane_reference_style_accurate/ti22_dz_corr_reference_style_3x_TRUE_A.pdf,,,other,22835,af660db8f12da802ddba0f1caf25b2e7a2ae4d2648b6f7086a1e5a70127a6547
commensurate/calc/twisted_sto_angles/theta_22p62_m5_n1_clean/analysis_ti_displacement_theta_22p62/outofplane_reference_style_accurate/ti22_dz_corr_reference_style_3x_TRUE_A.png,,,other,424654,c736a35d8a3f3ab64b3bbe16a17b9e05a7cc5f82f771a3fdead2c46af7e9a162
commensurate/calc/twisted_sto_angles/theta_22p62_m5_n1_clean/analysis_ti_displacement_theta_22p62/plot_ti22_dz_reference_style_accurate.py,,,other,10878,344d8ce6cabbaf2b7f7f9bba3c3ad653f07c21ad61c4cd431b4965ee0b4e39df
commensurate/calc/twisted_sto_angles/theta_22p62_m5_n1_clean/analysis_ti_displacement_theta_22p62/plots/theta22_lower_Ti_inplane_corrected.pdf,,,other,25895,e4bc4e48d2bc54c5e04acc3c6b602cc00872433b3dd1c59822f1610311656351
commensurate/calc/twisted_sto_angles/theta_22p62_m5_n1_clean/analysis_ti_displacement_theta_22p62/plots/theta22_lower_Ti_inplane_corrected.png,,,other,173767,fb71325cdb7adfc30767c8ff27ea409d6e2c922606818140360d000fc2875a21
commensurate/calc/twisted_sto_angles/theta_22p62_m5_n1_clean/analysis_ti_displacement_theta_22p62/plots/theta22_lower_Ti_z_corrected.pdf,,,other,21969,f12ee418db4415ad39aff4c6f8c90d5f1516e6321f819333d07023e1b5e52298
commensurate/calc/twisted_sto_angles/theta_22p62_m5_n1_clean/analysis_ti_displacement_theta_22p62/plots/theta22_lower_Ti_z_corrected.png,,,other,246959,7fa8993a6a33e9a991f1bc241aac7e1866583ba36e0774918858cc09677348f6
commensurate/calc/twisted_sto_angles/theta_22p62_m5_n1_clean/analysis_ti_displacement_theta_22p62/plots/theta22_upper_Ti_inplane_corrected.pdf,,,other,25997,f9db137477ebf587b0e518e84250d626684a37032ae449e62d45ece87f068f10
commensurate/calc/twisted_sto_angles/theta_22p62_m5_n1_clean/analysis_ti_displacement_theta_22p62/plots/theta22_upper_Ti_inplane_corrected.png,,,other,158732,024a40f5aae795cb7e71b87017d64739931595c5c9b38d552194976121bdd5e4
commensurate/calc/twisted_sto_angles/theta_22p62_m5_n1_clean/analysis_ti_displacement_theta_22p62/plots/theta22_upper_Ti_z_corrected.pdf,,,other,21285,2b39be1685f2c425573e20ec30c031f1b6fcc3cb2b793de81be60216b842113e
commensurate/calc/twisted_sto_angles/theta_22p62_m5_n1_clean/analysis_ti_displacement_theta_22p62/plots/theta22_upper_Ti_z_corrected.png,,,other,249889,c25e3d603e508a9275a698db4fb132059cc1843020001d13210df65a5c927139
commensurate/calc/twisted_sto_angles/theta_22p62_m5_n1_clean/analysis_ti_displacement_theta_22p62/plots_paperstyle/ti22_delta_z_paperstyle_5x_relaxed_base_no_horizontal_lines.pdf,,,other,27036,4933e023db6677ab4911f821a0a8330f948fb6b554241fc8f017ac2a9c997a45
commensurate/calc/twisted_sto_angles/theta_22p62_m5_n1_clean/analysis_ti_displacement_theta_22p62/plots_paperstyle/ti22_delta_z_paperstyle_5x_relaxed_base_no_horizontal_lines.png,,,other,432486,45e6bcfa942beb597c263cc34070b3bf2515196452834b2e4a8d397d9182f1b7
commensurate/calc/twisted_sto_angles/theta_22p62_m5_n1_clean/analysis_ti_displacement_theta_22p62/plots_paperstyle/ti22_delta_z_paperstyle_5x_relaxed_base_with_horizontal_lines.pdf,,,other,27130,c88bfff7d861bbceae0d0c80420949c9b20030dda46b0b4927a1d1e95afc75fb
commensurate/calc/twisted_sto_angles/theta_22p62_m5_n1_clean/analysis_ti_displacement_theta_22p62/plots_paperstyle/ti22_delta_z_paperstyle_5x_relaxed_base_with_horizontal_lines.png,,,other,435163,ae81fbe41556c1f37fd8122ee66020cc89fbb2e03e8125fec402363fb6e4be91
commensurate/calc/twisted_sto_angles/theta_22p62_m5_n1_clean/analysis_ti_displacement_theta_22p62/plots_paperstyle/ti22_inplane_paperstyle.pdf,,,other,17583,f72338a8a344b02df2d1747aba1f1125eb5adc19988d83e6fb248d4acac0850f
commensurate/calc/twisted_sto_angles/theta_22p62_m5_n1_clean/analysis_ti_displacement_theta_22p62/plots_paperstyle/ti22_inplane_paperstyle.png,,,other,320510,aba7f8d067d8430e776f720443c0bfb22496941e32fb3a7a954b347da7cc6ecc
commensurate/calc/twisted_sto_angles/theta_22p62_m5_n1_clean/analysis_ti_displacement_theta_22p62/plots_same_style/ti22_3x3_cartesian_no_boxes.pdf,,,other,54873,b50ffc9369cc6f67818fa0cfd8f4813c769328a069a31ac31fd6dfa03fdfb8ac
commensurate/calc/twisted_sto_angles/theta_22p62_m5_n1_clean/analysis_ti_displacement_theta_22p62/plots_same_style/ti22_3x3_cartesian_no_boxes.png,,,other,644199,d7acfd3b4b76bd0bdebb90aa8c9906c4215cd7725329e63567583a52a4894288
commensurate/calc/twisted_sto_angles/theta_22p62_m5_n1_clean/analysis_ti_displacement_theta_22p62/plots_same_style/ti22_3x3_square_polar_pattern_paperstyle.pdf,,,other,49622,035224a44ae85fed07da121d99b8e69a17c4b5b69cbb0d55e38db4a9d0eef10d
commensurate/calc/twisted_sto_angles/theta_22p62_m5_n1_clean/analysis_ti_displacement_theta_22p62/plots_same_style/ti22_3x3_square_polar_pattern_paperstyle.png,,,other,387433,19ea6ed86a9f5a1c8948db06f8f4ddf07b8c4329151791ce295aa573b9ef8a8f
commensurate/calc/twisted_sto_angles/theta_22p62_m5_n1_clean/analysis_ti_displacement_theta_22p62/plots_same_style/ti22_3x3_square_reduced.pdf,,,other,52993,cde3c302dac86b8d7e11826abc9e9960943c8761f411d54f8b77999c45464dfc
commensurate/calc/twisted_sto_angles/theta_22p62_m5_n1_clean/analysis_ti_displacement_theta_22p62/plots_same_style/ti22_3x3_square_reduced.png,,,other,686008,b5fd8cc8a736924448bb1e59483f48f6356fc911da36489c7881e256428bf5ec
commensurate/calc/twisted_sto_angles/theta_22p62_m5_n1_clean/analysis_ti_displacement_theta_22p62/plots_same_style/ti22_delta_z_paperstyle_balanced_3x.pdf,,,other,19370,b084c61b0acc24688d330e0636d5f0aacc50b4deb98497450fc9358c000f1f3e
commensurate/calc/twisted_sto_angles/theta_22p62_m5_n1_clean/analysis_ti_displacement_theta_22p62/plots_same_style/ti22_delta_z_paperstyle_balanced_3x.png,,,other,403343,0e4c7cab1d956b233619c23741268bd3237caeabaa4803366596f5cbe1ea2c30
commensurate/calc/twisted_sto_angles/theta_22p62_m5_n1_clean/analysis_ti_displacement_theta_22p62/plots_same_style/ti22_original_1x1_cartesian.pdf,,,other,20124,c1616041d4c3db17316e3ced161c14644eff690aa0fa43968e9f9940c8c02791
commensurate/calc/twisted_sto_angles/theta_22p62_m5_n1_clean/analysis_ti_displacement_theta_22p62/plots_same_style/ti22_original_1x1_cartesian.png,,,other,340820,078c4caecffb075f4f7225250d61cdd976442fa7adfb982fc4e83fbb56c74386
commensurate/calc/twisted_sto_angles/theta_22p62_m5_n1_clean/analysis_ti_displacement_theta_22p62/plots_same_style/ti22_original_1x1_square_reduced.pdf,,,other,21657,c3706eac3417d3e4af011a41487c057eace8b3b5bfe0f3c851a4e5c2152cd218
commensurate/calc/twisted_sto_angles/theta_22p62_m5_n1_clean/analysis_ti_displacement_theta_22p62/plots_same_style/ti22_original_1x1_square_reduced.png,,,other,342023,094154f379457f6e58e9e0f1ebe837eb42b189f45bb9732cac55a39881ad8def
commensurate/calc/twisted_sto_angles/theta_22p62_m5_n1_clean/analysis_ti_displacement_theta_22p62/three_maps_amplified/ti22_3x3_reduced_arrows10x.pdf,,,other,55053,48406e82ac97aac5236fbce13f1f93eeb234cb518fc73dd668decca5a39ed49c
commensurate/calc/twisted_sto_angles/theta_22p62_m5_n1_clean/analysis_ti_displacement_theta_22p62/three_maps_amplified/ti22_3x3_reduced_arrows10x.png,,,other,1139892,e71877bacdcf02b27556208a1880da753dbc99f3c7c218cab4160bf83f47b243
commensurate/calc/twisted_sto_angles/theta_22p62_m5_n1_clean/analysis_ti_displacement_theta_22p62/three_maps_amplified/ti22_original_1x1_cartesian_arrows10x.pdf,,,other,22248,3f5126a8e27b6ed6a2405f4c9b44cd17cb2182318feabaf79ed7806b7444f4f8
commensurate/calc/twisted_sto_angles/theta_22p62_m5_n1_clean/analysis_ti_displacement_theta_22p62/three_maps_amplified/ti22_original_1x1_cartesian_arrows10x.png,,,other,562792,c8ac637882788d7dd21caef1f4078b261b5245d4379e7f812660446c72f93aa4
commensurate/calc/twisted_sto_angles/theta_22p62_m5_n1_clean/analysis_ti_displacement_theta_22p62/three_maps_amplified/ti22_original_1x1_reduced_arrows10x.pdf,,,other,23350,bc5cf9b6774cf2f3d0e31bd0b317a0fd844dfb5115e34fc7c6535cec363efc39
commensurate/calc/twisted_sto_angles/theta_22p62_m5_n1_clean/analysis_ti_displacement_theta_22p62/three_maps_amplified/ti22_original_1x1_reduced_arrows10x.png,,,other,598151,84bdbf7eed83b4960d3efcdf2e79e6db71b714d2e406cc9ffa37c4c5762ffa2f
commensurate/calc/twisted_sto_angles/theta_22p62_m5_n1_clean/analysis_ti_displacement_theta_22p62/three_maps_final_8x/ti22_3x3_reduced_8x.pdf,,,other,52156,8371dc18192396971b9110fa6b61d7e47e523df1652a0a4905d5abc9c17bf553
commensurate/calc/twisted_sto_angles/theta_22p62_m5_n1_clean/analysis_ti_displacement_theta_22p62/three_maps_final_8x/ti22_3x3_reduced_8x.png,,,other,965616,02bae0b7cef880fc3ad3ec8e744e58794d63a4b82e4de01783ad1ed27520b254
commensurate/calc/twisted_sto_angles/theta_22p62_m5_n1_clean/analysis_ti_displacement_theta_22p62/three_maps_final_8x/ti22_original_1x1_cartesian_8x.pdf,,,other,20516,dcefc2906636cec7f3fdd5a2ecde190fa805171d73216801eea182df77e52915
commensurate/calc/twisted_sto_angles/theta_22p62_m5_n1_clean/analysis_ti_displacement_theta_22p62/three_maps_final_8x/ti22_original_1x1_cartesian_8x.png,,,other,485672,b0ddb301cc7a9f0804540cf8c1e106a01c837e9579e928fd5b21b51d06710393
commensurate/calc/twisted_sto_angles/theta_22p62_m5_n1_clean/analysis_ti_displacement_theta_22p62/three_maps_final_8x/ti22_original_1x1_reduced_8x.pdf,,,other,21524,f7714fd796517e69372ce715681aa5658da0da8ee28ae055e255e16fbdcbeb74
commensurate/calc/twisted_sto_angles/theta_22p62_m5_n1_clean/analysis_ti_displacement_theta_22p62/three_maps_final_8x/ti22_original_1x1_reduced_8x.png,,,other,536115,393a62b684c9ea3724e9ddd6650c24a3e4ee2d9978286df7f1e794c3836e3811
commensurate/calc/twisted_sto_angles/theta_22p62_m5_n1_clean/analysis_ti_displacement_theta_22p62/ti22_outofplane_reference_style_accurate.zip,,,other,550971,09beb3fff6b7ca7d96d48c97893b135e722896026cc318e1fbd6d784ed2ef5fc
commensurate/calc/twisted_sto_angles/theta_22p62_m5_n1_clean/analysis_ti_displacement_theta_22p62/ti_displacement_summary.txt,,,other,1754,032d8f6ac6c19e3e84b63c62ee7811c2312cab8d68cf280beafb56bba1b73b8f
commensurate/calc/twisted_sto_angles/theta_22p62_m5_n1_clean/analysis_ti_displacement_theta_22p62/ti_lower_displacements.dat,,,other,4204,21d3873c8fec44f69de2ef22021c8d027c4d50519c590e2613d2606ccc0856bb
commensurate/calc/twisted_sto_angles/theta_22p62_m5_n1_clean/analysis_ti_displacement_theta_22p62/ti_upper_displacements.dat,,,other,4205,21daa5d68896f3039c55b1922565af3f0c87eb083e7e473f19b28f16eaf2cef6
commensurate/calc/twisted_sto_angles/theta_22p62_m5_n1_clean/before_relax_smearing_restart2/relax_from_converged_plain_smearing.in,,,qe_input,14138,c1df233e2614fa3242b5ac5dce6e1196af9096b85b334999e29befc33dc7db24
commensurate/calc/twisted_sto_angles/theta_22p62_m5_n1_clean/nscf/nscf_from_converged_plain_highverbosity.in,,,qe_input,14061,2fa87721188596b0d3ee7d4bbc3c58d410933728befa73f36fcab294cb10e962
commensurate/calc/twisted_sto_angles/theta_22p62_m5_n1_clean/nscf/nscf_from_converged_plain_highverbosity.out,,,qe_output,164106,3fe0d130b82377365f4ff7cb6c51a57e82d7d4954ce82e91da1a582f45996623
commensurate/calc/twisted_sto_angles/theta_22p62_m5_n1_clean/nscf/script_nscf_from_converged_plain_highverbosity.sh,,,other,788,2d78e07e7c38e7957cef61ae4f1a199ba2ce542acb969dc4fff987c75a27e7fa
commensurate/calc/twisted_sto_angles/theta_22p62_m5_n1_clean/nscf/sto22-nscf-high.54213323.err,,,other,6204,45e74ffb0d339485d3b16395d508b919ea0cd7dfcfa7690f0d6f0ce2a3953569
commensurate/calc/twisted_sto_angles/theta_22p62_m5_n1_clean/nscf/sto22-nscf-high.54213323.out,,,qe_output,154,f345c3597f4b0927d5abe28004c39cbfbe99722a38f3f372190686438166543a
commensurate/calc/twisted_sto_angles/theta_22p62_m5_n1_clean/plotting_scripts/plot_ti22_all_paperstyle.py,,,other,14941,f4d0cf744838a18d8c10efe97ac27540ed698b2ae7b7d25d4ce5a3ef7f347fb8
commensurate/calc/twisted_sto_angles/theta_22p62_m5_n1_clean/plotting_scripts/plot_ti22_displacements.py,,,other,3443,991245f9353e003fc9918c2aa5ce132f4244cb8c286e495d8a651cb5911fad0a
commensurate/calc/twisted_sto_angles/theta_22p62_m5_n1_clean/plotting_scripts/plot_ti22_inplane_final_angstrom.py,,,other,7645,6d9560039312228c3fabd84b5cb992f58cd4d155af0865b57f1e69e9760768d4
commensurate/calc/twisted_sto_angles/theta_22p62_m5_n1_clean/plotting_scripts/plot_ti22_inplane_rotated_angstrom.py,,,other,6230,3eaa7ae401460b2e74059027a7943d71b315a1d82334cf36ced1715539f6d54e
commensurate/calc/twisted_sto_angles/theta_22p62_m5_n1_clean/plotting_scripts/plot_ti22_outofplane_corrected_final.py,,,other,6900,e372b9170d9dae432ba3f983eddbddc8bfdc40eec4dce9f4da70280ef5961978
commensurate/calc/twisted_sto_angles/theta_22p62_m5_n1_clean/plotting_scripts/plot_ti22_outofplane_final.py,,,other,6883,25960a94c908a541b4b0ac67caa4b4cd7d73bc36e5e4e82b1b652aa01a519a47
commensurate/calc/twisted_sto_angles/theta_22p62_m5_n1_clean/plotting_scripts/plot_ti22_paperstyle.py,,,other,7254,e9024528ebca3d035c6637f525b1a21912321d814855b9eaa0138d36b9a06fa2
commensurate/calc/twisted_sto_angles/theta_22p62_m5_n1_clean/plotting_scripts/plot_ti22_three_maps_amplified.py,,,other,11491,cabf6960c7568a646d51277a7766ab46500be32fe8efd3daaec5df1b79666b9f
commensurate/calc/twisted_sto_angles/theta_22p62_m5_n1_clean/plotting_scripts/plot_ti22_three_maps_final.py,,,other,10173,03d262e35196126f730d014c5e005983a1321e73b478670e01c42f66e9537d73
commensurate/calc/twisted_sto_angles/theta_22p62_m5_n1_clean/relax_fixed_david_beta01_plain.in,,,qe_input,14092,2949b8fe7b88e17e0a1a37259470ef860710b4c353dcb225bb82101c62ff3ba4
commensurate/calc/twisted_sto_angles/theta_22p62_m5_n1_clean/relax_from_converged_plain.in,,,qe_input,14094,33f60547a1a23f2f0ea739f55289feb021aa84d4bfb8823c55347e740f34bb7b
commensurate/calc/twisted_sto_angles/theta_22p62_m5_n1_clean/relax_from_converged_plain.out,,,qe_output,137266,89b66a5b4d931ab771ad427da9881617f948977570ed4190286057f08ddb4342
commensurate/calc/twisted_sto_angles/theta_22p62_m5_n1_clean/relax_from_converged_plain_smearing.in,,,qe_input,14138,c1df233e2614fa3242b5ac5dce6e1196af9096b85b334999e29befc33dc7db24
commensurate/calc/twisted_sto_angles/theta_22p62_m5_n1_clean/relax_from_converged_plain_smearing.out,,,qe_output,2111612,506c12b2a04e9bd80553744a20a8b64058d2fea9e7b7497563764550b0d01b1a
commensurate/calc/twisted_sto_angles/theta_22p62_m5_n1_clean/relax_from_converged_plain_smearing_restart2.in,,,qe_input,14170,73b41f27d3ed63ac44692dd8603b6c850a9f4b8257690ee60727ffbd8de5599f
commensurate/calc/twisted_sto_angles/theta_22p62_m5_n1_clean/relax_from_converged_plain_smearing_restart2_24h.in,,,qe_input,14169,d4d9ef362f1b5083609edeada2b463b7e11b981a472bf37133516e8cbb76480c
commensurate/calc/twisted_sto_angles/theta_22p62_m5_n1_clean/relax_from_converged_plain_smearing_restart2_24h.out,,,qe_output,1517320,6879f7546d22a3f5ecadf79ab22678efefad3d9ec12b4fc5fa67db5c2e2b3c23
commensurate/calc/twisted_sto_angles/theta_22p62_m5_n1_clean/relax_from_converged_plain_smearing_restart3_24h.in,,,qe_input,14169,d4d9ef362f1b5083609edeada2b463b7e11b981a472bf37133516e8cbb76480c
commensurate/calc/twisted_sto_angles/theta_22p62_m5_n1_clean/relax_from_converged_plain_smearing_restart3_24h.out,,,qe_output,1502318,f2f45c57134917087fa3382912c55fd23c131459aec5397809f59a87d2059b28
commensurate/calc/twisted_sto_angles/theta_22p62_m5_n1_clean/relax_from_converged_plain_smearing_restart4_48h.in,,,qe_input,14170,73b41f27d3ed63ac44692dd8603b6c850a9f4b8257690ee60727ffbd8de5599f
commensurate/calc/twisted_sto_angles/theta_22p62_m5_n1_clean/relax_from_converged_plain_smearing_restart4_48h.out,,,qe_output,2941984,e67e72549c407ec283344185f22f1a48a4258785f4dd0fedf5f450ed2f417337
commensurate/calc/twisted_sto_angles/theta_22p62_m5_n1_clean/relax_from_converged_plain_smearing_restart5_48h.in,,,qe_input,14168,ae01ea431d96c093cb7ed4166c130bb08778d330b144e0c1a613ff0a7711cfa4
commensurate/calc/twisted_sto_angles/theta_22p62_m5_n1_clean/relax_from_converged_plain_smearing_restart5_48h.out,,,qe_output,67719,0265b87fc16a63a4c52fc9e73435af59f801217b6dde310b38a27d0e6b3e01a7
commensurate/calc/twisted_sto_angles/theta_22p62_m5_n1_clean/relax_from_converged_plain_smearing_restart6_48h.in,,,qe_input,14170,73b41f27d3ed63ac44692dd8603b6c850a9f4b8257690ee60727ffbd8de5599f
commensurate/calc/twisted_sto_angles/theta_22p62_m5_n1_clean/relax_from_converged_plain_smearing_restart6_48h.out,,,qe_output,2943880,574505e63ee5bbf1e24e56ad4d72d9d10a57b626a43eee74511e0c3806dd2d3f
commensurate/calc/twisted_sto_angles/theta_22p62_m5_n1_clean/relax_from_converged_plain_smearing_restart7_48h.in,,,qe_input,14170,73b41f27d3ed63ac44692dd8603b6c850a9f4b8257690ee60727ffbd8de5599f
commensurate/calc/twisted_sto_angles/theta_22p62_m5_n1_clean/relax_from_converged_plain_smearing_restart7_48h.out,,,qe_output,3222851,352727c9f79205cef176c64c884a2ef55735d368d05255c6504f6fdbef5f76a6
commensurate/calc/twisted_sto_angles/theta_22p62_m5_n1_clean/relax_from_converged_plain_smearing_restart8_48h.in,,,qe_input,14170,73b41f27d3ed63ac44692dd8603b6c850a9f4b8257690ee60727ffbd8de5599f
commensurate/calc/twisted_sto_angles/theta_22p62_m5_n1_clean/relax_from_converged_plain_smearing_restart8_48h.out,,,qe_output,3495913,59eae78b3c7351eb51419c5acdf6cb56a92db70b4d69d1ca939a8229c83d1e35
commensurate/calc/twisted_sto_angles/theta_22p62_m5_n1_clean/relax_from_converged_plain_smearing_restart9_48h.in,,,qe_input,14170,73b41f27d3ed63ac44692dd8603b6c850a9f4b8257690ee60727ffbd8de5599f
commensurate/calc/twisted_sto_angles/theta_22p62_m5_n1_clean/relax_from_converged_plain_smearing_restart9_48h.out,,,qe_output,2341276,5b0a4156a3b3deb4cfbf133ca8342e6f44271b241530d969f83a9a198893b4a0
commensurate/calc/twisted_sto_angles/theta_22p62_m5_n1_clean/run_sto22_relax_restart5_48h.sh,,,other,1016,403ede804ca5ddc77b83161bc12ffa1910d1b9fa40192ce85699056573a59da0
commensurate/calc/twisted_sto_angles/theta_22p62_m5_n1_clean/scf_accuracy_summary_22p62.dat,,,other,1890,e51c9ad99e9f073290564ac9e9b44b8101e8d739367c4f11cd07e8303858204b
commensurate/calc/twisted_sto_angles/theta_22p62_m5_n1_clean/scf_fixed_david_beta01_local_tf.in,,,qe_input,14045,2fc12afe30cb87b86e531170f5d9fff0be36e34fd02b6d7cda84117278f13be6
commensurate/calc/twisted_sto_angles/theta_22p62_m5_n1_clean/scf_fixed_david_beta01_local_tf.out,,,qe_output,134642,3212df0da2fb296ce2bd5bc4cd7b00702e6e16a81e5adb2848cce0e9d4d15cf6
commensurate/calc/twisted_sto_angles/theta_22p62_m5_n1_clean/scf_fixed_david_beta01_plain.in,,,qe_input,14039,f938397cf00f4ac673f2b6e528d2f6666f64456d74c76067e4f6c318a629c833
commensurate/calc/twisted_sto_angles/theta_22p62_m5_n1_clean/scf_fixed_david_beta01_plain.out,,,qe_output,137299,f67ba665061645169624aaceacc3c947e5b66a23732fd27cfdefe65e6fc7aee3
commensurate/calc/twisted_sto_angles/theta_22p62_m5_n1_clean/scf_fixed_david_beta01_tf.in,,,qe_input,14033,96be6191e1cd2002d5d2476d2790111f2157e66a54feaf351cd20a9669ebe766
commensurate/calc/twisted_sto_angles/theta_22p62_m5_n1_clean/scf_fixed_david_beta01_tf.out,,,qe_output,170230,65bed740c55ad13c6060de88247571333e6c1f3ac2ab783381ce7b9d4dc24748
commensurate/calc/twisted_sto_angles/theta_22p62_m5_n1_clean/scf_mixing_beta_study/base_theta22.in,,,qe_input,13968,f19939705708ff3410b67f86c23ebd08514c5f9acb828dfea2b304422f8d2d5e
commensurate/calc/twisted_sto_angles/theta_22p62_m5_n1_clean/scf_mixing_beta_study/job_t22_TF_b08.sh,,,other,650,e7736c62066c550af936ccbc5e97968ee15b0f37ea4bd705ca564ed9d33cb20f
commensurate/calc/twisted_sto_angles/theta_22p62_m5_n1_clean/scf_mixing_beta_study/job_t22_TF_b12.sh,,,other,650,804e28197613f6b6b695d9b60d233d682f119d1951fb406f681bd59fbd66beae
commensurate/calc/twisted_sto_angles/theta_22p62_m5_n1_clean/scf_mixing_beta_study/job_t22_TF_b20.sh,,,other,650,34929224d121e789118a91973e5ea9d0a7d48fbae5761f3af7ed8ae3ce595aea
commensurate/calc/twisted_sto_angles/theta_22p62_m5_n1_clean/scf_mixing_beta_study/job_t22_localTF_b08.sh,,,other,682,fb141140bf8408676a26f573df02303f016506c96ff49805d8361e1a58608565
commensurate/calc/twisted_sto_angles/theta_22p62_m5_n1_clean/scf_mixing_beta_study/job_t22_localTF_b12.sh,,,other,682,095a24c4ebe4421a18c61700cbc0086a90c6de99b8cf53ef7b23f9b85bf72e36
commensurate/calc/twisted_sto_angles/theta_22p62_m5_n1_clean/scf_mixing_beta_study/job_t22_localTF_b20.sh,,,other,682,5946faf237dd961307c4ee769e1499a06108111519fab3ca57ed7a8512b51a60
commensurate/calc/twisted_sto_angles/theta_22p62_m5_n1_clean/scf_mixing_beta_study/job_t22_plain_b08.sh,,,other,668,2e367777ffbdc75bd7b8f5484543d95caa01afd6f6b6e6df7bb101d0e9b7b84d
commensurate/calc/twisted_sto_angles/theta_22p62_m5_n1_clean/scf_mixing_beta_study/job_t22_plain_b12.sh,,,other,668,225851ea4c2e9c44ebcce28f32280ef0a9f4473d7a6b89955191d1521ddece2c
commensurate/calc/twisted_sto_angles/theta_22p62_m5_n1_clean/scf_mixing_beta_study/job_t22_plain_b20.sh,,,other,668,57f9198b8f6f465120cc1cc106b68f0958ede909d04abc4e2c7f070b7bad1817
commensurate/calc/twisted_sto_angles/theta_22p62_m5_n1_clean/scf_mixing_beta_study/make_theta22_mixing_beta.sh,,,other,2170,eb05d2d4546600fbe8cb5b2508ae989f8ea0d90f2284bf46eca773615480845c
commensurate/calc/twisted_sto_angles/theta_22p62_m5_n1_clean/scf_mixing_beta_study/scf_t22_TF_b08.in,,,qe_input,14017,71e48b3358d86fe2b045857bba7656487cd5446d44a1513fce3c33fa34dc4936
commensurate/calc/twisted_sto_angles/theta_22p62_m5_n1_clean/scf_mixing_beta_study/scf_t22_TF_b08.out,,,qe_output,180490,57cf968de0b38823016b2b610822318dac0e9d187eaed2a797527352de966256
commensurate/calc/twisted_sto_angles/theta_22p62_m5_n1_clean/scf_mixing_beta_study/scf_t22_TF_b12.in,,,qe_input,14017,87a1ce5cb0b5643c1a32a226b002d404bf258eb26adf1a1614db08dfd1e23a9a
commensurate/calc/twisted_sto_angles/theta_22p62_m5_n1_clean/scf_mixing_beta_study/scf_t22_TF_b12.out,,,qe_output,181533,3cb679d2304469179e08a4bcd9bbdf6e35c160e7ee181db8092b144a0a6edaf4
commensurate/calc/twisted_sto_angles/theta_22p62_m5_n1_clean/scf_mixing_beta_study/scf_t22_TF_b20.in,,,qe_input,14017,c2494869e600e1b5d50989cee09725d82bb41d35a6d429b71455998a8ce6f9ce
commensurate/calc/twisted_sto_angles/theta_22p62_m5_n1_clean/scf_mixing_beta_study/scf_t22_TF_b20.out,,,qe_output,162670,434d4361586ba7016792a08e3bc2d42fdf570351b95a86738c6c7e3c9beede3c
commensurate/calc/twisted_sto_angles/theta_22p62_m5_n1_clean/scf_mixing_beta_study/scf_t22_localTF_b08.in,,,qe_input,14028,82e142358f21e0b1e8455e69a9753ff51cf9e8a302719f900d47f7986ae581fb
commensurate/calc/twisted_sto_angles/theta_22p62_m5_n1_clean/scf_mixing_beta_study/scf_t22_localTF_b08.out,,,qe_output,154786,a87f109daa1001053927c483f4d6ca7e1704cf4efdb59e06b46e49bdca3f8c35
commensurate/calc/twisted_sto_angles/theta_22p62_m5_n1_clean/scf_mixing_beta_study/scf_t22_localTF_b12.in,,,qe_input,14028,84ab09154bdefdae7b538531d998b8ba34c07ace0f0ef4024a3184d7c4cb6705
commensurate/calc/twisted_sto_angles/theta_22p62_m5_n1_clean/scf_mixing_beta_study/scf_t22_localTF_b12.out,,,qe_output,190447,d307c82be064bf6b5d891dba3da50c63923f02b96f8a91da71d1439c117d316a
commensurate/calc/twisted_sto_angles/theta_22p62_m5_n1_clean/scf_mixing_beta_study/scf_t22_localTF_b20.in,,,qe_input,14028,461075de4a87dda1ec58bcacc3c7204ed60db22badae8da4e547033d470e795f
commensurate/calc/twisted_sto_angles/theta_22p62_m5_n1_clean/scf_mixing_beta_study/scf_t22_localTF_b20.out,,,qe_output,145765,5ed2c04a281c61a7fff8a27afb49436d3282bba9e140df0a19d53a6322093dfc
commensurate/calc/twisted_sto_angles/theta_22p62_m5_n1_clean/scf_mixing_beta_study/scf_t22_plain_b08.in,,,qe_input,14023,67312fe18f5ee25e132a23810751f4ba5c52c65aec6849d2c30b57119e50c460
commensurate/calc/twisted_sto_angles/theta_22p62_m5_n1_clean/scf_mixing_beta_study/scf_t22_plain_b08.out,,,qe_output,142111,5ad13686944cab8ade117ff530b6fdc3d8f3b62ecd17606a66d305aa94056461
commensurate/calc/twisted_sto_angles/theta_22p62_m5_n1_clean/scf_mixing_beta_study/scf_t22_plain_b12.in,,,qe_input,14023,7cafc5ea0168547e4806b3e58c6dbc33b729df0e117fb250f3a75f1f303b8c5c
commensurate/calc/twisted_sto_angles/theta_22p62_m5_n1_clean/scf_mixing_beta_study/scf_t22_plain_b12.out,,,qe_output,137343,e1eb21a421da05ec07835165ea39765b7102457cfdc8e4d5f713e7ff82d5f07e
commensurate/calc/twisted_sto_angles/theta_22p62_m5_n1_clean/scf_mixing_beta_study/scf_t22_plain_b20.in,,,qe_input,14023,21388bc8e1c1bef8fdd5a66cbfd97d6fc641c09a84e80cc91ebfe63210bc657f
commensurate/calc/twisted_sto_angles/theta_22p62_m5_n1_clean/scf_mixing_beta_study/scf_t22_plain_b20.out,,,qe_output,133111,daef1fc2076e23febf278057efebff8beed89ac7685fddffb663c5db1dfb3987
commensurate/calc/twisted_sto_angles/theta_22p62_m5_n1_clean/scf_mixing_beta_study/squeue,,,other,0,e3b0c44298fc1c149afbf4c8996fb92427ae41e4649b934ca495991b7852b855
commensurate/calc/twisted_sto_angles/theta_22p62_m5_n1_clean/scf_mixing_beta_study/t22-TF-b08.52481620.err,,,other,6204,45e74ffb0d339485d3b16395d508b919ea0cd7dfcfa7690f0d6f0ce2a3953569
commensurate/calc/twisted_sto_angles/theta_22p62_m5_n1_clean/scf_mixing_beta_study/t22-TF-b08.52481620.out,,,qe_output,158,96b70201f5387aff29c0812ba066ddf2df406702585a22708f084a032e19763e
commensurate/calc/twisted_sto_angles/theta_22p62_m5_n1_clean/scf_mixing_beta_study/t22-TF-b12.52481621.err,,,other,6204,45e74ffb0d339485d3b16395d508b919ea0cd7dfcfa7690f0d6f0ce2a3953569
commensurate/calc/twisted_sto_angles/theta_22p62_m5_n1_clean/scf_mixing_beta_study/t22-TF-b12.52481621.out,,,qe_output,158,80e76c9c45b16bb305a04bf618a755602cdfb991690688cd97e93cde6ff3dfd2
commensurate/calc/twisted_sto_angles/theta_22p62_m5_n1_clean/scf_mixing_beta_study/t22-TF-b20.52481622.err,,,other,6204,45e74ffb0d339485d3b16395d508b919ea0cd7dfcfa7690f0d6f0ce2a3953569
commensurate/calc/twisted_sto_angles/theta_22p62_m5_n1_clean/scf_mixing_beta_study/t22-TF-b20.52481622.out,,,qe_output,158,3226eae2be13fc43e8936dc7c95af88b019e538a0dc15be71707e78243196d9d
commensurate/calc/twisted_sto_angles/theta_22p62_m5_n1_clean/scf_mixing_beta_study/t22-localTF-b08.52481614.err,,,other,6204,45e74ffb0d339485d3b16395d508b919ea0cd7dfcfa7690f0d6f0ce2a3953569
commensurate/calc/twisted_sto_angles/theta_22p62_m5_n1_clean/scf_mixing_beta_study/t22-localTF-b08.52481614.out,,,qe_output,170,8d4b238d4e2f40e29a1675065297a66055f7ad200d9c4ed9575873deeeac1461
commensurate/calc/twisted_sto_angles/theta_22p62_m5_n1_clean/scf_mixing_beta_study/t22-localTF-b12.52481615.err,,,other,6204,45e74ffb0d339485d3b16395d508b919ea0cd7dfcfa7690f0d6f0ce2a3953569
commensurate/calc/twisted_sto_angles/theta_22p62_m5_n1_clean/scf_mixing_beta_study/t22-localTF-b12.52481615.out,,,qe_output,170,cfcf570275568ba6e053b887a87a1c154769a14cc63d60649f3c01e433c79a9e
commensurate/calc/twisted_sto_angles/theta_22p62_m5_n1_clean/scf_mixing_beta_study/t22-localTF-b20.52481616.err,,,other,6204,45e74ffb0d339485d3b16395d508b919ea0cd7dfcfa7690f0d6f0ce2a3953569
commensurate/calc/twisted_sto_angles/theta_22p62_m5_n1_clean/scf_mixing_beta_study/t22-localTF-b20.52481616.out,,,qe_output,170,1c7e8c113dd453cfbe87a323847144c4e02421733114dfe16efd1e742b6a845b
commensurate/calc/twisted_sto_angles/theta_22p62_m5_n1_clean/scf_mixing_beta_study/t22-plain-b08.52481617.err,,,other,6204,45e74ffb0d339485d3b16395d508b919ea0cd7dfcfa7690f0d6f0ce2a3953569
commensurate/calc/twisted_sto_angles/theta_22p62_m5_n1_clean/scf_mixing_beta_study/t22-plain-b08.52481617.out,,,qe_output,164,09c3bd38ca4590d4d6c105f607ba2a3ae5a46e29c55acc131f8511f64fef71e1
commensurate/calc/twisted_sto_angles/theta_22p62_m5_n1_clean/scf_mixing_beta_study/t22-plain-b12.52481618.err,,,other,6204,45e74ffb0d339485d3b16395d508b919ea0cd7dfcfa7690f0d6f0ce2a3953569
commensurate/calc/twisted_sto_angles/theta_22p62_m5_n1_clean/scf_mixing_beta_study/t22-plain-b12.52481618.out,,,qe_output,164,7444426016de44fb85d2cc7dd6b83ff1d8c21262263b14101e8801b0067daced
commensurate/calc/twisted_sto_angles/theta_22p62_m5_n1_clean/scf_mixing_beta_study/t22-plain-b20.52481619.err,,,other,6204,45e74ffb0d339485d3b16395d508b919ea0cd7dfcfa7690f0d6f0ce2a3953569
commensurate/calc/twisted_sto_angles/theta_22p62_m5_n1_clean/scf_mixing_beta_study/t22-plain-b20.52481619.out,,,qe_output,164,7c8222ec7876b8acff91ecbbd22c32aaab53157db234c40e272ad32283261dda
commensurate/calc/twisted_sto_angles/theta_22p62_m5_n1_clean/scf_theta_22p62_m5_n1.in,,,qe_input,13968,f19939705708ff3410b67f86c23ebd08514c5f9acb828dfea2b304422f8d2d5e
commensurate/calc/twisted_sto_angles/theta_22p62_m5_n1_clean/scf_theta_22p62_m5_n1.out,,,qe_output,128101,6edf26f4c4a5d07af79acde6705efe3fc1b55acf80153bc9410782cb72a67f04
commensurate/calc/twisted_sto_angles/theta_22p62_m5_n1_clean/scf_theta_22p62_m5_n1.out_OLD2,,,other,129999,04e75d6a406c7028912c228c22ff3ced29ad03549998efd45004946151d9ff76
commensurate/calc/twisted_sto_angles/theta_22p62_m5_n1_clean/script_fixed_david_beta01_local_tf.sh,,,other,786,d45bd3179cbefa72fc2efa0fb7cff3c267186717e2abf9f2ebd3a5a10ca77b07
commensurate/calc/twisted_sto_angles/theta_22p62_m5_n1_clean/script_fixed_david_beta01_plain.sh,,,other,772,d9a08c2e84ebbe8e9f7044def511e61e16e1ef6c8339c2b9dc0bac533c5c02f6
commensurate/calc/twisted_sto_angles/theta_22p62_m5_n1_clean/script_fixed_david_beta01_tf.sh,,,other,757,d3ed7e046d2ccb6c137c61e196c1d1836c2b2b274bca8c8785c48762b1f7e239
commensurate/calc/twisted_sto_angles/theta_22p62_m5_n1_clean/script_relax.sh,,,other,565,d3d9fcd6e5f8b215f766abbef49898b599174ce84a65840a605ad1ecaea815d2
commensurate/calc/twisted_sto_angles/theta_22p62_m5_n1_clean/script_relax_from_converged_plain.sh,,,other,634,dc1d721cff376a53d55c775fc2239808499523228d9cf37953096348e05b233e
commensurate/calc/twisted_sto_angles/theta_22p62_m5_n1_clean/script_relax_from_converged_plain_smearing.sh,,,other,777,9bb659e0e3486a61e6f56ded023477305822768f086b4b1052847759af31a827
commensurate/calc/twisted_sto_angles/theta_22p62_m5_n1_clean/script_relax_from_converged_plain_smearing_restart2.sh,,,other,1182,66db22ddce92cf372c39202ca49e28034189e2eacf45daae17ebcb0b458fea63
commensurate/calc/twisted_sto_angles/theta_22p62_m5_n1_clean/script_relax_from_converged_plain_smearing_restart2_24h.sh,,,other,1190,30de9cc90d21a9a61afad68263c04e8a4ddf7bee10f8fc762be3316038ac78e7
commensurate/calc/twisted_sto_angles/theta_22p62_m5_n1_clean/script_relax_from_converged_plain_smearing_restart3_24h.sh,,,other,1193,0787c235fe8fe7fd50355c2badbbc7647771b92056169b5d8d8002182f0616a2
commensurate/calc/twisted_sto_angles/theta_22p62_m5_n1_clean/script_relax_from_converged_plain_smearing_restart4_48h.sh,,,other,674,83ed47d99c008c2d79d4fd030035ac5b02aa819e6cae8bf2e499880a712f677d
commensurate/calc/twisted_sto_angles/theta_22p62_m5_n1_clean/script_relax_from_converged_plain_smearing_restart6_48h.sh,,,other,674,c94f6aa4daaa6c65d21e83c50b87ec3480199dfed93b492259d3ac1545f68c73
commensurate/calc/twisted_sto_angles/theta_22p62_m5_n1_clean/script_scf.sh,,,other,644,5f68f7055bdcfe0c1d11dfd7ec69285cb0c8f960eb6f4b03b948da30c94ca6c9
commensurate/calc/twisted_sto_angles/theta_22p62_m5_n1_clean/script_scf_relax.sh,,,other,830,519525e4bbd3053c97d10b3cda3299e3b44ecabf11431f6b379cc828eb159ed3
commensurate/calc/twisted_sto_angles/theta_22p62_m5_n1_clean/script_theta22_final_scf.sh,,,other,632,151637d96e812f73e94d64c532ef1ec8e81ec4a515a94c48280f6789f8701f6f
commensurate/calc/twisted_sto_angles/theta_22p62_m5_n1_clean/script_theta22_restart7_48h.sh,,,other,674,09f80a05707fe8d8618c98430ffcca7ce4b393833039815b1b6b0350e21ffb05
commensurate/calc/twisted_sto_angles/theta_22p62_m5_n1_clean/script_theta22_restart8_48h.sh,,,other,674,c0b96f983d35156a98f831750805fccf4d82f8b8c63f7e50012fa8f89d8eea66
commensurate/calc/twisted_sto_angles/theta_22p62_m5_n1_clean/script_theta22_restart9_48h.sh,,,other,674,ecda7ba7c6f1d30dee5d9436589f283e1ad11a08648b63e08ce1dcc3f6a91b73
commensurate/calc/twisted_sto_angles/theta_22p62_m5_n1_clean/slurm_err/sto-22p62-scf-relax.50937981.err,,,other,392,35eaf2429eb348d350618227a19ce608739440811c4fcfbeb2527bfc6ff50299
commensurate/calc/twisted_sto_angles/theta_22p62_m5_n1_clean/slurm_err/sto-22p62-scf-relax.50992313.err,,,other,372,4b9adbbf2427be40e67cb9bc26479c16ebaeec7305a6094204a389852c07146b
commensurate/calc/twisted_sto_angles/theta_22p62_m5_n1_clean/slurm_err/sto-22p62-scf-relax.51081523.err,,,other,372,713b8ef2c5d45ecdd9e0a0d2f64bd239b062600f9834061ad63bf1b52de9862c
commensurate/calc/twisted_sto_angles/theta_22p62_m5_n1_clean/slurm_err/sto-22p62-scf.51213948.err,,,other,3132,4b9419baa0c0b8d4d4737045696d2523ac2d6c8699f2376f1364e93ea58486e5
commensurate/calc/twisted_sto_angles/theta_22p62_m5_n1_clean/slurm_err/sto-22p62-scf.51551662.err,,,other,3132,4b9419baa0c0b8d4d4737045696d2523ac2d6c8699f2376f1364e93ea58486e5
commensurate/calc/twisted_sto_angles/theta_22p62_m5_n1_clean/slurm_err/sto22-final-scf.57165206.err,,,other,6550,de27281e79d8e3ae5dacbfc71e40b489550669ce167f41109b2134ddaeda5c3c
commensurate/calc/twisted_sto_angles/theta_22p62_m5_n1_clean/slurm_err/sto22-fixed-localtf.52988819.err,,,other,6144,6cf59f4545f53396c84c72b298de550606cc354923e3493904828602b952af70
commensurate/calc/twisted_sto_angles/theta_22p62_m5_n1_clean/slurm_err/sto22-fixed-plain.52988802.err,,,other,6144,6cf59f4545f53396c84c72b298de550606cc354923e3493904828602b952af70
commensurate/calc/twisted_sto_angles/theta_22p62_m5_n1_clean/slurm_err/sto22-fixed-tf.52988820.err,,,other,6144,6cf59f4545f53396c84c72b298de550606cc354923e3493904828602b952af70
commensurate/calc/twisted_sto_angles/theta_22p62_m5_n1_clean/slurm_err/sto22-relax-restart.53868564.err,,,other,6204,45e74ffb0d339485d3b16395d508b919ea0cd7dfcfa7690f0d6f0ce2a3953569
commensurate/calc/twisted_sto_angles/theta_22p62_m5_n1_clean/slurm_err/sto22-relax-smear.54213100.err,,,other,6204,45e74ffb0d339485d3b16395d508b919ea0cd7dfcfa7690f0d6f0ce2a3953569
commensurate/calc/twisted_sto_angles/theta_22p62_m5_n1_clean/slurm_err/sto22-rx-24h.54490584.err,,,other,6204,45e74ffb0d339485d3b16395d508b919ea0cd7dfcfa7690f0d6f0ce2a3953569
commensurate/calc/twisted_sto_angles/theta_22p62_m5_n1_clean/slurm_err/sto22-rx-r3-24h.54571233.err,,,other,6204,45e74ffb0d339485d3b16395d508b919ea0cd7dfcfa7690f0d6f0ce2a3953569
commensurate/calc/twisted_sto_angles/theta_22p62_m5_n1_clean/slurm_err/sto22-rx-r4-48h.54821229.err,,,other,6204,45e74ffb0d339485d3b16395d508b919ea0cd7dfcfa7690f0d6f0ce2a3953569
commensurate/calc/twisted_sto_angles/theta_22p62_m5_n1_clean/slurm_err/sto22-rx-r5-48h.55171056.err,,,other,299,41b833c7ce37d0f8ad0197916fd147f45a47700691d1456b573103f90afe4eb3
commensurate/calc/twisted_sto_angles/theta_22p62_m5_n1_clean/slurm_err/sto22-rx-r6-48h.55470337.err,,,other,6204,45e74ffb0d339485d3b16395d508b919ea0cd7dfcfa7690f0d6f0ce2a3953569
commensurate/calc/twisted_sto_angles/theta_22p62_m5_n1_clean/slurm_err/sto22-rx-r7-48h.55622804.err,,,other,6204,45e74ffb0d339485d3b16395d508b919ea0cd7dfcfa7690f0d6f0ce2a3953569
commensurate/calc/twisted_sto_angles/theta_22p62_m5_n1_clean/slurm_err/sto22-rx-r8-48h.56758827.err,,,other,6144,6cf59f4545f53396c84c72b298de550606cc354923e3493904828602b952af70
commensurate/calc/twisted_sto_angles/theta_22p62_m5_n1_clean/slurm_err/sto22-rx-r9-48h.57014941.err,,,other,6204,45e74ffb0d339485d3b16395d508b919ea0cd7dfcfa7690f0d6f0ce2a3953569
commensurate/calc/twisted_sto_angles/theta_22p62_m5_n1_clean/slurm_out/sto-22p62-scf-relax.50937981.out,,,qe_output,44,2395bc28f2311b30ff81c881d229ce3ddf72e18804ca6150a586c0681067ae77
commensurate/calc/twisted_sto_angles/theta_22p62_m5_n1_clean/slurm_out/sto-22p62-scf-relax.50992313.out,,,qe_output,22,52db59cb03c538df98f212f5db23dc6ffaed2471fdc5325c62d6701954566f9e
commensurate/calc/twisted_sto_angles/theta_22p62_m5_n1_clean/slurm_out/sto-22p62-scf-relax.51081523.out,,,qe_output,22,52db59cb03c538df98f212f5db23dc6ffaed2471fdc5325c62d6701954566f9e
commensurate/calc/twisted_sto_angles/theta_22p62_m5_n1_clean/slurm_out/sto-22p62-scf.51213948.out,,,qe_output,0,e3b0c44298fc1c149afbf4c8996fb92427ae41e4649b934ca495991b7852b855
commensurate/calc/twisted_sto_angles/theta_22p62_m5_n1_clean/slurm_out/sto-22p62-scf.51551662.out,,,qe_output,0,e3b0c44298fc1c149afbf4c8996fb92427ae41e4649b934ca495991b7852b855
commensurate/calc/twisted_sto_angles/theta_22p62_m5_n1_clean/slurm_out/sto22-final-scf.57165206.out,,,qe_output,0,e3b0c44298fc1c149afbf4c8996fb92427ae41e4649b934ca495991b7852b855
commensurate/calc/twisted_sto_angles/theta_22p62_m5_n1_clean/slurm_out/sto22-fixed-localtf.52988819.out,,,qe_output,160,e609bb4ee1da73a5bae3a3474c76f926fc897e0e06172bb1f729fd40a84f2e61
commensurate/calc/twisted_sto_angles/theta_22p62_m5_n1_clean/slurm_out/sto22-fixed-plain.52988802.out,,,qe_output,154,3459d2ceff6b7dbe82fcbf268cac41e1b671b39779bb947fde2e22dd90e5f823
commensurate/calc/twisted_sto_angles/theta_22p62_m5_n1_clean/slurm_out/sto22-fixed-tf.52988820.out,,,qe_output,148,53a99c715000d26dc71391d7d742a766c951a260411bd226cfeb0d0bbac8b144
commensurate/calc/twisted_sto_angles/theta_22p62_m5_n1_clean/slurm_out/sto22-relax-restart.53868564.out,,,qe_output,0,e3b0c44298fc1c149afbf4c8996fb92427ae41e4649b934ca495991b7852b855
commensurate/calc/twisted_sto_angles/theta_22p62_m5_n1_clean/slurm_out/sto22-relax-smear.54213100.out,,,qe_output,154,4ba84335956087c0bb97de67c7ff230995ca6927afcc70f74b928d9965ea64c3
commensurate/calc/twisted_sto_angles/theta_22p62_m5_n1_clean/slurm_out/sto22-rx-24h.54490584.out,,,qe_output,479,4639b518aa6dcce389edcafdd69d0c0e34f4ca73cd329d76bf44dec0cc1296f1
commensurate/calc/twisted_sto_angles/theta_22p62_m5_n1_clean/slurm_out/sto22-rx-r3-24h.54571233.out,,,qe_output,479,a0c77d57fa3df776a05fa65208fe2e9f29e988c7420e2defca7939dbc59e27f4
commensurate/calc/twisted_sto_angles/theta_22p62_m5_n1_clean/slurm_out/sto22-rx-r4-48h.54821229.out,,,qe_output,0,e3b0c44298fc1c149afbf4c8996fb92427ae41e4649b934ca495991b7852b855
commensurate/calc/twisted_sto_angles/theta_22p62_m5_n1_clean/slurm_out/sto22-rx-r5-48h.55171056.out,,,qe_output,251,567d894c897679a1ed00b5491049bcf1efbdcb2aaf8eb82fd048961a468af76b
commensurate/calc/twisted_sto_angles/theta_22p62_m5_n1_clean/slurm_out/sto22-rx-r6-48h.55470337.out,,,qe_output,0,e3b0c44298fc1c149afbf4c8996fb92427ae41e4649b934ca495991b7852b855
commensurate/calc/twisted_sto_angles/theta_22p62_m5_n1_clean/slurm_out/sto22-rx-r7-48h.55622804.out,,,qe_output,0,e3b0c44298fc1c149afbf4c8996fb92427ae41e4649b934ca495991b7852b855
commensurate/calc/twisted_sto_angles/theta_22p62_m5_n1_clean/slurm_out/sto22-rx-r8-48h.56758827.out,,,qe_output,0,e3b0c44298fc1c149afbf4c8996fb92427ae41e4649b934ca495991b7852b855
commensurate/calc/twisted_sto_angles/theta_22p62_m5_n1_clean/slurm_out/sto22-rx-r9-48h.57014941.out,,,qe_output,0,e3b0c44298fc1c149afbf4c8996fb92427ae41e4649b934ca495991b7852b855
commensurate/calc/twisted_sto_angles/theta_22p62_m5_n1_clean/smearing_tests/scf_smear_david_beta01_local_tf.in,,,qe_input,14081,9a900f89682594a9064fe67fe1d9e4377f54d4a704b2babf5606562a778adb1c
commensurate/calc/twisted_sto_angles/theta_22p62_m5_n1_clean/smearing_tests/scf_smear_david_beta01_local_tf.out,,,qe_output,143331,6c05459c5197f2cf1c789e044a38626f4b6fc235c84cc6da2f773385ab1dd925
commensurate/calc/twisted_sto_angles/theta_22p62_m5_n1_clean/smearing_tests/scf_smear_david_beta01_plain.in,,,qe_input,14075,4f1c63304466669fa0b85f44fa9dd2bd4f25066e32dc727cd18d25a115585f33
commensurate/calc/twisted_sto_angles/theta_22p62_m5_n1_clean/smearing_tests/scf_smear_david_beta01_plain.out,,,qe_output,129273,fe007756649272f707e2216703f51e9f426b3350970a5b7931c75b681ae00020
commensurate/calc/twisted_sto_angles/theta_22p62_m5_n1_clean/smearing_tests/scf_smear_david_beta01_tf.in,,,qe_input,14069,92844aed07b9537339363c04a51503d707bb46b67207f41e94dcfaa08655b4bd
commensurate/calc/twisted_sto_angles/theta_22p62_m5_n1_clean/smearing_tests/scf_smear_david_beta01_tf.out,,,qe_output,186819,720e07b2c57563cbe293af3658a238e2013f0642e52827466bbc889bda2f0df7
commensurate/calc/twisted_sto_angles/theta_22p62_m5_n1_clean/smearing_tests/script_smear_david_beta01_local_tf.sh,,,other,802,c1cc0e692b1016b2b0cab41b801e68a895d950efdb25cc2804bdeef39f98e5d0
commensurate/calc/twisted_sto_angles/theta_22p62_m5_n1_clean/smearing_tests/script_smear_david_beta01_plain.sh,,,other,787,ec5b567ee2830ac9665934f59be33b4ecd7ccde46a9bae255d14481a66804bb7
commensurate/calc/twisted_sto_angles/theta_22p62_m5_n1_clean/smearing_tests/script_smear_david_beta01_tf.sh,,,other,772,2ab9083dbd2de29137ab435f49759dd5f9892c022ee18cf16ccd76158471308e
commensurate/calc/twisted_sto_angles/theta_22p62_m5_n1_clean/smearing_tests/sto22-smear-local_tf.52988865.err,,,other,6144,6cf59f4545f53396c84c72b298de550606cc354923e3493904828602b952af70
commensurate/calc/twisted_sto_angles/theta_22p62_m5_n1_clean/smearing_tests/sto22-smear-local_tf.52988865.out,,,qe_output,160,79098e43688331b59d9719d1176380be483aa65d5843157cf33af06f4e57d349
commensurate/calc/twisted_sto_angles/theta_22p62_m5_n1_clean/smearing_tests/sto22-smear-plain.52988848.err,,,other,6144,6cf59f4545f53396c84c72b298de550606cc354923e3493904828602b952af70
commensurate/calc/twisted_sto_angles/theta_22p62_m5_n1_clean/smearing_tests/sto22-smear-plain.52988848.out,,,qe_output,154,30bab7977dc75eeea1fc0ef115efe057d0c13298a7aaf5eaf75e770a44949053
commensurate/calc/twisted_sto_angles/theta_22p62_m5_n1_clean/smearing_tests/sto22-smear-tf.52988849.err,,,other,6144,6cf59f4545f53396c84c72b298de550606cc354923e3493904828602b952af70
commensurate/calc/twisted_sto_angles/theta_22p62_m5_n1_clean/smearing_tests/sto22-smear-tf.52988849.out,,,qe_output,148,05aa6f63a742db6d6b5eb578d8263e99b47bb883c70ec5fad4310e62eda44c80
commensurate/calc/twisted_sto_angles/theta_22p62_m5_n1_clean/structures/POSCAR_theta_22p62_ideal.vasp,,,other,13766,963a654fb1179d5a7894a1625b52cf4b5ce36d2019be803ab5f2118eeea21f7d
commensurate/calc/twisted_sto_angles/theta_22p62_m5_n1_clean/structures/POSCAR_theta_22p62_m5_n1_clean.vasp,,,other,13766,963a654fb1179d5a7894a1625b52cf4b5ce36d2019be803ab5f2118eeea21f7d
commensurate/calc/twisted_sto_angles/theta_22p62_m5_n1_clean/structures/POSCAR_theta_22p62_relaxed.vasp,,,other,11129,b8ea624ab7b34edf0fbce65581a0591f7d5635068877ed91f069f02a88fe7e03
commensurate/calc/twisted_sto_angles/theta_22p62_m5_n1_clean/structures/POSCAR_twisted.vasp,,,other,13766,963a654fb1179d5a7894a1625b52cf4b5ce36d2019be803ab5f2118eeea21f7d
commensurate/calc/twisted_sto_angles/theta_22p62_m5_n1_clean/structures/twisted.xyz,,,other,13914,15050d8a2ee0fde0404d70ebcfc4fc96ea7e02688764d3e11ae2112e758560a9
commensurate/calc/twisted_sto_angles/theta_22p62_m5_n1_clean/theta22_before_after_structures.zip,,,other,11530,d2f207170dc518a304ba1adfc94ee8f42c9fb20d8be088132ecc33e5eea086a7
commensurate/calc/twisted_sto_angles/theta_22p62_m5_n1_clean/theta22_final_coordinates.txt,,,other,18227,0c6959d4a4b7ccdbbda7639ab6777da31d0e5c66bef2a1dfb2eb9cd1b875c268
commensurate/calc/twisted_sto_angles/theta_22p62_m5_n1_clean/theta22_force.dat,,,other,612,43a2ecbaee5d513a361ecfbd9135bf0871b423b4c18052ab0971f29a475cd44a
commensurate/calc/twisted_sto_angles/theta_22p62_m5_n1_clean/theta22_force_numbered.dat,,,other,1088,8abf2c21ab8dbf07ecba1a5b13406caa3191777f8541d0dc18c248263c09f382
commensurate/calc/twisted_sto_angles/theta_22p62_m5_n1_clean/theta22_input_settings_summary.txt,,,other,3854,ae89a81f8fda45a8cac52e4d23f85f3fe24dc8cccc104b49d36c7d07814cf5ee
commensurate/calc/twisted_sto_angles/theta_22p62_m5_n1_clean/theta22_ionic_energy.dat,,,other,1088,21995aeab6a2511b15fa0c1d412cbde715f7ea810be08e023d88fb9a4f5d9444
commensurate/calc/twisted_sto_angles/theta_22p62_m5_n1_clean/theta22_ionic_energy_numbered.dat,,,other,1564,4b84eaed9b08b10380f48551abfd3f734c3795ed704649b9e2fb6a1d6b3aefb1
commensurate/calc/twisted_sto_angles/theta_22p62_m5_n1_clean/theta22_output_status_summary.txt,,,other,2336,78cf4961e33a0e9db466e2185363769b71f9536dc030adc45a3e00b4d4de0ef8
commensurate/calc/twisted_sto_angles/theta_22p62_m5_n1_clean/theta22_relaxed_coordinates_clean.txt,,,other,18228,6af81f2d98d74b28c37453dfcb2f15f45df4c715fe354b186f901005cd181888
commensurate/calc/twisted_sto_angles/theta_22p62_m5_n1_clean/theta22_save_folders.txt,,,other,1423,e1ea0cb04c7931f1fc2864144603a55f7db9f5301f85b2269a47b0d2d29c3353
commensurate/calc/twisted_sto_angles/theta_22p62_m5_n1_clean/theta22_scf_iterations_numbered.dat,,,other,680,7e4bdd3bf56b35a5c20e6dec3062992d401a996fc96710fb0bd42619f9524c84
commensurate/calc/twisted_sto_angles/theta_22p62_m5_n1_clean/theta22_scf_iterations_per_ionic_step.dat,,,other,204,527adc71b09c4f64ba557cde601fdb2949f31f90d4b0a39a7ca34a7c5b853c03
commensurate/calc/twisted_sto_angles/theta_22p62_m5_n1_clean/theta22_stop_messages.txt,,,other,3550,60df0b49f8d3883e2a95a00cba7c7599e92b95c04f66015d0e2abb4ba64dc58f
commensurate/calc/twisted_sto_angles/theta_22p62_m5_n1_clean/theta_22p62_m5_n1_final.in,,,qe_input,19200,ac988476a000fa70b0677020d3b19d3836377bf3a2e9b3a4d2c33dc76ab2c62c
commensurate/calc/twisted_sto_angles/theta_22p62_m5_n1_clean/theta_22p62_m5_n1_final.out,,,qe_output,350866,490900f77b22cab81d36e8d268d88dd1bad74a9c2fa2539c0597f15ae84b07c8
commensurate/calc/twisted_sto_angles/theta_22p62_m5_n1_clean/ti22_FINAL_accurate_scripts.zip,,,other,9508,761c88f04eddb49d602c39f3a4166eba0a288b1345ca86ab26b6cd77b8020a66
commensurate/calc/twisted_sto_angles/theta_22p62_m5_n1_clean/ti22_final_displacement_plots.zip,,,other,2096193,beb59a80705eb6d4e646032dfdd6bc1cb4ff9e6140f1fc96100a88391ba72697
commensurate/calc/twisted_sto_angles/theta_22p62_m5_n1_clean/ti22_inplane_final_angstrom.zip,,,other,1277808,13ac328b407904db22dd0322310218468fe00534cc236998b8ae3f108d9ee644
commensurate/calc/twisted_sto_angles/theta_22p62_m5_n1_clean/ti22_inplane_final_rotated_angstrom.zip,,,other,1249791,67a24d0ac7b54fd6d6ef21d437106d0ccfc8cde217d8900c0062edc65c5c5bae
commensurate/calc/twisted_sto_angles/theta_22p62_m5_n1_clean/ti22_outofplane_corrected_final.zip,,,other,554816,771150a6931750a8feab34c61b8ec613c00f305c2ee05dfda1eacd3c7f7b57dc
commensurate/calc/twisted_sto_angles/theta_22p62_m5_n1_clean/ti22_plots_same_style.zip,,,other,2360373,b842810194b0091c495c623b8bc8803719a64ce52f08fe4ca44dbe7b1e04d321
commensurate/calc/twisted_sto_angles/theta_22p62_m5_n1_clean/ti22_three_displacement_maps_10x.zip,,,other,2102935,792c5fcfcaaefe9cb39aea3bac043aa858101f18de5e3e84b9c327011c7f8412
commensurate/calc/twisted_sto_angles/theta_22p62_m5_n1_clean/ti22_three_maps_final_8x.zip,,,other,1832820,ddfaaac88e2ec4319f70424b6f2b34888f20b52b659e066d9068f36ddebb9f46
commensurate/calc/twisted_sto_angles/theta_28p07_m4_n1_clean/analysis_report/theta28_input_settings.txt,,,other,4149,26e1bd554387dd3c68bd99fb56ee7e5e347a132e9d3b623d79368bce8d9b9fc5
commensurate/calc/twisted_sto_angles/theta_28p07_m4_n1_clean/analysis_report/theta28_output_time_order.txt,,,other,814,64b44f0c54b347105ba2ca0ba444c1bd5ea96aba6ea9c5e2e66d7b4d961e762d
commensurate/calc/twisted_sto_angles/theta_28p07_m4_n1_clean/analysis_report/theta28_save_folders.txt,,,other,1381,44ccb86e8e6ec4225f780122989523b473adcc566f6f8563cd502463888efca1
commensurate/calc/twisted_sto_angles/theta_28p07_m4_n1_clean/analysis_report/theta28_scf_status_table.txt,,,other,1644,f7f1a2dc941867a9a720dd98ec1c1e4af2d8c150f8c0875e0d65335b4fb9a79c
commensurate/calc/twisted_sto_angles/theta_28p07_m4_n1_clean/analysis_report/theta28_stop_messages.txt,,,other,3021,20a488a677100591ee91a9ffbf31aa74da9fa6befe1be9d858009e974a9dffcc
commensurate/calc/twisted_sto_angles/theta_28p07_m4_n1_clean/analyze_scf_accuracy_28.sh,,,other,1182,507466b5c10aa0d343c862accf049999e803a673eaea4646c43290e1f1db7a60
commensurate/calc/twisted_sto_angles/theta_28p07_m4_n1_clean/before_restart2_theta28/scf_theta_28_tf.restart.in,,,qe_input,9503,505b343412ef8759ad5dd67a8fe9f4b06ba91fbb26045542501b6dc00eeb5141
commensurate/calc/twisted_sto_angles/theta_28p07_m4_n1_clean/before_restart2_theta28/scf_theta_plain_28p07_m4_n1.restart.in,,,qe_input,9521,f170d92f28cbd10f19ba42c7873e137ac171d56b0b139aa1c5e6907400bdc3f1
commensurate/calc/twisted_sto_angles/theta_28p07_m4_n1_clean/cat,,,other,0,e3b0c44298fc1c149afbf4c8996fb92427ae41e4649b934ca495991b7852b855
commensurate/calc/twisted_sto_angles/theta_28p07_m4_n1_clean/input_summary_theta28p07.md,,,other,843,c109519b59d07cbe7750dc301a1ce2b2ee488c195c61dca5a948aa2dd7424fbd
commensurate/calc/twisted_sto_angles/theta_28p07_m4_n1_clean/output_summary_theta28p07.md,,,other,1908,92aa8b1a1a14e2674b3c84a6ac9827edaf6452ab2f6f9fca8e84344d419b5527
commensurate/calc/twisted_sto_angles/theta_28p07_m4_n1_clean/relax_theta_28p07_m4_n1.in,,,qe_input,9503,9e965a12fac9b9694aa70e6d0e688f75c375b2f11686b290164b8c62152d8bec
commensurate/calc/twisted_sto_angles/theta_28p07_m4_n1_clean/scf_accuracy_summary_28p07.dat,,,other,2162,892442bb5c9d0230275c8c7a15e26f539cea5ea02271a990a15e7eee92c7ffea
commensurate/calc/twisted_sto_angles/theta_28p07_m4_n1_clean/scf_improved_beta_test/base_theta28.in,,,qe_input,9556,aad79373cdce5e05957d60618212a05727a72025a8e0c6eded4eb57bcbd43a3e
commensurate/calc/twisted_sto_angles/theta_28p07_m4_n1_clean/scf_improved_beta_test/job_t28_TF_b08.sh,,,other,595,7ee841e48f672109a546d01e0b094865e61ebe4b55b2d2b72a847e96a5962878
commensurate/calc/twisted_sto_angles/theta_28p07_m4_n1_clean/scf_improved_beta_test/job_t28_TF_b12.sh,,,other,595,7b146558d8718596f2346085639419f38cba34f59fbab0a3f7ddb97d7a135bb1
commensurate/calc/twisted_sto_angles/theta_28p07_m4_n1_clean/scf_improved_beta_test/job_t28_TF_b20.sh,,,other,595,f550f4b0ca547aa35346f779957ddba162fc4f274e01c2303ddf6576421a42ac
commensurate/calc/twisted_sto_angles/theta_28p07_m4_n1_clean/scf_improved_beta_test/job_t28_localTF_b08.sh,,,other,627,f4712d0929badcc09647de423ad558fde2a47325373b6dce5b3beda583c5fc1f
commensurate/calc/twisted_sto_angles/theta_28p07_m4_n1_clean/scf_improved_beta_test/job_t28_localTF_b12.sh,,,other,627,95e6cb6fb40b44784711ee1dd7f9d4ec6e19e0610076689124789c87d9999892
commensurate/calc/twisted_sto_angles/theta_28p07_m4_n1_clean/scf_improved_beta_test/job_t28_localTF_b20.sh,,,other,627,efb8971a5c2004af7701f81ec4ecf398fcf744215bc1a9e2496d962033ba8d3d
commensurate/calc/twisted_sto_angles/theta_28p07_m4_n1_clean/scf_improved_beta_test/job_t28_plain_b08.sh,,,other,613,63746779a85ebcf9b53db5828c9716e4c25438334142ca12dc0f9fe147d7e67b
commensurate/calc/twisted_sto_angles/theta_28p07_m4_n1_clean/scf_improved_beta_test/job_t28_plain_b12.sh,,,other,613,785bc90d63205348e04dbdbfc4410fe39a6dcdfe6c5a0184e3f64a656f0379c1
commensurate/calc/twisted_sto_angles/theta_28p07_m4_n1_clean/scf_improved_beta_test/job_t28_plain_b20.sh,,,other,613,bb391641f396bbc55754415c45f21dc6685d8ff6f42a36661edf0f2a668e2e4f
commensurate/calc/twisted_sto_angles/theta_28p07_m4_n1_clean/scf_improved_beta_test/job_theta28_beta08.sh,,,other,689,cbe1121134d217297385295848b3f07f5479d5699690a4b48d17cc04ec8a285d
commensurate/calc/twisted_sto_angles/theta_28p07_m4_n1_clean/scf_improved_beta_test/job_theta28_beta10.sh,,,other,689,7ede4776813620a20e0eaf278d55e9aa718d5ef7d32acfe91b49cb81b8d6077f
commensurate/calc/twisted_sto_angles/theta_28p07_m4_n1_clean/scf_improved_beta_test/job_theta28_beta12.sh,,,other,689,18caa150ba9bf9f05d4e7dce4c367ef70dffb54d7123c8b0abc268cced6944b4
commensurate/calc/twisted_sto_angles/theta_28p07_m4_n1_clean/scf_improved_beta_test/job_theta28_beta15.sh,,,other,689,3b00cf9e29088a00e3636a62574a657a99efe0ff831497e9b2337936bd1efed6
commensurate/calc/twisted_sto_angles/theta_28p07_m4_n1_clean/scf_improved_beta_test/job_theta28_beta20.sh,,,other,689,c05bfc132dee2d5362bc5391965d9b42ed03b2be31bee8eac4c9b675de06cdda
commensurate/calc/twisted_sto_angles/theta_28p07_m4_n1_clean/scf_improved_beta_test/job_theta28_beta30.sh,,,other,689,2a084dce99bddf5d24623ffd20d86083fdbd226bf02a61ace25a8dcd5d436746
commensurate/calc/twisted_sto_angles/theta_28p07_m4_n1_clean/scf_improved_beta_test/make_theta28_beta_tests.sh,,,other,2097,19ca1c27a324f1be546e18cbe59b9babab6fa590b594b5f0c3faba218a271dd5
commensurate/calc/twisted_sto_angles/theta_28p07_m4_n1_clean/scf_improved_beta_test/make_theta28_mixing_study.sh,,,other,2026,cc17db57d646de95bef9df9f2a21a1222bebd60cd07f364fdcbc9e4048e54e3e
commensurate/calc/twisted_sto_angles/theta_28p07_m4_n1_clean/scf_improved_beta_test/scf_t28_TF_b08.in,,,qe_input,9494,f489b98e7c7d81004506e8622471b16783f4dbb0e800fa64c05697499b351923
commensurate/calc/twisted_sto_angles/theta_28p07_m4_n1_clean/scf_improved_beta_test/scf_t28_TF_b08.out,,,qe_output,493560,04230e5b9256f1204db01147fb04a87135cc68a85499c236468145ebbecfe0b8
commensurate/calc/twisted_sto_angles/theta_28p07_m4_n1_clean/scf_improved_beta_test/scf_t28_TF_b12.in,,,qe_input,9494,1982968167c8b2f5b79b61430173c2356ab30e391ce38bdca9e710846b2bbce6
commensurate/calc/twisted_sto_angles/theta_28p07_m4_n1_clean/scf_improved_beta_test/scf_t28_TF_b12.out,,,qe_output,499260,3b038282819fadd7d515e97111dbe6e4693727145e47bf86b866d6ffb9f01e9e
commensurate/calc/twisted_sto_angles/theta_28p07_m4_n1_clean/scf_improved_beta_test/scf_t28_TF_b20.in,,,qe_input,9494,1730aa9ca4dc812c9b3e538bcffc841587f27ea37d441d1a8299781859ef6dea
commensurate/calc/twisted_sto_angles/theta_28p07_m4_n1_clean/scf_improved_beta_test/scf_t28_TF_b20.out,,,qe_output,497511,544a48e308fcb87ef718a69c0bda6cb0394005c61fb7edad264bf56a30e162fe
commensurate/calc/twisted_sto_angles/theta_28p07_m4_n1_clean/scf_improved_beta_test/scf_t28_localTF_b08.in,,,qe_input,9505,949f3bd10e851e18c3fffdc96f3a4cf9673d046f9ca23eb2328ad77b0a6ce554
commensurate/calc/twisted_sto_angles/theta_28p07_m4_n1_clean/scf_improved_beta_test/scf_t28_localTF_b08.out,,,qe_output,492426,27aefe452d3a006538af67ed36d565d4d58a31b34d8563435c6fe4c5cbe06bec
commensurate/calc/twisted_sto_angles/theta_28p07_m4_n1_clean/scf_improved_beta_test/scf_t28_localTF_b12.in,,,qe_input,9505,6f4a1c4afadaa960107a3924251ab156547b0c83e368c677f3da7c8df382b3fd
commensurate/calc/twisted_sto_angles/theta_28p07_m4_n1_clean/scf_improved_beta_test/scf_t28_localTF_b12.out,,,qe_output,466120,17b8cb26c880360f8d128317bb9a0951f7c32a6e53d62f345dffc816f00c91e6
commensurate/calc/twisted_sto_angles/theta_28p07_m4_n1_clean/scf_improved_beta_test/scf_t28_localTF_b20.in,,,qe_input,9505,bf96ce5b1a0703158f25300559c520dbe07a0daeab29916dad1678f87d5674e9
commensurate/calc/twisted_sto_angles/theta_28p07_m4_n1_clean/scf_improved_beta_test/scf_t28_localTF_b20.out,,,qe_output,496853,4c57968201b3bb66a478c86fea8066dd82b7802c5108e6e8cb2fcf55397cc158
commensurate/calc/twisted_sto_angles/theta_28p07_m4_n1_clean/scf_improved_beta_test/scf_t28_plain_b08.in,,,qe_input,9482,b322db6f37b1497ad0eae84aba22feaa5864aef797ebf9d9857b280bc2b825c9
commensurate/calc/twisted_sto_angles/theta_28p07_m4_n1_clean/scf_improved_beta_test/scf_t28_plain_b08.out,,,qe_output,486874,fc98a9df31ddd46c86319947425cf7362b7c0673a853ee209cc205d869d8a216
commensurate/calc/twisted_sto_angles/theta_28p07_m4_n1_clean/scf_improved_beta_test/scf_t28_plain_b12.in,,,qe_input,9482,c13ed4912176fe3223b3f6d822df088e14e5f1232f9d886014ea9053ed01921a
commensurate/calc/twisted_sto_angles/theta_28p07_m4_n1_clean/scf_improved_beta_test/scf_t28_plain_b12.out,,,qe_output,502374,d19d66a39f11473f696c0443161ffb812cf05354690af1b5b1b41339d15106a5
commensurate/calc/twisted_sto_angles/theta_28p07_m4_n1_clean/scf_improved_beta_test/scf_t28_plain_b20.in,,,qe_input,9482,f235e7e7e090e7a03b9e0a7087bf0fca1b7df2950469995115295935fddf2aee
commensurate/calc/twisted_sto_angles/theta_28p07_m4_n1_clean/scf_improved_beta_test/scf_t28_plain_b20.out,,,qe_output,490091,bcddb0c1163470b85b3bf60e74d03a921fcd5fdd4af816e9bdbd829f028481ab
commensurate/calc/twisted_sto_angles/theta_28p07_m4_n1_clean/scf_improved_beta_test/scf_theta28_fixed_plain_beta08.in,,,qe_input,9494,82a3bd24e778ac2917a7174f64ae230666d8e638b8dc4d3844bdf14dde5b4d2f
commensurate/calc/twisted_sto_angles/theta_28p07_m4_n1_clean/scf_improved_beta_test/scf_theta28_fixed_plain_beta08.out,,,qe_output,502759,cc854bd0f64efe4ccde3868b98bd78b6fce8aae085f59cb5697b0881ae6e3b08
commensurate/calc/twisted_sto_angles/theta_28p07_m4_n1_clean/scf_improved_beta_test/scf_theta28_fixed_plain_beta10.in,,,qe_input,9494,f46f3cad11dcc3632e223703243f60496b38fb445bbd6adefb463a02c2e7a300
commensurate/calc/twisted_sto_angles/theta_28p07_m4_n1_clean/scf_improved_beta_test/scf_theta28_fixed_plain_beta10.out,,,qe_output,499327,b03b4190703a91f31d513e3814c40d72b87c68f5e886fb5b5de2759879e03b2a
commensurate/calc/twisted_sto_angles/theta_28p07_m4_n1_clean/scf_improved_beta_test/scf_theta28_fixed_plain_beta12.in,,,qe_input,9494,ac1e830c8a14c9e0c5a16c2bc941d181b945fbbcf2d1be299ac748d5a9187d1b
commensurate/calc/twisted_sto_angles/theta_28p07_m4_n1_clean/scf_improved_beta_test/scf_theta28_fixed_plain_beta12.out,,,qe_output,481404,5c62cfec4242ee6f92a47006a6694a423cc6f6efc7fff6915d0caf7a8d1ecc15
commensurate/calc/twisted_sto_angles/theta_28p07_m4_n1_clean/scf_improved_beta_test/scf_theta28_fixed_plain_beta15.in,,,qe_input,9494,4fe91e85c0590930011b2ea0a5089208d7f9bf2c1efffe7b03f6bda1beb3b9ed
commensurate/calc/twisted_sto_angles/theta_28p07_m4_n1_clean/scf_improved_beta_test/scf_theta28_fixed_plain_beta15.out,,,qe_output,499932,b817da6d4f15142621f9870b843657b4b19885701f527e084344369120a9463b
commensurate/calc/twisted_sto_angles/theta_28p07_m4_n1_clean/scf_improved_beta_test/scf_theta28_fixed_plain_beta20.in,,,qe_input,9494,6e1f7b192d9a036883d930592ee17d7593df48dfd67ab22e81e65efbba444a45
commensurate/calc/twisted_sto_angles/theta_28p07_m4_n1_clean/scf_improved_beta_test/scf_theta28_fixed_plain_beta20.out,,,qe_output,495485,b8ecbc2e08ef10f7dc5ceb09db20a1f91f557699b4dd501375a3e7c49cd357e5
commensurate/calc/twisted_sto_angles/theta_28p07_m4_n1_clean/scf_improved_beta_test/scf_theta28_fixed_plain_beta30.in,,,qe_input,9494,20f545243c982127e4bae1cd0cf58954d8172007539e5042d417f94dd1e9d688
commensurate/calc/twisted_sto_angles/theta_28p07_m4_n1_clean/scf_improved_beta_test/scf_theta28_fixed_plain_beta30.out,,,qe_output,493865,794ba8177c568e01fbc0c21017202d578d71de30ebf8ea15513eed0d0968ff74
commensurate/calc/twisted_sto_angles/theta_28p07_m4_n1_clean/scf_improved_beta_test/t28-TF-b08.52481056.err,,,other,6204,45e74ffb0d339485d3b16395d508b919ea0cd7dfcfa7690f0d6f0ce2a3953569
commensurate/calc/twisted_sto_angles/theta_28p07_m4_n1_clean/scf_improved_beta_test/t28-TF-b08.52481056.out,,,qe_output,128,eaff5e276fa62d834de8a891cda977798b554e24c772e2bd8a62da63e50558b0
commensurate/calc/twisted_sto_angles/theta_28p07_m4_n1_clean/scf_improved_beta_test/t28-TF-b12.52481057.err,,,other,6204,45e74ffb0d339485d3b16395d508b919ea0cd7dfcfa7690f0d6f0ce2a3953569
commensurate/calc/twisted_sto_angles/theta_28p07_m4_n1_clean/scf_improved_beta_test/t28-TF-b12.52481057.out,,,qe_output,128,3b391ece3894677247271a60276b7af8383b42608084efa08ae5723e415036e9
commensurate/calc/twisted_sto_angles/theta_28p07_m4_n1_clean/scf_improved_beta_test/t28-TF-b20.52481058.err,,,other,6204,45e74ffb0d339485d3b16395d508b919ea0cd7dfcfa7690f0d6f0ce2a3953569
commensurate/calc/twisted_sto_angles/theta_28p07_m4_n1_clean/scf_improved_beta_test/t28-TF-b20.52481058.out,,,qe_output,128,7d0d7b1bc3018a4922238ac99931854c2e75abce6eb96eaf27d1310ca51472c3
commensurate/calc/twisted_sto_angles/theta_28p07_m4_n1_clean/scf_improved_beta_test/t28-b08.52481032.err,,,other,6204,45e74ffb0d339485d3b16395d508b919ea0cd7dfcfa7690f0d6f0ce2a3953569
commensurate/calc/twisted_sto_angles/theta_28p07_m4_n1_clean/scf_improved_beta_test/t28-b08.52481032.out,,,qe_output,166,a8676bd7cded0eec8fc843956dd8b9e2c75ab4ec67e8e121f504dd2403874e25
commensurate/calc/twisted_sto_angles/theta_28p07_m4_n1_clean/scf_improved_beta_test/t28-b10.52481033.err,,,other,6204,45e74ffb0d339485d3b16395d508b919ea0cd7dfcfa7690f0d6f0ce2a3953569
commensurate/calc/twisted_sto_angles/theta_28p07_m4_n1_clean/scf_improved_beta_test/t28-b10.52481033.out,,,qe_output,166,b0bbf21dacb37f24feb8c75284bc3d2e9e01132f75d148bcb3e228e49ace05fc
commensurate/calc/twisted_sto_angles/theta_28p07_m4_n1_clean/scf_improved_beta_test/t28-b12.52481034.err,,,other,6204,45e74ffb0d339485d3b16395d508b919ea0cd7dfcfa7690f0d6f0ce2a3953569
commensurate/calc/twisted_sto_angles/theta_28p07_m4_n1_clean/scf_improved_beta_test/t28-b12.52481034.out,,,qe_output,166,6227cb6c5fb8d5db61c78ae31220f8ce206aa26cc40e4379d70fb72d7293d3d2
commensurate/calc/twisted_sto_angles/theta_28p07_m4_n1_clean/scf_improved_beta_test/t28-b15.52481035.err,,,other,6204,45e74ffb0d339485d3b16395d508b919ea0cd7dfcfa7690f0d6f0ce2a3953569
commensurate/calc/twisted_sto_angles/theta_28p07_m4_n1_clean/scf_improved_beta_test/t28-b15.52481035.out,,,qe_output,166,da9695c35efd624503d1a37d839a93d32cac959ed3b406e9d865d541e8f525aa
commensurate/calc/twisted_sto_angles/theta_28p07_m4_n1_clean/scf_improved_beta_test/t28-b20.52481036.err,,,other,6204,45e74ffb0d339485d3b16395d508b919ea0cd7dfcfa7690f0d6f0ce2a3953569
commensurate/calc/twisted_sto_angles/theta_28p07_m4_n1_clean/scf_improved_beta_test/t28-b20.52481036.out,,,qe_output,166,1777423ded0cac5866496cdb5bf0dfc30a6f7f1aa493e25c459ab52c02a8bddc
commensurate/calc/twisted_sto_angles/theta_28p07_m4_n1_clean/scf_improved_beta_test/t28-b30.52481037.err,,,other,6204,45e74ffb0d339485d3b16395d508b919ea0cd7dfcfa7690f0d6f0ce2a3953569
commensurate/calc/twisted_sto_angles/theta_28p07_m4_n1_clean/scf_improved_beta_test/t28-b30.52481037.out,,,qe_output,166,7c8e57b28c17f0138107a160349735bf3cc841fbebfe885b69daa9038ef275ee
commensurate/calc/twisted_sto_angles/theta_28p07_m4_n1_clean/scf_improved_beta_test/t28-localTF-b08.52481049.err,,,other,6204,45e74ffb0d339485d3b16395d508b919ea0cd7dfcfa7690f0d6f0ce2a3953569
commensurate/calc/twisted_sto_angles/theta_28p07_m4_n1_clean/scf_improved_beta_test/t28-localTF-b08.52481049.out,,,qe_output,140,31ec504e930051c588e7763c3cab5d5729ab8ed178d81756eebfc4f44fa1aeca
commensurate/calc/twisted_sto_angles/theta_28p07_m4_n1_clean/scf_improved_beta_test/t28-localTF-b12.52481051.err,,,other,6204,45e74ffb0d339485d3b16395d508b919ea0cd7dfcfa7690f0d6f0ce2a3953569
commensurate/calc/twisted_sto_angles/theta_28p07_m4_n1_clean/scf_improved_beta_test/t28-localTF-b12.52481051.out,,,qe_output,140,d82380c916b156fd73db547657889553be9a6a40d4de3a5ee0e72e1c0305b5d1
commensurate/calc/twisted_sto_angles/theta_28p07_m4_n1_clean/scf_improved_beta_test/t28-localTF-b20.52481052.err,,,other,6204,45e74ffb0d339485d3b16395d508b919ea0cd7dfcfa7690f0d6f0ce2a3953569
commensurate/calc/twisted_sto_angles/theta_28p07_m4_n1_clean/scf_improved_beta_test/t28-localTF-b20.52481052.out,,,qe_output,140,56e0675509d27522719356cc8ab2d85fa4f63d7ebb1bbd32778739ad27b86155
commensurate/calc/twisted_sto_angles/theta_28p07_m4_n1_clean/scf_improved_beta_test/t28-plain-b08.52481053.err,,,other,6204,45e74ffb0d339485d3b16395d508b919ea0cd7dfcfa7690f0d6f0ce2a3953569
commensurate/calc/twisted_sto_angles/theta_28p07_m4_n1_clean/scf_improved_beta_test/t28-plain-b08.52481053.out,,,qe_output,134,dc8d69985110998eb9776b0ede81f2014faecc61a38e22101f13e37a290eab8c
commensurate/calc/twisted_sto_angles/theta_28p07_m4_n1_clean/scf_improved_beta_test/t28-plain-b12.52481054.err,,,other,6204,45e74ffb0d339485d3b16395d508b919ea0cd7dfcfa7690f0d6f0ce2a3953569
commensurate/calc/twisted_sto_angles/theta_28p07_m4_n1_clean/scf_improved_beta_test/t28-plain-b12.52481054.out,,,qe_output,134,ef7753d7dfb3aecdd18c953503eb014253d2a2fb3132c8fba032fbc17454f24b
commensurate/calc/twisted_sto_angles/theta_28p07_m4_n1_clean/scf_improved_beta_test/t28-plain-b20.52481055.err,,,other,6204,45e74ffb0d339485d3b16395d508b919ea0cd7dfcfa7690f0d6f0ce2a3953569
commensurate/calc/twisted_sto_angles/theta_28p07_m4_n1_clean/scf_improved_beta_test/t28-plain-b20.52481055.out,,,qe_output,134,4d7ba41f083d06af11c18851c420a5e2627b6fe14c9b4b96816f91ed900fa440
commensurate/calc/twisted_sto_angles/theta_28p07_m4_n1_clean/scf_theta_28_localtf.in,,,qe_input,9518,e9a52da4683bd53befbc015c67e48ef73ecfd44820f683556aa6b25d3b94e937
commensurate/calc/twisted_sto_angles/theta_28p07_m4_n1_clean/scf_theta_28_localtf.out,,,qe_output,1677,be9da953e9718f4d8116dc4aa66c93ff796d4f5398c2c50dfd492741000271bf
commensurate/calc/twisted_sto_angles/theta_28p07_m4_n1_clean/scf_theta_28_tf.in,,,qe_input,9508,703b98c95576def94a818947d9f5c943f5e4d33d92e4196b6a8c2df090fa5f1a
commensurate/calc/twisted_sto_angles/theta_28p07_m4_n1_clean/scf_theta_28_tf.out,,,qe_output,343067,cb63c5d8a047dbd2d85dd0d87040c8e6d2cd6dfe0de030ea2d6f8603cf0f052d
commensurate/calc/twisted_sto_angles/theta_28p07_m4_n1_clean/scf_theta_28_tf.restart.in,,,qe_input,9503,505b343412ef8759ad5dd67a8fe9f4b06ba91fbb26045542501b6dc00eeb5141
commensurate/calc/twisted_sto_angles/theta_28p07_m4_n1_clean/scf_theta_28_tf.restart.out,,,qe_output,368106,dedb5bedb65ade155c67afe6d51da1971ae2e84d65cfba92983e7dd01141152f
commensurate/calc/twisted_sto_angles/theta_28p07_m4_n1_clean/scf_theta_28_tf.restart2.in,,,qe_input,9503,17a4fcdf3346e88b602b23f76307293a17d48ffb839ab5180b454245ae0fc4d1
commensurate/calc/twisted_sto_angles/theta_28p07_m4_n1_clean/scf_theta_28p07_m4_n1.fresh.in,,,qe_input,9556,aad79373cdce5e05957d60618212a05727a72025a8e0c6eded4eb57bcbd43a3e
commensurate/calc/twisted_sto_angles/theta_28p07_m4_n1_clean/scf_theta_28p07_m4_n1.fresh.out,,,qe_output,55842,15d4a10c06a05a6289288734450e7d0d6d9513d9fcb69b4cc0a756885cad1e05
commensurate/calc/twisted_sto_angles/theta_28p07_m4_n1_clean/scf_theta_28p07_m4_n1.fresh.restart.in,,,qe_input,9584,4f335be018e210db11c665d091881fc3114771702b07674fd91f24001050d67d
commensurate/calc/twisted_sto_angles/theta_28p07_m4_n1_clean/scf_theta_28p07_m4_n1.in,,,qe_input,9514,3b1e4f49ff0e49efc6de1aef7fe130ffdf53cab47a8b7ff8fcabfedca4302508
commensurate/calc/twisted_sto_angles/theta_28p07_m4_n1_clean/scf_theta_28p07_m4_n1.out,,,qe_output,306088,4c506c19c2916b7a2633fc28bd9620ad3464a96e3f5ca12e5ab4eb67bde1b1f6
commensurate/calc/twisted_sto_angles/theta_28p07_m4_n1_clean/scf_theta_28p07_m4_n1.out_OLD1,,,other,224129,449cc4cd1c9afdf4f4f934eb4faacaaf0f259339a24e15416958420daf57164a
commensurate/calc/twisted_sto_angles/theta_28p07_m4_n1_clean/scf_theta_28p07_m4_n1_restart.out,,,qe_output,32534,ad9f4363b88f7dce446361be3d9411e9f5d453055b55823fdf5cfb0ab857454e
commensurate/calc/twisted_sto_angles/theta_28p07_m4_n1_clean/scf_theta_28p07_m4_n1_restart22.out,,,qe_output,260070,ed4891ee062d8e7eca7fff08cb3614e7b8ff0d2f5e53e687ac82620c0eac9c91
commensurate/calc/twisted_sto_angles/theta_28p07_m4_n1_clean/scf_theta_plain_28p07_m4_n1.in,,,qe_input,9526,0bdcaa93ebf1435e9547066b4d343b663dbdc2426d52f848f9ea8174478806f1
commensurate/calc/twisted_sto_angles/theta_28p07_m4_n1_clean/scf_theta_plain_28p07_m4_n1.out,,,qe_output,359267,75b3037cd5d542089e94777d54a941127eb038ffc34e9cd9b0c8b71ebb139206
commensurate/calc/twisted_sto_angles/theta_28p07_m4_n1_clean/scf_theta_plain_28p07_m4_n1.restart.in,,,qe_input,9521,f170d92f28cbd10f19ba42c7873e137ac171d56b0b139aa1c5e6907400bdc3f1
commensurate/calc/twisted_sto_angles/theta_28p07_m4_n1_clean/scf_theta_plain_28p07_m4_n1.restart.out,,,qe_output,364763,b1efe67e890333aef9c78d2c155352ba158d04eb9150c9faea44f1c516d705c1
commensurate/calc/twisted_sto_angles/theta_28p07_m4_n1_clean/scf_theta_plain_28p07_m4_n1.restart2.in,,,qe_input,9521,6dacce146fa7d52d673b81a182b51011c96003f00c95610eea02806b7bc51cee
commensurate/calc/twisted_sto_angles/theta_28p07_m4_n1_clean/scrip_scf2.sh,,,other,740,4de8bf8d71e5d2ff15d77e64f7f1a90e69595be950b6571f36416afbc4446deb
commensurate/calc/twisted_sto_angles/theta_28p07_m4_n1_clean/script_relax.sh,,,other,565,8eaddd5ee0e26faadd328723d6363df54ec92a0e552650494adb4c1ac2345404
commensurate/calc/twisted_sto_angles/theta_28p07_m4_n1_clean/script_scf.sh,,,other,644,2c89e3fbb9d8ce69573caec576326b21e92529c018d450081543bef015442e52
commensurate/calc/twisted_sto_angles/theta_28p07_m4_n1_clean/script_scf_localtf_28p07.sh,,,other,772,ec1c17e218b5f6a32c050aac0946313d4624d6d9ae7b5c841f1d840db66a8abe
commensurate/calc/twisted_sto_angles/theta_28p07_m4_n1_clean/script_scf_plain_28p07_nbnd820.sh,,,other,761,50eeaa9411ddc2e3b6a4a75b583e9543fb3f88e11d6007e5d83fe9afdc062060
commensurate/calc/twisted_sto_angles/theta_28p07_m4_n1_clean/script_scf_plain_28p07_restart.sh,,,other,781,07e49e95942dbe6a83d858414c893035f712a065c0b155fa87eceb93b26d9051
commensurate/calc/twisted_sto_angles/theta_28p07_m4_n1_clean/script_scf_plain_28p07_restart2.sh,,,other,1131,e44d1ed072e62ff055b25ac9d6d0e14aa5580e6c37bfc1ac5b78418795301e9b
commensurate/calc/twisted_sto_angles/theta_28p07_m4_n1_clean/script_scf_relax.sh,,,other,809,d171f28b70ba21155d325c6b5d96782a137f88478cdc0680194c22f4e587392c
commensurate/calc/twisted_sto_angles/theta_28p07_m4_n1_clean/script_scf_tf_28p07.sh,,,other,740,77cb646fd3816d3631635148dbfab10f7821766d1fd5920d56d6aa0258dc1d51
commensurate/calc/twisted_sto_angles/theta_28p07_m4_n1_clean/script_scf_tf_28p07_restart.sh,,,other,760,ecec7634dc595146433ee128ee31dd4e80ff63ac4f48e7d1748f2032d432a0ec
commensurate/calc/twisted_sto_angles/theta_28p07_m4_n1_clean/script_scf_tf_28p07_restart2.sh,,,other,1077,271cad6a309c4c95b521ab7e9eebd8cc06829b78e887e8e83dd9454d1a7200eb
commensurate/calc/twisted_sto_angles/theta_28p07_m4_n1_clean/sto-28p07-localtf.52923882.err,,,other,16118,fc8da2e535bb485e69e490a8ba69d58ad64009a5f07414256a29aa2f2825ff92
commensurate/calc/twisted_sto_angles/theta_28p07_m4_n1_clean/sto-28p07-localtf.52923882.out,,,qe_output,148,d78d1dfd062d526488a4f98d5ad474b5e5f75f9df656e5c03e9f9a2084abe9b9
commensurate/calc/twisted_sto_angles/theta_28p07_m4_n1_clean/sto-28p07-plain-rst.53299432.err,,,other,6204,45e74ffb0d339485d3b16395d508b919ea0cd7dfcfa7690f0d6f0ce2a3953569
commensurate/calc/twisted_sto_angles/theta_28p07_m4_n1_clean/sto-28p07-plain-rst.53299432.out,,,qe_output,142,4397f83c60571dd9e53090f79dba8e74aaa5c038fe3c7b1a0286af42bf69a280
commensurate/calc/twisted_sto_angles/theta_28p07_m4_n1_clean/sto-28p07-plain.52923593.err,,,other,6204,45e74ffb0d339485d3b16395d508b919ea0cd7dfcfa7690f0d6f0ce2a3953569
commensurate/calc/twisted_sto_angles/theta_28p07_m4_n1_clean/sto-28p07-plain.52923593.out,,,qe_output,142,053a1d761f5de9dc8c428a11293aa5653657c6e6e2de9e665166fde46fb8ffb6
commensurate/calc/twisted_sto_angles/theta_28p07_m4_n1_clean/sto-28p07-tf-rst.53299428.err,,,other,6204,45e74ffb0d339485d3b16395d508b919ea0cd7dfcfa7690f0d6f0ce2a3953569
commensurate/calc/twisted_sto_angles/theta_28p07_m4_n1_clean/sto-28p07-tf-rst.53299428.out,,,qe_output,136,816b8938bc51cd8eba5947a3f31f97ce3b681d6f0cb35b799d7f2bc7ce559f2c
commensurate/calc/twisted_sto_angles/theta_28p07_m4_n1_clean/sto-28p07-tf.52923875.err,,,other,6204,45e74ffb0d339485d3b16395d508b919ea0cd7dfcfa7690f0d6f0ce2a3953569
commensurate/calc/twisted_sto_angles/theta_28p07_m4_n1_clean/sto-28p07-tf.52923875.out,,,qe_output,136,09b9a8ba1ceea93b18572414797bcf5d2356effcdd74b28c3b7054d2d72b8b1f
commensurate/calc/twisted_sto_angles/theta_28p07_m4_n1_clean/summarize_inputs.sh,,,other,1118,5c57b41bced5849bd80794b93410b59521a9cad44ea3864bff21bce0dea54fab
commensurate/calc/twisted_sto_angles/theta_28p07_m4_n1_clean/summarize_outputs.sh,,,other,1740,4d0d3bb3dc3bbb3a4452e1c31687d7eff2937e72cc2974740dcaf95d514d6f94
commensurate/calc/twisted_sto_angles/theta_28p07_m4_n1_clean/test_calculation/awk,,,other,0,e3b0c44298fc1c149afbf4c8996fb92427ae41e4649b934ca495991b7852b855
commensurate/calc/twisted_sto_angles/theta_28p07_m4_n1_clean/test_calculation/echo,,,other,0,e3b0c44298fc1c149afbf4c8996fb92427ae41e4649b934ca495991b7852b855
commensurate/calc/twisted_sto_angles/theta_28p07_m4_n1_clean/test_calculation/find,,,other,0,e3b0c44298fc1c149afbf4c8996fb92427ae41e4649b934ca495991b7852b855
commensurate/calc/twisted_sto_angles/theta_28p07_m4_n1_clean/test_calculation/grep,,,other,0,e3b0c44298fc1c149afbf4c8996fb92427ae41e4649b934ca495991b7852b855
commensurate/calc/twisted_sto_angles/theta_28p07_m4_n1_clean/test_calculation/input_tmp.in,,,qe_input,0,e3b0c44298fc1c149afbf4c8996fb92427ae41e4649b934ca495991b7852b855
commensurate/calc/twisted_sto_angles/theta_28p07_m4_n1_clean/test_calculation/ls,,,other,0,e3b0c44298fc1c149afbf4c8996fb92427ae41e4649b934ca495991b7852b855
commensurate/calc/twisted_sto_angles/theta_28p07_m4_n1_clean/test_calculation/relax_from_beta005_smearing_plain.in,,,qe_input,0,e3b0c44298fc1c149afbf4c8996fb92427ae41e4649b934ca495991b7852b855
commensurate/calc/twisted_sto_angles/theta_28p07_m4_n1_clean/test_calculation/relax_from_beta005_smearing_plain_24h.in,,,qe_input,9679,fbbaa98cc36c2839d68498bb5a56ec01b6d3eef051198ba89737b9cc081c1c48
commensurate/calc/twisted_sto_angles/theta_28p07_m4_n1_clean/test_calculation/relax_from_beta005_smearing_plain_24h.out,,,qe_output,440056,89e8a0e12e113e6e88e36fd5a0b752953f5236142f4a654995d235bf609bf19b
commensurate/calc/twisted_sto_angles/theta_28p07_m4_n1_clean/test_calculation/relax_from_beta005_smearing_plain_24h_BROKEN.in,,,qe_input,0,e3b0c44298fc1c149afbf4c8996fb92427ae41e4649b934ca495991b7852b855
commensurate/calc/twisted_sto_angles/theta_28p07_m4_n1_clean/test_calculation/relax_from_beta005_smearing_plain_auto_restart3_48h.in,,,qe_input,9678,c857421dcdad10463dcb7fc7bcfde2246a38748f4a125770f4ee5fb2a0d370a2
commensurate/calc/twisted_sto_angles/theta_28p07_m4_n1_clean/test_calculation/relax_from_beta005_smearing_plain_auto_restart3_48h.out,,,qe_output,33080,b347470b1f8ffa90d6b3f914c730a4bd1291f56d8c0bcb61263c41f4a61dc1d1
commensurate/calc/twisted_sto_angles/theta_28p07_m4_n1_clean/test_calculation/relax_from_beta005_smearing_plain_restart2_48h.in,,,qe_input,9680,ba456cfdafe572f70e0294eb676c7775b4339286ca20613d998924582a55564a
commensurate/calc/twisted_sto_angles/theta_28p07_m4_n1_clean/test_calculation/relax_from_beta005_smearing_plain_restart2_48h.out,,,qe_output,1000856,79aab3adf8fc4446da4f92f73dcd0e8b3e6374cc0a1d465501d4612def619393
commensurate/calc/twisted_sto_angles/theta_28p07_m4_n1_clean/test_calculation/relax_from_beta005_smearing_plain_restart3_48h.in,,,qe_input,9680,ba456cfdafe572f70e0294eb676c7775b4339286ca20613d998924582a55564a
commensurate/calc/twisted_sto_angles/theta_28p07_m4_n1_clean/test_calculation/relax_from_beta005_smearing_plain_restart3_48h.out,,,qe_output,885489,a8ce36c12dd815cb1397f98a5c93004c90c51ea32586f180baabf291558de798
commensurate/calc/twisted_sto_angles/theta_28p07_m4_n1_clean/test_calculation/relax_from_beta005_smearing_plain_restart4_48h.in,,,qe_input,9680,ba456cfdafe572f70e0294eb676c7775b4339286ca20613d998924582a55564a
commensurate/calc/twisted_sto_angles/theta_28p07_m4_n1_clean/test_calculation/relax_from_beta005_smearing_plain_restart4_48h.out,,,qe_output,949079,3c562603a0c4d6ab4276aa4bd8c33b1f24ef43de544e1ca18b40268061ad25fc
commensurate/calc/twisted_sto_angles/theta_28p07_m4_n1_clean/test_calculation/relax_from_beta005_smearing_plain_restart5_48h.in,,,qe_input,9680,ba456cfdafe572f70e0294eb676c7775b4339286ca20613d998924582a55564a
commensurate/calc/twisted_sto_angles/theta_28p07_m4_n1_clean/test_calculation/relax_from_beta005_smearing_plain_restart5_48h.out,,,qe_output,1111479,78997b4f69d2e738e7d6afc29fb5e7a5d048421f05117a3aff619af7d8a8cad1
commensurate/calc/twisted_sto_angles/theta_28p07_m4_n1_clean/test_calculation/relax_from_beta005_smearing_plain_restart6_48h.in,,,qe_input,9680,ba456cfdafe572f70e0294eb676c7775b4339286ca20613d998924582a55564a
commensurate/calc/twisted_sto_angles/theta_28p07_m4_n1_clean/test_calculation/relax_from_beta005_smearing_plain_restart6_48h.out,,,qe_output,1219875,15ba9d9715599d44fbc0452fec39f1d1da59a39b09e7247dafe813b71799fba0
commensurate/calc/twisted_sto_angles/theta_28p07_m4_n1_clean/test_calculation/relax_from_beta005_smearing_plain_restart7_48h.in,,,qe_input,9680,ba456cfdafe572f70e0294eb676c7775b4339286ca20613d998924582a55564a
commensurate/calc/twisted_sto_angles/theta_28p07_m4_n1_clean/test_calculation/relax_from_beta005_smearing_plain_restart7_48h.out,,,qe_output,32232,c3357b8a703420f48f86e9c579b19bebe3b0d7986743ef3538efe0faa8f82f96
commensurate/calc/twisted_sto_angles/theta_28p07_m4_n1_clean/test_calculation/relax_theta28_clean_qe75.in,,,qe_input,13090,186c8679b93343f17c92b331c905763450986301e585c5f42c52a89a86862176
commensurate/calc/twisted_sto_angles/theta_28p07_m4_n1_clean/test_calculation/relax_theta28_clean_qe75.out,,,qe_output,224804,f24ca6662655bb50554fba8cb954859f9bf2b2da1befc83d2cacd3a734721555
commensurate/calc/twisted_sto_angles/theta_28p07_m4_n1_clean/test_calculation/run_auto_sto28_relax_until_converged.sh,,,other,3642,c90b6bf8b5c6ecc669b3e04c64aff36939cccbaeb6f2b4f5cb124420c63e27be
commensurate/calc/twisted_sto_angles/theta_28p07_m4_n1_clean/test_calculation/run_theta28_final_scf_qe75.slurm,,,other,529,8cab054b1608ef837bb227f5c8a5fffb40850425d44b5dca753600712c0c057a
commensurate/calc/twisted_sto_angles/theta_28p07_m4_n1_clean/test_calculation/scf_theta28_beta005_plain.in,,,qe_input,9552,6c26b6b3daeaa15d43a00e717372c6def30a52ecc408bcb7a1f33ca579a612fa
commensurate/calc/twisted_sto_angles/theta_28p07_m4_n1_clean/test_calculation/scf_theta28_beta005_plain.out,,,qe_output,424828,222b0ca04859b3322c9f4e9e9ab88475f62129211482e8ac4d7cf146791ca267
commensurate/calc/twisted_sto_angles/theta_28p07_m4_n1_clean/test_calculation/scf_theta28_beta005_smearing_plain.in,,,qe_input,9597,1e8efe68fbac9f6b2ad72c6b3a556d017310a51586433190275f6f334431cbb3
commensurate/calc/twisted_sto_angles/theta_28p07_m4_n1_clean/test_calculation/scf_theta28_beta005_smearing_plain.out,,,qe_output,171602,0ceafd40ded03d107451cd1100fc1b3fc67361909fe2bbaa39ff672d7094e449
commensurate/calc/twisted_sto_angles/theta_28p07_m4_n1_clean/test_calculation/scf_theta28_beta005_tf.in,,,qe_input,9546,dccb9bc14ae8db393f265b1e5431142255ec934cd4753535e552227b659adf03
commensurate/calc/twisted_sto_angles/theta_28p07_m4_n1_clean/test_calculation/scf_theta28_beta005_tf.out,,,qe_output,436351,83bcbf0debe42fcf4ec55423a3578341cbda1ed427ca9916ce164731a77f4f2a
commensurate/calc/twisted_sto_angles/theta_28p07_m4_n1_clean/test_calculation/scf_theta28_final_nbnd820.in,,,qe_input,12965,5f2723799910464dcf267a96cf7696f06e753027a223bf35a541440a8cca8b18
commensurate/calc/twisted_sto_angles/theta_28p07_m4_n1_clean/test_calculation/scf_theta28_final_nbnd820.out,,,qe_output,147966,38ba3baa8e24454edd341607f4ce7fb096bf07ca02b83d5599efa959ae4d7d9d
commensurate/calc/twisted_sto_angles/theta_28p07_m4_n1_clean/test_calculation/scf_theta28_final_relaxed_qe75.BAD_MIXED.in,,,qe_input,13182,ee727367822ef3acb8cd6190b5d7d371bd66a2756b1428daf57a99e3e1359774
commensurate/calc/twisted_sto_angles/theta_28p07_m4_n1_clean/test_calculation/scf_theta28_final_relaxed_qe75.in,,,qe_input,12923,a7080c313e00f56733133056215b29b467d67c1e887542560be532cd5773f2f4
commensurate/calc/twisted_sto_angles/theta_28p07_m4_n1_clean/test_calculation/scf_theta28_final_relaxed_qe75.out,,,qe_output,104376,102461782318912254bb9c4bceb1c0b7fa654e21651a4006bfd117b9b7fd273e
commensurate/calc/twisted_sto_angles/theta_28p07_m4_n1_clean/test_calculation/script_relax_from_beta005_smearing_plain.sh,,,other,1173,ca853526fc8ac02690f9510e928fdbbcccb4eae142b7a7f38538014e3f1b5a23
commensurate/calc/twisted_sto_angles/theta_28p07_m4_n1_clean/test_calculation/script_relax_from_beta005_smearing_plain_24h.sh,,,other,1184,89c4d3de45d5970c68742b9e01e19e9be6ae09db9c671fa772b1d9a468e05c33
commensurate/calc/twisted_sto_angles/theta_28p07_m4_n1_clean/test_calculation/script_relax_from_beta005_smearing_plain_restart2_48h.sh,,,other,687,915f312d5dfbe70c0721c7cd87b52953e1a631ec953d55c698c69522a07f9e70
commensurate/calc/twisted_sto_angles/theta_28p07_m4_n1_clean/test_calculation/script_theta28_beta005_plain.sh,,,other,677,ec9f2ad973efa458cdc931f94757a5b42b69b303c6788349b26300fc0a8fbc58
commensurate/calc/twisted_sto_angles/theta_28p07_m4_n1_clean/test_calculation/script_theta28_beta005_smearing_plain.sh,,,other,695,7ee5e36e511852d6a924bf17918fc8d99a758fdca62a3dc2e08a6930ee3cd1c6
commensurate/calc/twisted_sto_angles/theta_28p07_m4_n1_clean/test_calculation/script_theta28_beta005_tf.sh,,,other,668,041758fabb1f83b6f7199ac6e9b4009fc3931f7931eab41bffd2d1e7d20291f5
commensurate/calc/twisted_sto_angles/theta_28p07_m4_n1_clean/test_calculation/script_theta28_clean_qe75_1node_48h.sh,,,other,651,45e5fe38ec80bd565ea2bfd0e37659d3d9413109077f9f1f271569162966ee38
commensurate/calc/twisted_sto_angles/theta_28p07_m4_n1_clean/test_calculation/script_theta28_restart3_48h.sh,,,other,687,2fd28a4558b7219cd780080308152e247f96db78824c5770bdb8b2413d3f36e2
commensurate/calc/twisted_sto_angles/theta_28p07_m4_n1_clean/test_calculation/script_theta28_restart4_48h.sh,,,other,687,395f6cd3a17887f78ae55f06ff08ce377bddbdb069f26e41c943872c9607ad2b
commensurate/calc/twisted_sto_angles/theta_28p07_m4_n1_clean/test_calculation/script_theta28_restart5_48h.sh,,,other,687,b7aaa53ff9dae016a5a9624f1c69670674a70a329f27a14af3fdf149b7d304d6
commensurate/calc/twisted_sto_angles/theta_28p07_m4_n1_clean/test_calculation/script_theta28_restart6_48h.sh,,,other,687,b544779f12d5aa52f6da5f24154d2369f92e08fed40df50f1959f17c0ed5cdfe
commensurate/calc/twisted_sto_angles/theta_28p07_m4_n1_clean/test_calculation/script_theta28_restart7_48h.sh,,,other,698,798e3172a3f2c6b4e07631759c842d98e29525a2c8304dc463a7903a072f6147
commensurate/calc/twisted_sto_angles/theta_28p07_m4_n1_clean/test_calculation/script_theta28_restart7_48h_pre_qe75.sh.backup,,,other,687,48b70ea07b9d71f9ee9cb7e1f94f95ea3af299d2dac7d57b4495517772406723
commensurate/calc/twisted_sto_angles/theta_28p07_m4_n1_clean/test_calculation/squeue,,,other,0,e3b0c44298fc1c149afbf4c8996fb92427ae41e4649b934ca495991b7852b855
commensurate/calc/twisted_sto_angles/theta_28p07_m4_n1_clean/test_calculation/sto28-auto-rx-r55171114.err,,,other,299,a0c754b6d1a19900eff1ab3cf943587ec94533dba826695a83ccf6f2b68efd1d
commensurate/calc/twisted_sto_angles/theta_28p07_m4_n1_clean/test_calculation/sto28-auto-rx-r55171114.out,,,qe_output,963,4f48b7735a08f028f8cd727639569f273c8fef6c660361da35347b9d3f893b17
commensurate/calc/twisted_sto_angles/theta_28p07_m4_n1_clean/test_calculation/sto28-final.57773761.err,,,other,14652,d388a7c8dd16e28da06fc0aff66da5d7a9ceac1657b934381d8840640ad29254
commensurate/calc/twisted_sto_angles/theta_28p07_m4_n1_clean/test_calculation/sto28-final.57773761.out,,,qe_output,0,e3b0c44298fc1c149afbf4c8996fb92427ae41e4649b934ca495991b7852b855
commensurate/calc/twisted_sto_angles/theta_28p07_m4_n1_clean/test_calculation/sto28-rx-24h.54490595.err,,,other,16170,1c269f2afdb80770c4c4cc7b12e9903b2b24566064260cf1d78b471653e1a12f
commensurate/calc/twisted_sto_angles/theta_28p07_m4_n1_clean/test_calculation/sto28-rx-24h.54490595.out,,,qe_output,478,7e038821b92ae1dc013d9bb34696f62e789e1d02b7f5f58cdcc5a2ae5781c992
commensurate/calc/twisted_sto_angles/theta_28p07_m4_n1_clean/test_calculation/sto28-rx-24h.54571386.err,,,other,6204,45e74ffb0d339485d3b16395d508b919ea0cd7dfcfa7690f0d6f0ce2a3953569
commensurate/calc/twisted_sto_angles/theta_28p07_m4_n1_clean/test_calculation/sto28-rx-24h.54571386.out,,,qe_output,478,c2387e752ea059fa4219d2940284a6b82c8bdbc0723d493619e94b667d4594ec
commensurate/calc/twisted_sto_angles/theta_28p07_m4_n1_clean/test_calculation/sto28-rx-clean.57670473.err,,,other,7734,6fac0a563a4f23b39792a498c91d7fc79bcc0cd8c7e4796f9650299f4dabde36
commensurate/calc/twisted_sto_angles/theta_28p07_m4_n1_clean/test_calculation/sto28-rx-clean.57670473.out,,,qe_output,0,e3b0c44298fc1c149afbf4c8996fb92427ae41e4649b934ca495991b7852b855
commensurate/calc/twisted_sto_angles/theta_28p07_m4_n1_clean/test_calculation/sto28-rx-r2-48h.54821141.err,,,other,6204,45e74ffb0d339485d3b16395d508b919ea0cd7dfcfa7690f0d6f0ce2a3953569
commensurate/calc/twisted_sto_angles/theta_28p07_m4_n1_clean/test_calculation/sto28-rx-r2-48h.54821141.out,,,qe_output,0,e3b0c44298fc1c149afbf4c8996fb92427ae41e4649b934ca495991b7852b855
commensurate/calc/twisted_sto_angles/theta_28p07_m4_n1_clean/test_calculation/sto28-rx-r3-48h.55470347.err,,,other,6204,45e74ffb0d339485d3b16395d508b919ea0cd7dfcfa7690f0d6f0ce2a3953569
commensurate/calc/twisted_sto_angles/theta_28p07_m4_n1_clean/test_calculation/sto28-rx-r3-48h.55470347.out,,,qe_output,0,e3b0c44298fc1c149afbf4c8996fb92427ae41e4649b934ca495991b7852b855
commensurate/calc/twisted_sto_angles/theta_28p07_m4_n1_clean/test_calculation/sto28-rx-r4-48h.55622806.err,,,other,6204,45e74ffb0d339485d3b16395d508b919ea0cd7dfcfa7690f0d6f0ce2a3953569
commensurate/calc/twisted_sto_angles/theta_28p07_m4_n1_clean/test_calculation/sto28-rx-r4-48h.55622806.out,,,qe_output,0,e3b0c44298fc1c149afbf4c8996fb92427ae41e4649b934ca495991b7852b855
commensurate/calc/twisted_sto_angles/theta_28p07_m4_n1_clean/test_calculation/sto28-rx-r5-48h.56758600.err,,,other,6144,6cf59f4545f53396c84c72b298de550606cc354923e3493904828602b952af70
commensurate/calc/twisted_sto_angles/theta_28p07_m4_n1_clean/test_calculation/sto28-rx-r5-48h.56758600.out,,,qe_output,0,e3b0c44298fc1c149afbf4c8996fb92427ae41e4649b934ca495991b7852b855
commensurate/calc/twisted_sto_angles/theta_28p07_m4_n1_clean/test_calculation/sto28-rx-r6-48h.57014357.err,,,other,6204,45e74ffb0d339485d3b16395d508b919ea0cd7dfcfa7690f0d6f0ce2a3953569
commensurate/calc/twisted_sto_angles/theta_28p07_m4_n1_clean/test_calculation/sto28-rx-r6-48h.57014357.out,,,qe_output,0,e3b0c44298fc1c149afbf4c8996fb92427ae41e4649b934ca495991b7852b855
commensurate/calc/twisted_sto_angles/theta_28p07_m4_n1_clean/test_calculation/sto28-rx-r6-48h.57457911.err,,,other,5302,69595994bece4f544d9de0ac1a85fbb249903f056c2702c57cac336ac57496ef
commensurate/calc/twisted_sto_angles/theta_28p07_m4_n1_clean/test_calculation/sto28-rx-r6-48h.57457911.out,,,qe_output,0,e3b0c44298fc1c149afbf4c8996fb92427ae41e4649b934ca495991b7852b855
commensurate/calc/twisted_sto_angles/theta_28p07_m4_n1_clean/test_calculation/sto28-rx-r7-48h.57515564.err,,,other,677,69c185870bf39e34be3042609d1b5a5d49f8211d176ed404001c8b9ba51e32dc
commensurate/calc/twisted_sto_angles/theta_28p07_m4_n1_clean/test_calculation/sto28-rx-r7-48h.57515564.out,,,qe_output,0,e3b0c44298fc1c149afbf4c8996fb92427ae41e4649b934ca495991b7852b855
commensurate/calc/twisted_sto_angles/theta_28p07_m4_n1_clean/test_calculation/summarize_theta28_scf.sh,,,other,2585,fd8a40a8d61aac6dde6eebc1a2d00890bb5da0f77c2542163d2e94322f464137
commensurate/calc/twisted_sto_angles/theta_28p07_m4_n1_clean/test_calculation/theta28_beta005_smearing_plain_summary.txt,,,other,36809,4caf589526d4085f436d9dfaa265d6422252e39b34eb9a6d0dc67ea66c651641
commensurate/calc/twisted_sto_angles/theta_28p07_m4_n1_clean/test_calculation/theta28_restart6_last_geometry.txt,,,other,11927,25b7ce90b8f992d0c6f3de546b5768eec43bccf49ddbeb64db506edec8a7574a
commensurate/calc/twisted_sto_angles/theta_28p07_m4_n1_clean/theta28_output_status_summary_latest.txt,,,other,2114,05fc685aae252913ad24985056c78cf823affc001f88207a530b4c2a428c6d4f
commensurate/calc/twisted_sto_angles/theta_28p07_m4_n1_clean/theta28_stop_messages_latest.txt,,,other,2328,e9267e9a5b474d031ff7e3d5f26c7d46f089d8a15597db5029ca9e785f35018e
commensurate/calc/twisted_sto_angles/theta_36p87_m3_n1_clean/.cat.swp,,,other,12288,1631edbd96d19ab0b405665bbb79f65e99fa7223f0386adad34ee346503fa900
commensurate/calc/twisted_sto_angles/theta_36p87_m3_n1_clean/.script_scf_relax.sh.swp,,,other,12288,171b298c6d2684d95b41900d80b5c7612818815c18481c7f68383d140ff18bc7
commensurate/calc/twisted_sto_angles/theta_36p87_m3_n1_clean/POSCAR_twisted.vasp,,,other,5445,56d757de3cbc75a1569d5114efdeaf9da086a589662a38d504531516c7d403b6
commensurate/calc/twisted_sto_angles/theta_36p87_m3_n1_clean/fixed_scf_analysis/plot_fixed_scf.gnu,,,other,1462,86463f5a692d347a9abe2eb03618610d510eb50129839af3b29be13bc8074f2a
commensurate/calc/twisted_sto_angles/theta_36p87_m3_n1_clean/fixed_scf_analysis/scf_fixed_david_beta01_*.dat,,,other,0,e3b0c44298fc1c149afbf4c8996fb92427ae41e4649b934ca495991b7852b855
commensurate/calc/twisted_sto_angles/theta_36p87_m3_n1_clean/fixed_scf_analysis/scf_fixed_david_beta01_*_with_delta.dat,,,other,0,e3b0c44298fc1c149afbf4c8996fb92427ae41e4649b934ca495991b7852b855
commensurate/calc/twisted_sto_angles/theta_36p87_m3_n1_clean/input_summary_theta36p87.md,,,other,1545,3d2f973e4abf58c326f9c38a43439245820bcd6eef53a80267fb5cf09608d729
commensurate/calc/twisted_sto_angles/theta_36p87_m3_n1_clean/make_scf_summary.py,,,other,3562,16bfc8f93e427cbcb277faa82671f28caad4a85b3e13c1c0b62db81a1e7d9b37
commensurate/calc/twisted_sto_angles/theta_36p87_m3_n1_clean/new_Calculations/avg_fixed_plain.dat,,,other,66240,a0c371eabaeffdf16c126fd8ad280692e5d5b3d1f6717d54bfc04fd76b73eff7
commensurate/calc/twisted_sto_angles/theta_36p87_m3_n1_clean/new_Calculations/awk,,,other,0,e3b0c44298fc1c149afbf4c8996fb92427ae41e4649b934ca495991b7852b855
commensurate/calc/twisted_sto_angles/theta_36p87_m3_n1_clean/new_Calculations/beta_kmesh_study/beta_sweep/analyze_beta.sh,,,other,668,ae5025bef3e92454a863da81ab658954e9ce95e921788c6c67ecebc520160849
commensurate/calc/twisted_sto_angles/theta_36p87_m3_n1_clean/new_Calculations/beta_kmesh_study/beta_sweep/base.in,,,qe_input,6050,5fd8e769920f76b50967e92f0a7adb0c4cc45019095d197551a8a71fb8ea270a
commensurate/calc/twisted_sto_angles/theta_36p87_m3_n1_clean/new_Calculations/beta_kmesh_study/beta_sweep/job_beta01.sh,,,other,606,80c5674f9f7da909dbf82e2c3fcb8e660e03bf856377d7b99a4e282d38dfd8c7
commensurate/calc/twisted_sto_angles/theta_36p87_m3_n1_clean/new_Calculations/beta_kmesh_study/beta_sweep/job_beta02.sh,,,other,606,e6ef16dfb5b8b5fc4dbb849ac6cf5c2dc0dcd0e47a9ba82c315e37af27b47d91
commensurate/calc/twisted_sto_angles/theta_36p87_m3_n1_clean/new_Calculations/beta_kmesh_study/beta_sweep/job_beta03.sh,,,other,606,a046f5a69777b087bf792ba9b786e86418c7556dc3b6eea5d0b0091697784a0d
commensurate/calc/twisted_sto_angles/theta_36p87_m3_n1_clean/new_Calculations/beta_kmesh_study/beta_sweep/job_beta05.sh,,,other,606,320f45533a5d524dd68f438120446a82ac8804eedf62c234a5a0397480dba4e7
commensurate/calc/twisted_sto_angles/theta_36p87_m3_n1_clean/new_Calculations/beta_kmesh_study/beta_sweep/job_beta08.sh,,,other,606,97da44e0f5fca277492b5efb8575fb2b8e229a46644205f7537e46e8fd9a4905
commensurate/calc/twisted_sto_angles/theta_36p87_m3_n1_clean/new_Calculations/beta_kmesh_study/beta_sweep/job_beta10.sh,,,other,606,e8debec410da71338c4dc7ef8cc155056e7954e6e5a87fbd10071b933db91a28
commensurate/calc/twisted_sto_angles/theta_36p87_m3_n1_clean/new_Calculations/beta_kmesh_study/beta_sweep/job_beta12.sh,,,other,606,221ba7d5e1e0a18400f62f387686977ebbc02904389095e7708db6078eec67a8
commensurate/calc/twisted_sto_angles/theta_36p87_m3_n1_clean/new_Calculations/beta_kmesh_study/beta_sweep/job_beta15.sh,,,other,606,2c6f6f974fd7c40f8bcfa6fcf9ce9eb22789ef95e293fde58abbd93553a6dbc4
commensurate/calc/twisted_sto_angles/theta_36p87_m3_n1_clean/new_Calculations/beta_kmesh_study/beta_sweep/job_beta20.sh,,,other,606,f09173ad8af2d50455e8452ad0dee1fd686776b6febc0be96672b559187c0a08
commensurate/calc/twisted_sto_angles/theta_36p87_m3_n1_clean/new_Calculations/beta_kmesh_study/beta_sweep/job_beta30.sh,,,other,606,cd06244cc7a146b405f94dee46e39bd3030892047a515ff476306b80ac3ef17a
commensurate/calc/twisted_sto_angles/theta_36p87_m3_n1_clean/new_Calculations/beta_kmesh_study/beta_sweep/job_beta40.sh,,,other,606,1211ed05beb2495b001db05ff59ea44ff3d0566db40f8b8de798f69e0f4c0777
commensurate/calc/twisted_sto_angles/theta_36p87_m3_n1_clean/new_Calculations/beta_kmesh_study/beta_sweep/job_beta50.sh,,,other,606,0171f1a00c386764ac00ef950094c69d7e0ee7056c3b47db76ef848bc0d7d759
commensurate/calc/twisted_sto_angles/theta_36p87_m3_n1_clean/new_Calculations/beta_kmesh_study/beta_sweep/make_beta_sweep.sh,,,other,1072,89cd74efbf998f2e86022e987cdd9e1adde5c6c3b3fe2a979cd709075f2cfe73
commensurate/calc/twisted_sto_angles/theta_36p87_m3_n1_clean/new_Calculations/beta_kmesh_study/beta_sweep/scf_fixed_plain_beta01.in,,,qe_input,6030,0c98a07cef91e082b5bd3aeb25e52f0c220de20e04f544c18b3c0dcb25aee7e7
commensurate/calc/twisted_sto_angles/theta_36p87_m3_n1_clean/new_Calculations/beta_kmesh_study/beta_sweep/scf_fixed_plain_beta01.out,,,qe_output,97485,5020d1efcf1dad48ea28c24b0f28e7b1920f00ee328c2c992c19a1dc5cb73471
commensurate/calc/twisted_sto_angles/theta_36p87_m3_n1_clean/new_Calculations/beta_kmesh_study/beta_sweep/scf_fixed_plain_beta02.in,,,qe_input,6030,dea7b19c946302852d76d0b6d9f1fabdd71a24394743bdc1f81bd76fae3bc3c3
commensurate/calc/twisted_sto_angles/theta_36p87_m3_n1_clean/new_Calculations/beta_kmesh_study/beta_sweep/scf_fixed_plain_beta02.out,,,qe_output,211750,44275b980bec3f4816b38908472f78574e9fe8e8a3bf9d68a8f70790da368248
commensurate/calc/twisted_sto_angles/theta_36p87_m3_n1_clean/new_Calculations/beta_kmesh_study/beta_sweep/scf_fixed_plain_beta03.in,,,qe_input,6030,e4219d34741e0ba696d046f571b1281b795dcb514866e9f124651f8ce03c9868
commensurate/calc/twisted_sto_angles/theta_36p87_m3_n1_clean/new_Calculations/beta_kmesh_study/beta_sweep/scf_fixed_plain_beta03.out,,,qe_output,85093,950d934807452eb00e1598d6ffb35234d7b5b07b2a16d773a39abae34998c4da
commensurate/calc/twisted_sto_angles/theta_36p87_m3_n1_clean/new_Calculations/beta_kmesh_study/beta_sweep/scf_fixed_plain_beta05.in,,,qe_input,6030,f7b6c6cbf284ce638ea30de723fed5e66e721b6f3335677ad98665e3b1af3cac
commensurate/calc/twisted_sto_angles/theta_36p87_m3_n1_clean/new_Calculations/beta_kmesh_study/beta_sweep/scf_fixed_plain_beta05.out,,,qe_output,133752,dd8d86adb075ab53c254211158744e74f473862dc6963b8eaf6b9a9f1ddde316
commensurate/calc/twisted_sto_angles/theta_36p87_m3_n1_clean/new_Calculations/beta_kmesh_study/beta_sweep/scf_fixed_plain_beta08.in,,,qe_input,6030,a829475e85ff2ac36390b446ba2a45c6831127a26168543973b463756bdc24d9
commensurate/calc/twisted_sto_angles/theta_36p87_m3_n1_clean/new_Calculations/beta_kmesh_study/beta_sweep/scf_fixed_plain_beta08.out,,,qe_output,71319,552cf71575b9884811f8dbeee11b77a9d9b29614ef2129caeedc2052e39d09f0
commensurate/calc/twisted_sto_angles/theta_36p87_m3_n1_clean/new_Calculations/beta_kmesh_study/beta_sweep/scf_fixed_plain_beta10.in,,,qe_input,6030,0083d74a560d6ea614e38bc124ae4df14ab498ca332901573720918bfa25f2bc
commensurate/calc/twisted_sto_angles/theta_36p87_m3_n1_clean/new_Calculations/beta_kmesh_study/beta_sweep/scf_fixed_plain_beta10.out,,,qe_output,81747,47ae44050c120a247d25f41862cf2627957ee53e1feff409dc714af9e279f460
commensurate/calc/twisted_sto_angles/theta_36p87_m3_n1_clean/new_Calculations/beta_kmesh_study/beta_sweep/scf_fixed_plain_beta12.in,,,qe_input,6030,da5997ad937c26d333b069250f376c0de744477c2377c13f430a65824f74217c
commensurate/calc/twisted_sto_angles/theta_36p87_m3_n1_clean/new_Calculations/beta_kmesh_study/beta_sweep/scf_fixed_plain_beta12.out,,,qe_output,69917,6e1b2a102a138b9b34ac0b2bdfcdd04c923579b95e0db98438b3566bce638359
commensurate/calc/twisted_sto_angles/theta_36p87_m3_n1_clean/new_Calculations/beta_kmesh_study/beta_sweep/scf_fixed_plain_beta15.in,,,qe_input,6030,402368de79b1c4a6522acc6ad7d9c9594e1156f6ba8a4ca4f3a21e1895cbd120
commensurate/calc/twisted_sto_angles/theta_36p87_m3_n1_clean/new_Calculations/beta_kmesh_study/beta_sweep/scf_fixed_plain_beta15.out,,,qe_output,71795,64bb7ccd470e8c01b12cba4847c460aa219df1ad57e7682c4f4173ea97cf4e5f
commensurate/calc/twisted_sto_angles/theta_36p87_m3_n1_clean/new_Calculations/beta_kmesh_study/beta_sweep/scf_fixed_plain_beta20.in,,,qe_input,6030,c1682fd57f7aa41fb4102dc910fbbf3bdd18ae0bc513d720db1c3ddce3c951e5
commensurate/calc/twisted_sto_angles/theta_36p87_m3_n1_clean/new_Calculations/beta_kmesh_study/beta_sweep/scf_fixed_plain_beta20.out,,,qe_output,74361,dfb5f8c1e887eeb7aba0e38d55a459714c873b207f1a2205a7d6b54520fd4be1
commensurate/calc/twisted_sto_angles/theta_36p87_m3_n1_clean/new_Calculations/beta_kmesh_study/beta_sweep/scf_fixed_plain_beta30.in,,,qe_input,6030,94b5b7c4375dd3fa4c1770a9f2edc20017b941d18ba80d86950abffa03b9eed8
commensurate/calc/twisted_sto_angles/theta_36p87_m3_n1_clean/new_Calculations/beta_kmesh_study/beta_sweep/scf_fixed_plain_beta30.out,,,qe_output,65966,09a63c48cf77dbef2cb87d34084407f1ea79c4d966d063f7070b54a1ea7f2238
commensurate/calc/twisted_sto_angles/theta_36p87_m3_n1_clean/new_Calculations/beta_kmesh_study/beta_sweep/scf_fixed_plain_beta40.in,,,qe_input,6030,b4f87bd94903e7d754509f89290e2c66af0fef0a2c465f4536435f96d0467515
commensurate/calc/twisted_sto_angles/theta_36p87_m3_n1_clean/new_Calculations/beta_kmesh_study/beta_sweep/scf_fixed_plain_beta40.out,,,qe_output,78788,dfd79996fa8ef1446f7d9c95df8f3996aa5420faab87c83db5bc7bf0b419b8f4
commensurate/calc/twisted_sto_angles/theta_36p87_m3_n1_clean/new_Calculations/beta_kmesh_study/beta_sweep/scf_fixed_plain_beta50.in,,,qe_input,6030,e8a71a3465b357c8bfb2df32438f06c9b076d4be061604c92140435541031560
commensurate/calc/twisted_sto_angles/theta_36p87_m3_n1_clean/new_Calculations/beta_kmesh_study/beta_sweep/scf_fixed_plain_beta50.out,,,qe_output,73412,0bb419c1479da0a17ac4603df17ffdf7c31e7f48cb109d6837afa69ad0ced2af
commensurate/calc/twisted_sto_angles/theta_36p87_m3_n1_clean/new_Calculations/beta_kmesh_study/kmesh_sweep/base_kmesh.in,,,qe_input,6050,5fd8e769920f76b50967e92f0a7adb0c4cc45019095d197551a8a71fb8ea270a
commensurate/calc/twisted_sto_angles/theta_36p87_m3_n1_clean/new_Calculations/beta_kmesh_study/kmesh_sweep/job_k1x1x1.sh,,,other,833,dbac54712015730841c1a197bf9db04c5986e67128c68921944ad8cbefd60f16
commensurate/calc/twisted_sto_angles/theta_36p87_m3_n1_clean/new_Calculations/beta_kmesh_study/kmesh_sweep/job_k2x2x1.sh,,,other,833,7b06d6d71465e617fc40b09de299d1abae372eab7d2456b7accb865f907d3577
commensurate/calc/twisted_sto_angles/theta_36p87_m3_n1_clean/new_Calculations/beta_kmesh_study/kmesh_sweep/job_k3x3x1.sh,,,other,833,5ed17e92c215f92360b68667673d55bf8f8d7ec05dc5300ef7a158e3f6ebe241
commensurate/calc/twisted_sto_angles/theta_36p87_m3_n1_clean/new_Calculations/beta_kmesh_study/kmesh_sweep/job_k4x4x1.sh,,,other,833,38a7dcf5a9b810b1f9456c588a0795eed3c6016b85f4ae8ccadc9dac47bd699e
commensurate/calc/twisted_sto_angles/theta_36p87_m3_n1_clean/new_Calculations/beta_kmesh_study/kmesh_sweep/job_k5x5x1.sh,,,other,833,76e78621bf58f9902355d52c29190a473a34d59805467d3e98a769096207a0c1
commensurate/calc/twisted_sto_angles/theta_36p87_m3_n1_clean/new_Calculations/beta_kmesh_study/kmesh_sweep/job_k6x6x1.sh,,,other,833,82156b25945a76a138fe10f54c5393a24bcd6cd33e3b2557e2b55e73a3124891
commensurate/calc/twisted_sto_angles/theta_36p87_m3_n1_clean/new_Calculations/beta_kmesh_study/kmesh_sweep/kmesh_deltaE_summary.dat,,,other,73,212fca5fa060c5de9d876898a1b75b0e30d6ad1962a6657f7ee2e6da9ffe0da3
commensurate/calc/twisted_sto_angles/theta_36p87_m3_n1_clean/new_Calculations/beta_kmesh_study/kmesh_sweep/kmesh_energy_summary.dat,,,other,94,1089fac955b8212c9721fe5e264cc735194b5fbce540d3e43de9640c14f20ebd
commensurate/calc/twisted_sto_angles/theta_36p87_m3_n1_clean/new_Calculations/beta_kmesh_study/kmesh_sweep/make_kmesh_sweep.sh,,,other,1890,a1e304ce26b6c87b41d2cee01a0a5172e2cfa78322725a1f5ab72838ad493039
commensurate/calc/twisted_sto_angles/theta_36p87_m3_n1_clean/new_Calculations/beta_kmesh_study/kmesh_sweep/scf_fixed_plain_k1x1x1.in,,,qe_input,6037,17f1675e85f50df0729f1e5172832c0d6cddf2f9a7a70d75f4452796cfdabec2
commensurate/calc/twisted_sto_angles/theta_36p87_m3_n1_clean/new_Calculations/beta_kmesh_study/kmesh_sweep/scf_fixed_plain_k1x1x1.out,,,qe_output,542714,1e65896c39fa094faea228b0e6a513a90e4b082a96e921e994fbfc7646074816
commensurate/calc/twisted_sto_angles/theta_36p87_m3_n1_clean/new_Calculations/beta_kmesh_study/kmesh_sweep/scf_fixed_plain_k2x2x1.in,,,qe_input,6037,dcdff60527fe5843850c0c43916b0b0feb896d90906f1011cd8da0fa44215598
commensurate/calc/twisted_sto_angles/theta_36p87_m3_n1_clean/new_Calculations/beta_kmesh_study/kmesh_sweep/scf_fixed_plain_k2x2x1.out,,,qe_output,67629,1e8e19a496096babb88ddd7cb3b17a56d65e6fe021c7dd916afc407e66044ea2
commensurate/calc/twisted_sto_angles/theta_36p87_m3_n1_clean/new_Calculations/beta_kmesh_study/kmesh_sweep/scf_fixed_plain_k3x3x1.in,,,qe_input,6037,ff24c1087b2bd0761712b5c7de80d1f98f34a1ce66662e1b3ebd3701cd5cfd8b
commensurate/calc/twisted_sto_angles/theta_36p87_m3_n1_clean/new_Calculations/beta_kmesh_study/kmesh_sweep/scf_fixed_plain_k3x3x1.out,,,qe_output,372266,34de58ee91b6de80253453b60e55250c4674dd214504d9a2a9a6c92e36553d39
commensurate/calc/twisted_sto_angles/theta_36p87_m3_n1_clean/new_Calculations/beta_kmesh_study/kmesh_sweep/scf_fixed_plain_k4x4x1.in,,,qe_input,6037,d092afb9f056ab69a75e71af2e171e8bf64dcb484186346fb6c399edd5a70075
commensurate/calc/twisted_sto_angles/theta_36p87_m3_n1_clean/new_Calculations/beta_kmesh_study/kmesh_sweep/scf_fixed_plain_k4x4x1.out,,,qe_output,250518,61a1c59608e2374d42e1bafcb0eb8e3bd45322a872fb018b41baab9a138fb29a
commensurate/calc/twisted_sto_angles/theta_36p87_m3_n1_clean/new_Calculations/beta_kmesh_study/kmesh_sweep/scf_fixed_plain_k5x5x1.in,,,qe_input,6037,70f716f0ab08a0b12f99b358a65e6c285a773c1fc38353f282d4ca2aa4ce30f7
commensurate/calc/twisted_sto_angles/theta_36p87_m3_n1_clean/new_Calculations/beta_kmesh_study/kmesh_sweep/scf_fixed_plain_k5x5x1.out,,,qe_output,167448,72fe52c5aa7a53f63bd5e5ef87b5266ed5acd1ac798554379fbba2f2771d8bcc
commensurate/calc/twisted_sto_angles/theta_36p87_m3_n1_clean/new_Calculations/beta_kmesh_study/kmesh_sweep/scf_fixed_plain_k6x6x1.in,,,qe_input,6037,72e7cd8ef40babc54462b2a088cf71ebe0c0b2da22acb45532dfad0d9110914b
commensurate/calc/twisted_sto_angles/theta_36p87_m3_n1_clean/new_Calculations/beta_kmesh_study/kmesh_sweep/scf_fixed_plain_k6x6x1.out,,,qe_output,97981,92a01273c75fd4f7162f6e63688a8692a439836829d5cc441150d2ed1b9bbe01
commensurate/calc/twisted_sto_angles/theta_36p87_m3_n1_clean/new_Calculations/beta_kmesh_study/logs/beta_01.out,,,qe_output,6222,a38ed3dae12814c559e01af34ee7a561c93ce49dde0929902b63f6986451b106
commensurate/calc/twisted_sto_angles/theta_36p87_m3_n1_clean/new_Calculations/beta_kmesh_study/logs/beta_02.out,,,qe_output,6222,7f89a9bbf95adf228ad066c3d8e80e9caca3fe68e0e377f7aa4a72f6bb288943
commensurate/calc/twisted_sto_angles/theta_36p87_m3_n1_clean/new_Calculations/beta_kmesh_study/logs/beta_03.out,,,qe_output,6222,9ae664e1ff894a879406f329015c1f7f064438c2a3f193af7f4d0d698f74c220
commensurate/calc/twisted_sto_angles/theta_36p87_m3_n1_clean/new_Calculations/beta_kmesh_study/logs/beta_05.out,,,qe_output,6222,afb4f48db7e27fca9ad5d2e2492459bbff0ce0394960d39043992c00d75bd2db
commensurate/calc/twisted_sto_angles/theta_36p87_m3_n1_clean/new_Calculations/beta_kmesh_study/logs/beta_08.out,,,qe_output,6222,40e01918a9893dfe317a07720886d40a17b851506a047e59d214091c2faf57a7
commensurate/calc/twisted_sto_angles/theta_36p87_m3_n1_clean/new_Calculations/beta_kmesh_study/logs/beta_10.out,,,qe_output,6222,cd4ef8ef1c023e6a16c51844099dcc5be4aabf2bba997d1f34a0504e9ea235fe
commensurate/calc/twisted_sto_angles/theta_36p87_m3_n1_clean/new_Calculations/beta_kmesh_study/logs/beta_12.out,,,qe_output,6222,1f776e05e5954301fc6cf2c4b0db03ae04f5dab4af24380e06782ba364292525
commensurate/calc/twisted_sto_angles/theta_36p87_m3_n1_clean/new_Calculations/beta_kmesh_study/logs/beta_15.out,,,qe_output,6222,0c94d19c3323df881fdb43f2bde3e279f3f7127b808eaaa6e814ec5fb4bc5092
commensurate/calc/twisted_sto_angles/theta_36p87_m3_n1_clean/new_Calculations/beta_kmesh_study/logs/beta_20.out,,,qe_output,6222,7483027da3764062bce362ae93e9995dda7c080d61515d5e92611b17e67e47a3
commensurate/calc/twisted_sto_angles/theta_36p87_m3_n1_clean/new_Calculations/beta_kmesh_study/logs/beta_30.out,,,qe_output,6222,caa9bbe301f707174498cadd0957a930c2019a4da6ca9f6016f6ebfd4410d9f4
commensurate/calc/twisted_sto_angles/theta_36p87_m3_n1_clean/new_Calculations/beta_kmesh_study/logs/beta_40.out,,,qe_output,6222,505dace9a011bc874365d9ffa01f2e1020ce0f0a62b4f3197b5b0a0050c5c681
commensurate/calc/twisted_sto_angles/theta_36p87_m3_n1_clean/new_Calculations/beta_kmesh_study/logs/beta_50.out,,,qe_output,6222,6c43f8d4f66a0fee23accc532c275a56de3b794fe8f90a76bec9b805ca4eb21f
commensurate/calc/twisted_sto_angles/theta_36p87_m3_n1_clean/new_Calculations/beta_kmesh_study/logs/k1x1x1.52481003.err,,,other,6204,45e74ffb0d339485d3b16395d508b919ea0cd7dfcfa7690f0d6f0ce2a3953569
commensurate/calc/twisted_sto_angles/theta_36p87_m3_n1_clean/new_Calculations/beta_kmesh_study/logs/k1x1x1.52481003.out,,,qe_output,166,1b48f343ab7923c30d2d5b82c9b241454c84e2140c91a1744f2e5422771918b7
commensurate/calc/twisted_sto_angles/theta_36p87_m3_n1_clean/new_Calculations/beta_kmesh_study/logs/k2x2x1.52481004.err,,,other,6204,45e74ffb0d339485d3b16395d508b919ea0cd7dfcfa7690f0d6f0ce2a3953569
commensurate/calc/twisted_sto_angles/theta_36p87_m3_n1_clean/new_Calculations/beta_kmesh_study/logs/k2x2x1.52481004.out,,,qe_output,166,47a944a59b58bc57a72d38e6cc2095bcc15718e2e2f00a87e3962bab62b610a5
commensurate/calc/twisted_sto_angles/theta_36p87_m3_n1_clean/new_Calculations/beta_kmesh_study/logs/k3x3x1.52481005.err,,,other,313,65f82db3b0ab282d9a580952071dbb4872583ff968eea9a8f8d18f9a9b6d5d55
commensurate/calc/twisted_sto_angles/theta_36p87_m3_n1_clean/new_Calculations/beta_kmesh_study/logs/k3x3x1.52481005.out,,,qe_output,84,dcb5ef2f30284d4701db8dcf5ec08b14dcc49d215ab4260acfdb85f308cd3758
commensurate/calc/twisted_sto_angles/theta_36p87_m3_n1_clean/new_Calculations/beta_kmesh_study/logs/k4x4x1.52481007.err,,,other,313,3522e68f38e4e3a5a6c8ab556316b378fa060e43654503b3e609d54c56be955a
commensurate/calc/twisted_sto_angles/theta_36p87_m3_n1_clean/new_Calculations/beta_kmesh_study/logs/k4x4x1.52481007.out,,,qe_output,84,8642fc54a609fd6abd8d1b3ce2dc04f0afaeac44afa0206c05fbfc200cfdfa5b
commensurate/calc/twisted_sto_angles/theta_36p87_m3_n1_clean/new_Calculations/beta_kmesh_study/logs/k5x5x1.52481008.err,,,other,6204,45e74ffb0d339485d3b16395d508b919ea0cd7dfcfa7690f0d6f0ce2a3953569
commensurate/calc/twisted_sto_angles/theta_36p87_m3_n1_clean/new_Calculations/beta_kmesh_study/logs/k5x5x1.52481008.out,,,qe_output,166,c4b92a2d9b1c2b6f7b85853c57e4179554ebd7ebd74f2bdd443bd02a318f484a
commensurate/calc/twisted_sto_angles/theta_36p87_m3_n1_clean/new_Calculations/beta_kmesh_study/logs/k6x6x1.52481009.err,,,other,386,4a9ceaab093a9931d59af115b59b1a2f537c1b91ae813ab0f4758bc52d6864b9
commensurate/calc/twisted_sto_angles/theta_36p87_m3_n1_clean/new_Calculations/beta_kmesh_study/logs/k6x6x1.52481009.out,,,qe_output,84,da163ba242fe223ae690306b97095095f6807cea1be68b6e03abb7e06af30de0
commensurate/calc/twisted_sto_angles/theta_36p87_m3_n1_clean/new_Calculations/beta_kmesh_study/ls,,,other,0,e3b0c44298fc1c149afbf4c8996fb92427ae41e4649b934ca495991b7852b855
commensurate/calc/twisted_sto_angles/theta_36p87_m3_n1_clean/new_Calculations/beta_kmesh_study/nano,,,other,0,e3b0c44298fc1c149afbf4c8996fb92427ae41e4649b934ca495991b7852b855
commensurate/calc/twisted_sto_angles/theta_36p87_m3_n1_clean/new_Calculations/beta_kmesh_study/scf_fixed_david_beta01_plain.in,,,qe_input,6050,5fd8e769920f76b50967e92f0a7adb0c4cc45019095d197551a8a71fb8ea270a
commensurate/calc/twisted_sto_angles/theta_36p87_m3_n1_clean/new_Calculations/extract_fixed_scf.sh,,,other,2399,87554863a55a521ef91bfc9c529feda9f2dd7bc3508c835c986070d88bb21d7a
commensurate/calc/twisted_sto_angles/theta_36p87_m3_n1_clean/new_Calculations/extract_smear_scf.py,,,other,912,bf3dde26f8e3619613e97103424e49fd72d6e2cb8552f4999b67017d0563fc4e
commensurate/calc/twisted_sto_angles/theta_36p87_m3_n1_clean/new_Calculations/fixed/36p87-fixed-local_tf.52215108.err,,,other,6658,f0258dbe43282fb52a956317761af3c8120450bf7420b9fec3b712b8f3a128d5
commensurate/calc/twisted_sto_angles/theta_36p87_m3_n1_clean/new_Calculations/fixed/36p87-fixed-local_tf.52215108.out,,,qe_output,194,029d71691fbf29546e3fc7953534aae88815bd5f34f76124c70d41d627f5447b
commensurate/calc/twisted_sto_angles/theta_36p87_m3_n1_clean/new_Calculations/fixed/36p87-fixed-plain.52215110.err,,,other,6658,f0258dbe43282fb52a956317761af3c8120450bf7420b9fec3b712b8f3a128d5
commensurate/calc/twisted_sto_angles/theta_36p87_m3_n1_clean/new_Calculations/fixed/36p87-fixed-plain.52215110.out,,,qe_output,188,ccdb954bc54545dbe17adc7237cda37d197e1b873978727f4738f335211c8791
commensurate/calc/twisted_sto_angles/theta_36p87_m3_n1_clean/new_Calculations/fixed/36p87-fixed-tf.52215109.err,,,other,6658,f0258dbe43282fb52a956317761af3c8120450bf7420b9fec3b712b8f3a128d5
commensurate/calc/twisted_sto_angles/theta_36p87_m3_n1_clean/new_Calculations/fixed/36p87-fixed-tf.52215109.out,,,qe_output,182,2e5c9d06ff0d1a468a8574e3a97a97dbc50afb6cccf20473e9095c688825a86b
commensurate/calc/twisted_sto_angles/theta_36p87_m3_n1_clean/new_Calculations/fixed/scf_fixed_david_beta01_local_tf.in,,,qe_input,6056,390af95bb6a8c948dfd755764b958beea35731f8efdfe63949061ebb2793d9a4
commensurate/calc/twisted_sto_angles/theta_36p87_m3_n1_clean/new_Calculations/fixed/scf_fixed_david_beta01_local_tf.out,,,qe_output,254730,31277e625b3dd7873fced2425074e8f9e97a379087a2afa6df1549301d77516e
commensurate/calc/twisted_sto_angles/theta_36p87_m3_n1_clean/new_Calculations/fixed/scf_fixed_david_beta01_plain.in,,,qe_input,6050,5fd8e769920f76b50967e92f0a7adb0c4cc45019095d197551a8a71fb8ea270a
commensurate/calc/twisted_sto_angles/theta_36p87_m3_n1_clean/new_Calculations/fixed/scf_fixed_david_beta01_plain.out,,,qe_output,70738,7ddcec2f30c48175a2fc9d23dfe9e1abbebcbdd0207befd217ab187d1868c8bd
commensurate/calc/twisted_sto_angles/theta_36p87_m3_n1_clean/new_Calculations/fixed/scf_fixed_david_beta01_tf.in,,,qe_input,6044,aa405ce3e4687c6f6508e80bf8969e8cb4d7711a04c3db34288c5524a2198e0d
commensurate/calc/twisted_sto_angles/theta_36p87_m3_n1_clean/new_Calculations/fixed/scf_fixed_david_beta01_tf.out,,,qe_output,370102,edb380bb025732638caecff8623ea3e0744b21be245f200d07af3140a0c6ab9e
commensurate/calc/twisted_sto_angles/theta_36p87_m3_n1_clean/new_Calculations/fixed/scf_local_tf_nbnd480.in,,,qe_input,6068,6e7db37e05b517748a11d4f76eb5891308ad9e9226b8fb2bf1b4dc3feb00fc28
commensurate/calc/twisted_sto_angles/theta_36p87_m3_n1_clean/new_Calculations/fixed/scf_local_tf_nbnd480_new.in,,,qe_input,6072,2ffdaa04e852740c1e0634b7343f9a36f4f15e2d6d99c9f1095d6f7df296807b
commensurate/calc/twisted_sto_angles/theta_36p87_m3_n1_clean/new_Calculations/fixed/scf_plain_nbnd480.in,,,qe_input,6062,515982f3b6f059c129431f961ace70fc1e444dd1716c8123d1b83f8e8cef9967
commensurate/calc/twisted_sto_angles/theta_36p87_m3_n1_clean/new_Calculations/fixed/scf_tf_nbnd480.in,,,qe_input,6056,552308ed93b583e82481e82c7515c3cb0c3d84628f13c5bcb26e24d35d7eb9aa
commensurate/calc/twisted_sto_angles/theta_36p87_m3_n1_clean/new_Calculations/fixed/scf_tf_nbnd480_new.in,,,qe_input,6060,201562fec8e4b39ac761b9f3878a528fb3831cecbc70d8c0e52b6c85d68380ab
commensurate/calc/twisted_sto_angles/theta_36p87_m3_n1_clean/new_Calculations/fixed/script_fixed_david_beta01_local_tf.sh,,,other,864,b4e9bb6b397c5f7af1bb9a7368d980554f9e716d7ca8df33e1fdc892e703a4ae
commensurate/calc/twisted_sto_angles/theta_36p87_m3_n1_clean/new_Calculations/fixed/script_fixed_david_beta01_plain.sh,,,other,846,895b63c5b77703f82ac0d67e5a3375d401f0e3d7e1047c25286fa0466d2a09c5
commensurate/calc/twisted_sto_angles/theta_36p87_m3_n1_clean/new_Calculations/fixed/script_fixed_david_beta01_tf.sh,,,other,828,d3c3200559e3893058a78303200081bf24ac919afa214f7d9a6dc5688b960b4f
commensurate/calc/twisted_sto_angles/theta_36p87_m3_n1_clean/new_Calculations/fixed/script_scf_local_tf_nbnd480.sh,,,other,791,9ec3d025923c791c201084ae501e20b08e094fcd22184d3dc5101b6ca79e18ce
commensurate/calc/twisted_sto_angles/theta_36p87_m3_n1_clean/new_Calculations/fixed/script_scf_plain_nbnd480.sh,,,other,773,702e50e0e7e6c6b8e2b848643a90db2bb6491e316621eb23ba017e4bd496dc4f
commensurate/calc/twisted_sto_angles/theta_36p87_m3_n1_clean/new_Calculations/fixed/script_scf_tf_nbnd480.sh,,,other,755,f886d2db242664feb4d5f2b71f8959f56ff0d44b0680947604944a8f5d15eed9
commensurate/calc/twisted_sto_angles/theta_36p87_m3_n1_clean/new_Calculations/fixed_scf_analysis/plot_fixed_scf.gnu,,,other,1462,86463f5a692d347a9abe2eb03618610d510eb50129839af3b29be13bc8074f2a
commensurate/calc/twisted_sto_angles/theta_36p87_m3_n1_clean/new_Calculations/fixed_scf_analysis/scf_fixed_david_beta01_local_tf.dat,,,other,17122,b18591e56bf8f9c640bdd2af8f66c770be372b96bc827cbf281ab266b7ec5edb
commensurate/calc/twisted_sto_angles/theta_36p87_m3_n1_clean/new_Calculations/fixed_scf_analysis/scf_fixed_david_beta01_local_tf_with_delta.dat,,,other,22521,bffcfe9a069ac0bb472e7f081c9f97928f6bc9ce47932bd31a20fbef07e46246
commensurate/calc/twisted_sto_angles/theta_36p87_m3_n1_clean/new_Calculations/fixed_scf_analysis/scf_fixed_david_beta01_plain.dat,,,other,1435,d3b77f61a8d6196cf823b10c94469a82bc4a3f5819233c3c360c3db2a9830237
commensurate/calc/twisted_sto_angles/theta_36p87_m3_n1_clean/new_Calculations/fixed_scf_analysis/scf_fixed_david_beta01_plain_with_delta.dat,,,other,1883,7df796aed7e3912609c2540e7816cdfc586e72f99742eddc21c7dd1b3080e6fd
commensurate/calc/twisted_sto_angles/theta_36p87_m3_n1_clean/new_Calculations/fixed_scf_analysis/scf_fixed_david_beta01_tf.dat,,,other,27384,f8f42fa5b102e0d6bccf60de2bc14207093d40b5e8486601de639c7513305093
commensurate/calc/twisted_sto_angles/theta_36p87_m3_n1_clean/new_Calculations/fixed_scf_analysis/scf_fixed_david_beta01_tf_with_delta.dat,,,other,35966,de1ca25e97aeea4ef6d972e9b372c8fd52500758a10f515f892263cd9f960ef4
commensurate/calc/twisted_sto_angles/theta_36p87_m3_n1_clean/new_Calculations/make_fixed_and_smear_david_beta01.sh,,,other,2657,628d99dad022f7b95fad165e61c21545230e1a4393371a1b65979f06373c2fc6
commensurate/calc/twisted_sto_angles/theta_36p87_m3_n1_clean/new_Calculations/make_mixing_tests.sh,,,other,1805,6dd3f399c23d29a9b2dda969d0f85bef560d9b3f045a94cebcb3a868e7b0e09e
commensurate/calc/twisted_sto_angles/theta_36p87_m3_n1_clean/new_Calculations/pp_potential/avg.in,,,qe_input,36,5c41d823e5b49b26ade92e0687fe89bd09a71b930a61a2d027cc707d73f4e54a
commensurate/calc/twisted_sto_angles/theta_36p87_m3_n1_clean/new_Calculations/pp_potential/avg.out,,,qe_output,1519,3bf83ee841182344a705cf0582229898f41de2c5229f3e6b915867e3bd8f8709
commensurate/calc/twisted_sto_angles/theta_36p87_m3_n1_clean/new_Calculations/pp_potential/avg_fixed_local_tf.in,,,qe_input,53,e2270f8af8bf78d0c3f3e1fa1b0950fcb64da288abea9068f35fd160ab86d9ef
commensurate/calc/twisted_sto_angles/theta_36p87_m3_n1_clean/new_Calculations/pp_potential/avg_fixed_local_tf.out,,,qe_output,1349,3c4652fa34bc16dcc6361165382d194bb99fc8c9547bd42b4803b543941d3c0b
commensurate/calc/twisted_sto_angles/theta_36p87_m3_n1_clean/new_Calculations/pp_potential/avg_fixed_plain.in,,,qe_input,50,999c459e014336f8ce2b5275714921317fc639adf9ba606ed46b7d86835e3f3e
commensurate/calc/twisted_sto_angles/theta_36p87_m3_n1_clean/new_Calculations/pp_potential/avg_fixed_plain.out,,,qe_output,1349,78a454b95a1da9c65910dd8c2627c93d64175bcdc072fd6c9d9d10966712a248
commensurate/calc/twisted_sto_angles/theta_36p87_m3_n1_clean/new_Calculations/pp_potential/avg_fixed_tf.in,,,qe_input,47,ba848e91d5c1f0e534af6d6ebbd489e71b3ae4660f524eed676571682e326e8c
commensurate/calc/twisted_sto_angles/theta_36p87_m3_n1_clean/new_Calculations/pp_potential/avg_fixed_tf.out,,,qe_output,1349,e8fc472df143f697835524c9078c8bafadb4e75c176245bdbd8cc096bffaf948
commensurate/calc/twisted_sto_angles/theta_36p87_m3_n1_clean/new_Calculations/pp_potential/avg_smear_local_tf.in,,,qe_input,53,1e6c8c4cff65077f96918dd45897176777d6344a793a710fed27cc8da10f0c73
commensurate/calc/twisted_sto_angles/theta_36p87_m3_n1_clean/new_Calculations/pp_potential/avg_smear_local_tf.out,,,qe_output,1349,26cf0be230a5131ebfe65e88c56333c7f21145dc930303416955da2f0689fe1a
commensurate/calc/twisted_sto_angles/theta_36p87_m3_n1_clean/new_Calculations/pp_potential/avg_smear_plain.in,,,qe_input,50,f122d2449ba05b211649a65559857f6767e2c60ea5d16215efb8afe093f66b8b
commensurate/calc/twisted_sto_angles/theta_36p87_m3_n1_clean/new_Calculations/pp_potential/avg_smear_plain.out,,,qe_output,1349,6f152349a9adc5d4278822a28489e53ce26e485f523ae469ad5f05dbbb233bad
commensurate/calc/twisted_sto_angles/theta_36p87_m3_n1_clean/new_Calculations/pp_potential/avg_smear_tf.in,,,qe_input,47,5326cac6b851d5291ecff0dcd1194c8520ea3e424fac176b91710ecdf0068e35
commensurate/calc/twisted_sto_angles/theta_36p87_m3_n1_clean/new_Calculations/pp_potential/avg_smear_tf.out,,,qe_output,1349,7951d92d5eb17a37f4605c09c5e57a5cd482f11281274b9c0180ecbc66858aa1
commensurate/calc/twisted_sto_angles/theta_36p87_m3_n1_clean/new_Calculations/pp_potential/job_potential_cube_average_all.sh,,,other,401,807cfe924afeee91d4462acfa45785a92a5aea80e1b0ce045168172f66755ed2
commensurate/calc/twisted_sto_angles/theta_36p87_m3_n1_clean/new_Calculations/pp_potential/pot.dat,,,other,107004164,eba2e442940dc4eadecc151f5796a0982e9b11839abd7e4d55f34276e0431217
commensurate/calc/twisted_sto_angles/theta_36p87_m3_n1_clean/new_Calculations/pp_potential/pot_fixed_local_tf.dat,,,other,107004164,d05592e05c4f9ce1be1a253ef0e865019b43bea493953d97ae179f039bd7ed30
commensurate/calc/twisted_sto_angles/theta_36p87_m3_n1_clean/new_Calculations/pp_potential/pot_fixed_plain.dat,,,other,107004164,28e0630987c9a15649beab4cc6e09f73c2cc07a23589b767017291ae14de7f6e
commensurate/calc/twisted_sto_angles/theta_36p87_m3_n1_clean/new_Calculations/pp_potential/pot_fixed_tf.dat,,,other,107004164,9900d798cece7171993a99e07b789e21dcde8644005e779d8984b331fd7a4abc
commensurate/calc/twisted_sto_angles/theta_36p87_m3_n1_clean/new_Calculations/pp_potential/pot_smear_local_tf.dat,,,other,107004164,266fb94562a44466e5778ef09dac76b2031126759802409f1d670bd3326f82fa
commensurate/calc/twisted_sto_angles/theta_36p87_m3_n1_clean/new_Calculations/pp_potential/pot_smear_plain.dat,,,other,107004164,e540c3ba6d491006bbc44766d315fa6fb0a93182cf86d23d7ebe50b68e45a716
commensurate/calc/twisted_sto_angles/theta_36p87_m3_n1_clean/new_Calculations/pp_potential/pot_smear_tf.dat,,,other,107004164,ad2c17dea9b3ee666f6ccb1bceba8ee0d8295faaf06029bdd33abbd584183d78
commensurate/calc/twisted_sto_angles/theta_36p87_m3_n1_clean/new_Calculations/pp_potential/potavg36.52481784.err,,,other,1428,d41686bd4ece209ee5ba47315ececb81000bca30ac8995e4d83af7918fc7754f
commensurate/calc/twisted_sto_angles/theta_36p87_m3_n1_clean/new_Calculations/pp_potential/potavg36.52481784.out,,,qe_output,144,c5f4118583f25676330280e39f4637166824f756ab3862581118fb6fa8809fe7
commensurate/calc/twisted_sto_angles/theta_36p87_m3_n1_clean/new_Calculations/pp_potential/potential.cube,,,other,81912854,bce9e6dc3e1f0a711e72804a4a4598820f74223c3caf94c6dccdce2fc7f610b9
commensurate/calc/twisted_sto_angles/theta_36p87_m3_n1_clean/new_Calculations/pp_potential/potential_fixed_local_tf.cube,,,other,81912854,d1c1fc5d341ebb52dfcf1b43aff022d36fbfa538089b69eb27c17a4a9140c32e
commensurate/calc/twisted_sto_angles/theta_36p87_m3_n1_clean/new_Calculations/pp_potential/potential_fixed_plain.cube,,,other,81912854,c4a176eec9a3500e75a5b444c81c1071f57084ff399ac3bb98115dd85809209d
commensurate/calc/twisted_sto_angles/theta_36p87_m3_n1_clean/new_Calculations/pp_potential/potential_fixed_tf.cube,,,other,81912854,e8474db811a38adb1cf0617622440efef7f25eb42844844a0dbf76be4c8ff1a7
commensurate/calc/twisted_sto_angles/theta_36p87_m3_n1_clean/new_Calculations/pp_potential/potential_smear_local_tf.cube,,,other,81912854,3e7917e770a7f88205f6d85e9ff538d7ac30f99840a16432669aecb1312dc90c
commensurate/calc/twisted_sto_angles/theta_36p87_m3_n1_clean/new_Calculations/pp_potential/potential_smear_plain.cube,,,other,81912854,6c30ad8d9f23b00cf742c902b9685c678778a76827113999cf540cfe60943e8d
commensurate/calc/twisted_sto_angles/theta_36p87_m3_n1_clean/new_Calculations/pp_potential/potential_smear_tf.cube,,,other,81912854,987eb69f8725431bf2194669761b289ccc9b75b4d98562857c80eed36d5a95d9
commensurate/calc/twisted_sto_angles/theta_36p87_m3_n1_clean/new_Calculations/pp_potential/potz-all36.52430971.err,,,other,1488,3cc65380df1d0087b955106a7f9c8b0086a96a8bde354b5eb283ec656a7453c4
commensurate/calc/twisted_sto_angles/theta_36p87_m3_n1_clean/new_Calculations/pp_potential/potz-all36.52430971.out,,,qe_output,1075,801ad2cc07c5eafc5aed212bd82e947ad41602a6d4c397c1189b841f64fde249
commensurate/calc/twisted_sto_angles/theta_36p87_m3_n1_clean/new_Calculations/pp_potential/pp_fixed_local_tf.in,,,qe_input,189,570a7652d92e379c3410aae8dc39d946d102d8cc835bbc2cac013160747d243b
commensurate/calc/twisted_sto_angles/theta_36p87_m3_n1_clean/new_Calculations/pp_potential/pp_fixed_local_tf.out,,,qe_output,89662797,28ae336a9a3504866bdef1ecac243683798dba1485e67e085e97238631afac12
commensurate/calc/twisted_sto_angles/theta_36p87_m3_n1_clean/new_Calculations/pp_potential/pp_fixed_local_tf_cube.in,,,qe_input,248,6c60c4fc1cadd85248416dfc67d18c3bc41e670817daeafd5f35b37ed616efbc
commensurate/calc/twisted_sto_angles/theta_36p87_m3_n1_clean/new_Calculations/pp_potential/pp_fixed_local_tf_cube.out,,,qe_output,3603,ee183ff76c8db8fa31897816290ccc46c5c086fbb6736d73e4e034e56acf416c
commensurate/calc/twisted_sto_angles/theta_36p87_m3_n1_clean/new_Calculations/pp_potential/pp_fixed_plain.in,,,qe_input,183,c5d54e9e6a8ad847c4ea00cacd8cdc9e4be14661c8575f60bdfcf86bc94cba04
commensurate/calc/twisted_sto_angles/theta_36p87_m3_n1_clean/new_Calculations/pp_potential/pp_fixed_plain.out,,,qe_output,89662788,99d4937ae4e8b1f449a1997e4b64655c3fd6e8232417c696d2e293c1a610deba
commensurate/calc/twisted_sto_angles/theta_36p87_m3_n1_clean/new_Calculations/pp_potential/pp_fixed_plain_cube.in,,,qe_input,239,830617c070121b7c70b34b2d047f4a3aa7ed279885ef416db19e03b5ec9d79a9
commensurate/calc/twisted_sto_angles/theta_36p87_m3_n1_clean/new_Calculations/pp_potential/pp_fixed_plain_cube.out,,,qe_output,3597,cf301c8738d6c5f8df6e5046b165a564536e266eab2268784580f45809ec3b9c
commensurate/calc/twisted_sto_angles/theta_36p87_m3_n1_clean/new_Calculations/pp_potential/pp_fixed_tf.in,,,qe_input,177,68f4a7914616fffa423548fa8c435f1816683604f4c4ed69a80e58793cea1af6
commensurate/calc/twisted_sto_angles/theta_36p87_m3_n1_clean/new_Calculations/pp_potential/pp_fixed_tf.out,,,qe_output,89662779,7ed38792477eb8c542c0ced363e50c908438f3c94963c65ce06960ab26d8acda
commensurate/calc/twisted_sto_angles/theta_36p87_m3_n1_clean/new_Calculations/pp_potential/pp_fixed_tf_cube.in,,,qe_input,230,fab215d65666bcd772c9371c899461b69ade2348d11658730b14540c0935ce6f
commensurate/calc/twisted_sto_angles/theta_36p87_m3_n1_clean/new_Calculations/pp_potential/pp_fixed_tf_cube.out,,,qe_output,3591,f52e36c3bd49d275a87a76232d5aeb3dce871d67d2ed7dba62a4223c25f969dd
commensurate/calc/twisted_sto_angles/theta_36p87_m3_n1_clean/new_Calculations/pp_potential/pp_potential.in,,,qe_input,160,e0cf6a0e01b16b7b50d21343b43c44f1ec7fbb96288692890e4108bb8ac75b08
commensurate/calc/twisted_sto_angles/theta_36p87_m3_n1_clean/new_Calculations/pp_potential/pp_potential.out,,,qe_output,89662753,06ded27b7e34b3e5aed68fbb4a59a37a91971a4e28644358e95faaeee08e506a
commensurate/calc/twisted_sto_angles/theta_36p87_m3_n1_clean/new_Calculations/pp_potential/pp_smear_local_tf.in,,,qe_input,189,886b13eff47f6cbc2eb5a759caf2d98af53458a1bea572befb51a6a1ee133bf9
commensurate/calc/twisted_sto_angles/theta_36p87_m3_n1_clean/new_Calculations/pp_potential/pp_smear_local_tf.out,,,qe_output,89662797,34b286e7e1b7c0d4449ce2fd1a78bfb26a4c00ffd354eef7ac01d32fb047f9db
commensurate/calc/twisted_sto_angles/theta_36p87_m3_n1_clean/new_Calculations/pp_potential/pp_smear_local_tf_cube.in,,,qe_input,248,e9bb0e8493034858106dd1c7c0593eba73e1fde764fa5c276e02eb7a33bd6ffa
commensurate/calc/twisted_sto_angles/theta_36p87_m3_n1_clean/new_Calculations/pp_potential/pp_smear_local_tf_cube.out,,,qe_output,3603,a3407e96092100234e1cbd061b6d9a18e171588448625a875dc004c777b69f55
commensurate/calc/twisted_sto_angles/theta_36p87_m3_n1_clean/new_Calculations/pp_potential/pp_smear_plain.in,,,qe_input,183,e44d28d73346e49e8fc6de46d45d82e671d24722cf05a175264220e04e69c897
commensurate/calc/twisted_sto_angles/theta_36p87_m3_n1_clean/new_Calculations/pp_potential/pp_smear_plain.out,,,qe_output,89662788,b8c840be4f2635d5f7a56d095490b7e1fafa6d703737585733a6ea80a247ae7e
commensurate/calc/twisted_sto_angles/theta_36p87_m3_n1_clean/new_Calculations/pp_potential/pp_smear_plain_cube.in,,,qe_input,239,99ad408f7003612bef66c8d64b575ef51924019a14cb6f01de67c207338741e0
commensurate/calc/twisted_sto_angles/theta_36p87_m3_n1_clean/new_Calculations/pp_potential/pp_smear_plain_cube.out,,,qe_output,3597,748e8f7746639a5d4f6496f4eb38c5cb9d049e47ab8e93795ae0e63368fd0029
commensurate/calc/twisted_sto_angles/theta_36p87_m3_n1_clean/new_Calculations/pp_potential/pp_smear_tf.in,,,qe_input,177,69bc26b2f0cb5b8cd9efdcac8587f851ffadac124c7a9d954ded3bf32022f931
commensurate/calc/twisted_sto_angles/theta_36p87_m3_n1_clean/new_Calculations/pp_potential/pp_smear_tf.out,,,qe_output,89662779,d02e360572b98b1fc9aba64a2171be7a6806aa00fc1cb3fa753eb9948bca4e28
commensurate/calc/twisted_sto_angles/theta_36p87_m3_n1_clean/new_Calculations/pp_potential/pp_smear_tf_cube.in,,,qe_input,230,355d4a1f7f4b92056caf22c239f05aaf49f164224fcfd5817ec1bbe1dbbaf089
commensurate/calc/twisted_sto_angles/theta_36p87_m3_n1_clean/new_Calculations/pp_potential/pp_smear_tf_cube.out,,,qe_output,3591,bf18d453c186a26889fad0c7f4b73e085cbdaac49964af5ceeea9eef7d86f92e
commensurate/calc/twisted_sto_angles/theta_36p87_m3_n1_clean/new_Calculations/pp_potential/rerun_average_all.sh,,,other,304,326ef76aec367a600d7baa8e46ef71b03d25c4d9c7d8acfa20184767438591bb
commensurate/calc/twisted_sto_angles/theta_36p87_m3_n1_clean/new_Calculations/pp_potential/run_all_potential_z.sh,,,other,1807,f9eb400750c3ed80709e4872dd61bd585c2617e9a400f00d88bf0459a9b12915
commensurate/calc/twisted_sto_angles/theta_36p87_m3_n1_clean/new_Calculations/pp_potential/run_potential_cube_average_all.sh,,,other,1052,414e79fc5da9d23c0bb1295cf8622014fbd92363f3770bea51972ee3ab43fe1d
commensurate/calc/twisted_sto_angles/theta_36p87_m3_n1_clean/new_Calculations/pp_potential/run_potential_z.sh,,,other,1097,27c17e964bc9bf7f9cae6c5aabf3a799a1a564e5331a3e8147f7ca729e1ea3ae
commensurate/calc/twisted_sto_angles/theta_36p87_m3_n1_clean/new_Calculations/pp_potential/run_potential_z_correct.sh,,,other,1108,ad809c590758f6af3daea24f5bfb01e0f59f483f14980c0438aecca238ab612c
commensurate/calc/twisted_sto_angles/theta_36p87_m3_n1_clean/new_Calculations/pp_potential/tmp.pp,,,other,107004164,f95f2b4fbdec9627bb4106cb102566e2b0565e85ed61e70f13ca1007f5b7d030
commensurate/calc/twisted_sto_angles/theta_36p87_m3_n1_clean/new_Calculations/relaxation/SUMMARY_ALL_RELAX_RUNS.txt,,,other,2917,ce45350566be8d41d8bf2b95d5d94ecc78fd012e6efb2a918e5ae4b9347c54cd
commensurate/calc/twisted_sto_angles/theta_36p87_m3_n1_clean/new_Calculations/relaxation/analysis/convergence/conv_localtf.dat,,,other,22369,d8dcc84ed70983f7efdcf1b081996e89084661793fa56f5e2c1bcc0a2b27e9c3
commensurate/calc/twisted_sto_angles/theta_36p87_m3_n1_clean/new_Calculations/relaxation/analysis/convergence/conv_plain.dat,,,other,27698,78d354ebe6628edc7d10ed8152fd90f0495387dbd4cb8d384e5b2fd81fa720fc
commensurate/calc/twisted_sto_angles/theta_36p87_m3_n1_clean/new_Calculations/relaxation/analysis/convergence/conv_plain2.dat,,,other,21416,3cdcbbabbe766ad51a2acfc9dc78a33f8fc55e5333dc5f338bda843984e52d99
commensurate/calc/twisted_sto_angles/theta_36p87_m3_n1_clean/new_Calculations/relaxation/analysis/convergence/conv_tf.dat,,,other,22139,4c0eeb7aae9a1ff0d6647184de2ce05139b3de65865c929b547b9788af8774db
commensurate/calc/twisted_sto_angles/theta_36p87_m3_n1_clean/new_Calculations/relaxation/analysis/deltaE/combined_plain_fromscratch_plus_restart_deltaE.dat,,,other,47,0cfa577722407917173c2f50281eac28945d0556a922473077606010e9b440b0
commensurate/calc/twisted_sto_angles/theta_36p87_m3_n1_clean/new_Calculations/relaxation/analysis/deltaE/relax_fixed_david_local_tf_abs_deltaE.dat,,,other,46,d416b110089af84d9109183e7003b51f17337c78f64fc725f76bfff52b9404ef
commensurate/calc/twisted_sto_angles/theta_36p87_m3_n1_clean/new_Calculations/relaxation/analysis/deltaE/relax_fixed_david_local_tf_deltaE.dat,,,other,42,9c61e0977ebb439345b20433bdcd64cee26eb272c921716bc910539b17714743
commensurate/calc/twisted_sto_angles/theta_36p87_m3_n1_clean/new_Calculations/relaxation/analysis/deltaE/relax_fixed_david_plain_2_abs_deltaE.dat,,,other,46,d416b110089af84d9109183e7003b51f17337c78f64fc725f76bfff52b9404ef
commensurate/calc/twisted_sto_angles/theta_36p87_m3_n1_clean/new_Calculations/relaxation/analysis/deltaE/relax_fixed_david_plain_2_deltaE.dat,,,other,42,9c61e0977ebb439345b20433bdcd64cee26eb272c921716bc910539b17714743
commensurate/calc/twisted_sto_angles/theta_36p87_m3_n1_clean/new_Calculations/relaxation/analysis/deltaE/relax_fixed_david_plain_abs_deltaE.dat,,,other,46,d416b110089af84d9109183e7003b51f17337c78f64fc725f76bfff52b9404ef
commensurate/calc/twisted_sto_angles/theta_36p87_m3_n1_clean/new_Calculations/relaxation/analysis/deltaE/relax_fixed_david_plain_deltaE.dat,,,other,42,9c61e0977ebb439345b20433bdcd64cee26eb272c921716bc910539b17714743
commensurate/calc/twisted_sto_angles/theta_36p87_m3_n1_clean/new_Calculations/relaxation/analysis/deltaE/relax_fixed_david_tf_abs_deltaE.dat,,,other,46,d416b110089af84d9109183e7003b51f17337c78f64fc725f76bfff52b9404ef
commensurate/calc/twisted_sto_angles/theta_36p87_m3_n1_clean/new_Calculations/relaxation/analysis/deltaE/relax_fixed_david_tf_deltaE.dat,,,other,42,9c61e0977ebb439345b20433bdcd64cee26eb272c921716bc910539b17714743
commensurate/calc/twisted_sto_angles/theta_36p87_m3_n1_clean/new_Calculations/relaxation/analysis/ionic_energy/relax_fixed_david_local_tf_ionic_energy.dat,,,other,102,608104caa9f523b1598603d39ab74dca9d77b08104d809d8b090054fc67c32d7
commensurate/calc/twisted_sto_angles/theta_36p87_m3_n1_clean/new_Calculations/relaxation/analysis/ionic_energy/relax_fixed_david_plain_2_ionic_energy.dat,,,other,102,1a61a7bc7ade88572ca50ffd1966a88014037a4c92cfad8a9191f7e767e782df
commensurate/calc/twisted_sto_angles/theta_36p87_m3_n1_clean/new_Calculations/relaxation/analysis/ionic_energy/relax_fixed_david_plain_ionic_energy.dat,,,other,102,d0ccc4f0240dd98acd1d9b40bf9f60024e83ee59290dce6200bb890979b7145a
commensurate/calc/twisted_sto_angles/theta_36p87_m3_n1_clean/new_Calculations/relaxation/analysis/ionic_energy/relax_fixed_david_tf_ionic_energy.dat,,,other,102,0cae1a121da966fac7b629529b3785530ac73adcc349261dcede749fb1fb59cf
commensurate/calc/twisted_sto_angles/theta_36p87_m3_n1_clean/new_Calculations/relaxation/analysis/scf_accuracy/scf_accuracy_localtf.dat,,,other,22369,d8dcc84ed70983f7efdcf1b081996e89084661793fa56f5e2c1bcc0a2b27e9c3
commensurate/calc/twisted_sto_angles/theta_36p87_m3_n1_clean/new_Calculations/relaxation/analysis/scf_accuracy/scf_accuracy_plain.dat,,,other,27698,78d354ebe6628edc7d10ed8152fd90f0495387dbd4cb8d384e5b2fd81fa720fc
commensurate/calc/twisted_sto_angles/theta_36p87_m3_n1_clean/new_Calculations/relaxation/analysis/scf_accuracy/scf_accuracy_plain2.dat,,,other,21416,3cdcbbabbe766ad51a2acfc9dc78a33f8fc55e5333dc5f338bda843984e52d99
commensurate/calc/twisted_sto_angles/theta_36p87_m3_n1_clean/new_Calculations/relaxation/analysis/scf_accuracy/scf_accuracy_tf.dat,,,other,22139,4c0eeb7aae9a1ff0d6647184de2ce05139b3de65865c929b547b9788af8774db
commensurate/calc/twisted_sto_angles/theta_36p87_m3_n1_clean/new_Calculations/relaxation/analysis/scf_cycles/relax_fixed_david_local_tf_scf_cycles.dat,,,other,139,d154613c2858063e80cbe4e00dc13b48bf2a5d5f99776f2cecf6d26c5ff043e8
commensurate/calc/twisted_sto_angles/theta_36p87_m3_n1_clean/new_Calculations/relaxation/analysis/scf_cycles/relax_fixed_david_plain_2_scf_cycles.dat,,,other,139,969624d7b59f7f779be9ca338d614bff23b6be231987ba1c3b22ab867f53844c
commensurate/calc/twisted_sto_angles/theta_36p87_m3_n1_clean/new_Calculations/relaxation/analysis/scf_cycles/relax_fixed_david_plain_scf_cycles.dat,,,other,139,760c1b706a7847212ab1cca2a1fbd916cbe31a6b85985e55b049d6721b8c1354
commensurate/calc/twisted_sto_angles/theta_36p87_m3_n1_clean/new_Calculations/relaxation/analysis/scf_cycles/relax_fixed_david_tf_scf_cycles.dat,,,other,139,39a6f2d9f274ae7f04f1a214367613febefc742eeacee99adfd58ff2bd9487be
commensurate/calc/twisted_sto_angles/theta_36p87_m3_n1_clean/new_Calculations/relaxation/analysis/scf_trace/scf_trace_localtf.dat,,,other,18,6b303fc5c36b4bd5472e1db3e6429c7e7d93f6f514cb200f16334610b2f00c54
commensurate/calc/twisted_sto_angles/theta_36p87_m3_n1_clean/new_Calculations/relaxation/analysis/scf_trace/scf_trace_plain.dat,,,other,18,a50648e31d45fd3ca31d6b64cfe3a9d245ee9e98fc5da792af1ac7de32d4a13d
commensurate/calc/twisted_sto_angles/theta_36p87_m3_n1_clean/new_Calculations/relaxation/analysis/scf_trace/scf_trace_plain2.dat,,,other,18,c1de7e81c11ba9c5afe3977b0d56124ea220814f86cc74a26d165ed9af9c5023
commensurate/calc/twisted_sto_angles/theta_36p87_m3_n1_clean/new_Calculations/relaxation/analysis/scf_trace/scf_trace_tf.dat,,,other,18,03798fac9c30f94f14816498a440bc0a60c9b5ffb7bbe9788e8a73521feaa8eb
commensurate/calc/twisted_sto_angles/theta_36p87_m3_n1_clean/new_Calculations/relaxation/analysis_smearing_converged/POSCAR_theta36_smearing_relaxed.txt,,,other,4116,b49ed3daa9fe702809e57cfb669afd99501e501ba0d715ab1e22c81645e55c9e
commensurate/calc/twisted_sto_angles/theta_36p87_m3_n1_clean/new_Calculations/relaxation/analysis_smearing_converged/POSCAR_theta36_smearing_relaxed.vasp,,,other,4116,b49ed3daa9fe702809e57cfb669afd99501e501ba0d715ab1e22c81645e55c9e
commensurate/calc/twisted_sto_angles/theta_36p87_m3_n1_clean/new_Calculations/relaxation/analysis_smearing_converged/POSCAR_theta36_smearing_relaxed_wrapped.vasp,,,other,4113,255910297e213cca7574ef0231b49ba49db99a51723af1a367d67d5fd0b865f0
commensurate/calc/twisted_sto_angles/theta_36p87_m3_n1_clean/new_Calculations/relaxation/analysis_smearing_converged/analyze_relaxation_changes.py,,,other,6959,4de981bf28964def77e81f990682a0ac5e05f5d4a64fc47c5e8e3eaccdd6fb02
commensurate/calc/twisted_sto_angles/theta_36p87_m3_n1_clean/new_Calculations/relaxation/analysis_smearing_converged/atomic_displacement_initial_vs_final.csv,,,other,21662,e984da95a357bee6d1b9541bbe28261103667e34ab1161c53328fd5a63544c58
commensurate/calc/twisted_sto_angles/theta_36p87_m3_n1_clean/new_Calculations/relaxation/analysis_smearing_converged/final_coordinates_block.txt,,,other,7074,4907c6811ec3874d500a4b2c80b765bdc336c180dbd8ceb95a185d5b4614c9e0
commensurate/calc/twisted_sto_angles/theta_36p87_m3_n1_clean/new_Calculations/relaxation/analysis_smearing_converged/forces_raw.txt,,,other,3096,d30b9c76119ad478a90037c585a75c4097eae8e69a801b999cec4fd954068032
commensurate/calc/twisted_sto_angles/theta_36p87_m3_n1_clean/new_Calculations/relaxation/analysis_smearing_converged/initial_atomic_positions_block.txt,,,other,5045,7616b46e2ca82489a08dfad27a9d5014076a8c1c9aa91a0c0724489c979bc3e7
commensurate/calc/twisted_sto_angles/theta_36p87_m3_n1_clean/new_Calculations/relaxation/analysis_smearing_converged/input_settings_summary.txt,,,other,547,80f6caf2b87d6390ec91e76ed43a6472dd02d0c7163bc61c975c808c0693ab55
commensurate/calc/twisted_sto_angles/theta_36p87_m3_n1_clean/new_Calculations/relaxation/analysis_smearing_converged/ionic_energies_raw.txt,,,other,2279,92a3b04b04cfed451978752a3f9651ddbb6d57d5ed2a9cd6cb56004084efd231
commensurate/calc/twisted_sto_angles/theta_36p87_m3_n1_clean/new_Calculations/relaxation/analysis_smearing_converged/relax_fixed_david_plain_smearing_restart.in,,,qe_input,6139,be156b2f6b3cecba4d9d5247c087930e511f910764c591de788568e16b289692
commensurate/calc/twisted_sto_angles/theta_36p87_m3_n1_clean/new_Calculations/relaxation/analysis_smearing_converged/relaxation_change_summary.txt,,,other,4781,0ffb3b05d02e4bb169bec8ab56717f272762036beda969f487bf4fb2fa97fbee
commensurate/calc/twisted_sto_angles/theta_36p87_m3_n1_clean/new_Calculations/relaxation/analysis_smearing_converged/relaxation_energy_force_scf_summary.txt,,,other,84284,07ec96e12a7ea325e95a3dc5261e08493916aff0e07f0786ac9b1234fbd46e16
commensurate/calc/twisted_sto_angles/theta_36p87_m3_n1_clean/new_Calculations/relaxation/analysis_smearing_converged/scf_accuracy_raw.txt,,,other,37895,d6d1bc3e5e0bf3919f3efe22474235317a8ade41a3dc5aed85547839676afc53
commensurate/calc/twisted_sto_angles/theta_36p87_m3_n1_clean/new_Calculations/relaxation/analysis_smearing_converged/theta36_relaxed_coordinates_clean.txt,,,other,7476,6b208fd475e5e710650d6be758eaad65cbc4492b073f4fa7d7e3b78f18311fa5
commensurate/calc/twisted_sto_angles/theta_36p87_m3_n1_clean/new_Calculations/relaxation/analysis_smearing_converged/validate_relaxation_displacement_analysis.py,,,other,3803,653797207f7d42853b61429ad2102aa4bf159c2ac1d1bcd1502ba9392501cbb0
commensurate/calc/twisted_sto_angles/theta_36p87_m3_n1_clean/new_Calculations/relaxation/analysis_smearing_converged/validation_report.txt,,,other,1492,e737a1e8e3c091851db0fb551ad86d880188239f5465079ec71afbacda65be1d
commensurate/calc/twisted_sto_angles/theta_36p87_m3_n1_clean/new_Calculations/relaxation/analysis_ti_delta_z_relax_theta_36p87/ti_delta_z_relax_summary.txt,,,other,2172,b0a03353668a27e090710404c4c2e6a608da5b8d50879e98972071757ebce6ab
commensurate/calc/twisted_sto_angles/theta_36p87_m3_n1_clean/new_Calculations/relaxation/analysis_ti_delta_z_relax_theta_36p87/ti_lower_delta_z_relax_arrows.dat,,,other,1068,c76583c029f8c2903a821d588184396e7bdaf45909f75d0c2f63b737fa0f626e
commensurate/calc/twisted_sto_angles/theta_36p87_m3_n1_clean/new_Calculations/relaxation/analysis_ti_delta_z_relax_theta_36p87/ti_upper_delta_z_relax_arrows.dat,,,other,1066,944c4a0e524485dbafa6c020da22ff9a76102785d3ae58a35953d3e2d457318a
commensurate/calc/twisted_sto_angles/theta_36p87_m3_n1_clean/new_Calculations/relaxation/analysis_ti_delta_z_relax_theta_36p87/xz_plot_limits.gnuvars,,,other,75,42aaeebd95cffde5e74065313b76bdf5c2b19c5ed7ec8ddde4fb15ff3d3d9d90
commensurate/calc/twisted_sto_angles/theta_36p87_m3_n1_clean/new_Calculations/relaxation/analysis_ti_displacement_theta_36p87_paperlike/make_ti_displacement_data.py,,,other,5604,e59c8678292833564b65f743f76ddd4b62bd56cd9edf61a045a0d4533d59d483
commensurate/calc/twisted_sto_angles/theta_36p87_m3_n1_clean/new_Calculations/relaxation/analysis_ti_displacement_theta_36p87_paperlike/plot_limits.gnuvars,,,other,68,8a3ee3459cc31b6d8e46ea02562b43e9cf5969c081fe69deb252e8435711ca77
commensurate/calc/twisted_sto_angles/theta_36p87_m3_n1_clean/new_Calculations/relaxation/analysis_ti_displacement_theta_36p87_paperlike/plot_ti_fig2_paperlike.gnu,,,other,783,5ffb87de85bbc32aea11c00a909f024c7521823b757fcd864d0ec7fe69e34af4
commensurate/calc/twisted_sto_angles/theta_36p87_m3_n1_clean/new_Calculations/relaxation/analysis_ti_displacement_theta_36p87_paperlike/supercell_box.dat,,,other,170,4912a34b5b430f45ac05bbdb10377b1ff06b00b58230a661b8479e93b1fbc7c9
commensurate/calc/twisted_sto_angles/theta_36p87_m3_n1_clean/new_Calculations/relaxation/analysis_ti_displacement_theta_36p87_paperlike/ti_displacement_fig2_theta_36p87_paperlike.png,,,other,123366,13c9afdb061ead7df5a1f722b76a1f6e3abd5e00ab4128eee6956489917c1759
commensurate/calc/twisted_sto_angles/theta_36p87_m3_n1_clean/new_Calculations/relaxation/analysis_ti_displacement_theta_36p87_paperlike/ti_displacement_summary.txt,,,other,596,8e88243d11ac860883153f206b6a17f77d097410fc58ed0b75e556803f6686b6
commensurate/calc/twisted_sto_angles/theta_36p87_m3_n1_clean/new_Calculations/relaxation/analysis_ti_displacement_theta_36p87_paperlike/ti_displacement_vectors.dat,,,other,3336,e9bb9a22eed401c5d5576ab884ab4c895e8773b4a0bb14c02570aca674b8a8b1
commensurate/calc/twisted_sto_angles/theta_36p87_m3_n1_clean/new_Calculations/relaxation/analysis_ti_displacement_theta_36p87_paperlike/ti_lower_arrows.dat,,,other,1360,9ded475122b121030ca03ab3b425c092a7691f025a1fb493cedd3d531e0531e9
commensurate/calc/twisted_sto_angles/theta_36p87_m3_n1_clean/new_Calculations/relaxation/analysis_ti_displacement_theta_36p87_paperlike/ti_upper_arrows.dat,,,other,1360,c9807b84281819080d65f96a4007d44d55893514077a62d292d611e79565b1db
commensurate/calc/twisted_sto_angles/theta_36p87_m3_n1_clean/new_Calculations/relaxation/analyze_all_relax_outputs.py,,,other,10369,c6d59d0cacc7b0a27bbaf4bea163c9f5d049f9d8dc6f264e3ef4c1ad30802b3b
commensurate/calc/twisted_sto_angles/theta_36p87_m3_n1_clean/new_Calculations/relaxation/clean_scf_accuracy/scf_accuracy_localtf.dat,,,other,22369,d8dcc84ed70983f7efdcf1b081996e89084661793fa56f5e2c1bcc0a2b27e9c3
commensurate/calc/twisted_sto_angles/theta_36p87_m3_n1_clean/new_Calculations/relaxation/clean_scf_accuracy/scf_accuracy_plain.dat,,,other,27698,78d354ebe6628edc7d10ed8152fd90f0495387dbd4cb8d384e5b2fd81fa720fc
commensurate/calc/twisted_sto_angles/theta_36p87_m3_n1_clean/new_Calculations/relaxation/clean_scf_accuracy/scf_accuracy_plain2.dat,,,other,21416,3cdcbbabbe766ad51a2acfc9dc78a33f8fc55e5333dc5f338bda843984e52d99
commensurate/calc/twisted_sto_angles/theta_36p87_m3_n1_clean/new_Calculations/relaxation/clean_scf_accuracy/scf_accuracy_tf.dat,,,other,22139,4c0eeb7aae9a1ff0d6647184de2ce05139b3de65865c929b547b9788af8774db
commensurate/calc/twisted_sto_angles/theta_36p87_m3_n1_clean/new_Calculations/relaxation/combined_plain_fromscratch_plus_restart_energy.dat,,,other,153,78f4b7e913420c113f14e8f69282b248200d6cfedd71cf6321e5322c77608525
commensurate/calc/twisted_sto_angles/theta_36p87_m3_n1_clean/new_Calculations/relaxation/conv_transfer/conv_localtf.dat,,,other,22369,d8dcc84ed70983f7efdcf1b081996e89084661793fa56f5e2c1bcc0a2b27e9c3
commensurate/calc/twisted_sto_angles/theta_36p87_m3_n1_clean/new_Calculations/relaxation/conv_transfer/conv_plain.dat,,,other,27698,78d354ebe6628edc7d10ed8152fd90f0495387dbd4cb8d384e5b2fd81fa720fc
commensurate/calc/twisted_sto_angles/theta_36p87_m3_n1_clean/new_Calculations/relaxation/conv_transfer/conv_plain2.dat,,,other,21416,3cdcbbabbe766ad51a2acfc9dc78a33f8fc55e5333dc5f338bda843984e52d99
commensurate/calc/twisted_sto_angles/theta_36p87_m3_n1_clean/new_Calculations/relaxation/conv_transfer/conv_tf.dat,,,other,22139,4c0eeb7aae9a1ff0d6647184de2ce05139b3de65865c929b547b9788af8774db
commensurate/calc/twisted_sto_angles/theta_36p87_m3_n1_clean/new_Calculations/relaxation/extract_ti36_delta_z_relax_data.py,,,other,6372,3d4cf07f7f7b7ed924ce78e1928029b1c91f15548eeb63762b764baa9edbd099
commensurate/calc/twisted_sto_angles/theta_36p87_m3_n1_clean/new_Calculations/relaxation/final_fixed_scf_from_smearing_relaxed/POSCAR_theta36_smearing_relaxed_wrapped.vasp,,,other,4113,255910297e213cca7574ef0231b49ba49db99a51723af1a367d67d5fd0b865f0
commensurate/calc/twisted_sto_angles/theta_36p87_m3_n1_clean/new_Calculations/relaxation/final_fixed_scf_from_smearing_relaxed/input_tmp.in,,,qe_input,0,e3b0c44298fc1c149afbf4c8996fb92427ae41e4649b934ca495991b7852b855
commensurate/calc/twisted_sto_angles/theta_36p87_m3_n1_clean/new_Calculations/relaxation/final_fixed_scf_from_smearing_relaxed/make_theta36_final_scf_input.py,,,other,1770,e6232c9af3b007f06d0db5754f22c9db4ad33e3039303e2c658204cc8948565a
commensurate/calc/twisted_sto_angles/theta_36p87_m3_n1_clean/new_Calculations/relaxation/final_fixed_scf_from_smearing_relaxed/scf_theta36_final_fixed_from_smearing_relaxed.in,,,qe_input,5440,0d6487b90aa1db6817f7f45a56b8e7ae2de33524a1a5905478b8981fae6fd3e7
commensurate/calc/twisted_sto_angles/theta_36p87_m3_n1_clean/new_Calculations/relaxation/final_fixed_scf_from_smearing_relaxed/scf_theta36_final_fixed_from_smearing_relaxed.out,,,qe_output,63353,1356af465e739ae61001a9c426071244a43ebcf306c991ba8bdd437afe4fa9c6
commensurate/calc/twisted_sto_angles/theta_36p87_m3_n1_clean/new_Calculations/relaxation/final_fixed_scf_from_smearing_relaxed/script_scf_theta36_final_fixed_from_smearing_relaxed.sh,,,other,928,3d33b80c1b115e2d85396e982b21e667df175fd177e039982cd181055e3ecfda
commensurate/calc/twisted_sto_angles/theta_36p87_m3_n1_clean/new_Calculations/relaxation/final_fixed_scf_from_smearing_relaxed/sto36-final-fixed.57165500.err,,,other,16464,13b3ae02bb1a58fd1c5b295ebd98871e0c0f5e8238d1c306f3d548195908c4d0
commensurate/calc/twisted_sto_angles/theta_36p87_m3_n1_clean/new_Calculations/relaxation/final_fixed_scf_from_smearing_relaxed/sto36-final-fixed.57165500.out,,,qe_output,208,bea11b491103868f0fb8fedface8cc40e5dd0d5affabb734004f42dcdb31f6e3
commensurate/calc/twisted_sto_angles/theta_36p87_m3_n1_clean/new_Calculations/relaxation/final_fixed_scf_from_smearing_relaxed/sto36-final-fixed.57362462.err,,,other,7734,6fac0a563a4f23b39792a498c91d7fc79bcc0cd8c7e4796f9650299f4dabde36
commensurate/calc/twisted_sto_angles/theta_36p87_m3_n1_clean/new_Calculations/relaxation/final_fixed_scf_from_smearing_relaxed/sto36-final-fixed.57362462.out,,,qe_output,208,653b34239f47e1987cbec726ed11c49c04c7aab190e15c32c5c200a2ddeff697
commensurate/calc/twisted_sto_angles/theta_36p87_m3_n1_clean/new_Calculations/relaxation/final_fixed_scf_from_smearing_relaxed_2D/POSCAR_theta36_smearing_relaxed_wrapped.vasp,,,other,4113,255910297e213cca7574ef0231b49ba49db99a51723af1a367d67d5fd0b865f0
commensurate/calc/twisted_sto_angles/theta_36p87_m3_n1_clean/new_Calculations/relaxation/final_fixed_scf_from_smearing_relaxed_2D/make_theta36_final_scf_input.py,,,other,1770,e6232c9af3b007f06d0db5754f22c9db4ad33e3039303e2c658204cc8948565a
commensurate/calc/twisted_sto_angles/theta_36p87_m3_n1_clean/new_Calculations/relaxation/final_fixed_scf_from_smearing_relaxed_2D/scf_theta36_final_fixed_2D.in,,,qe_input,5462,9b4afa7d4a49682e1675817ba646b92cf0917dc8f70c63f5ac74255d395c26d0
commensurate/calc/twisted_sto_angles/theta_36p87_m3_n1_clean/new_Calculations/relaxation/final_fixed_scf_from_smearing_relaxed_2D/scf_theta36_final_fixed_2D.out,,,qe_output,64218,c68464bbd6a9f554a6b0c98c32396588cf01f7f19c9e6217518dd01b65441e98
commensurate/calc/twisted_sto_angles/theta_36p87_m3_n1_clean/new_Calculations/relaxation/final_fixed_scf_from_smearing_relaxed_2D/script_scf_theta36_final_fixed_2D.sh,,,other,882,f0ee2b5d870a82e2e1b86bf34f9679a52093c0643bb5d76a779bbe3e5b9a61a6
commensurate/calc/twisted_sto_angles/theta_36p87_m3_n1_clean/new_Calculations/relaxation/final_fixed_scf_from_smearing_relaxed_2D/script_scf_theta36_final_fixed_from_smearing_relaxed.sh,,,other,928,3d33b80c1b115e2d85396e982b21e667df175fd177e039982cd181055e3ecfda
commensurate/calc/twisted_sto_angles/theta_36p87_m3_n1_clean/new_Calculations/relaxation/final_fixed_scf_from_smearing_relaxed_2D/sto36-final-2D.57698986.err,,,other,7734,6fac0a563a4f23b39792a498c91d7fc79bcc0cd8c7e4796f9650299f4dabde36
commensurate/calc/twisted_sto_angles/theta_36p87_m3_n1_clean/new_Calculations/relaxation/final_fixed_scf_from_smearing_relaxed_2D/sto36-final-2D.57698986.out,,,qe_output,202,cf0179112d65bf95ae1b57ff1a110acdb8a264e3dfe1990c4a16d2d18442b29f
commensurate/calc/twisted_sto_angles/theta_36p87_m3_n1_clean/new_Calculations/relaxation/final_fixed_scf_from_smearing_relaxed_BACKUP_no2D/POSCAR_theta36_smearing_relaxed_wrapped.vasp,,,other,4113,255910297e213cca7574ef0231b49ba49db99a51723af1a367d67d5fd0b865f0
commensurate/calc/twisted_sto_angles/theta_36p87_m3_n1_clean/new_Calculations/relaxation/final_fixed_scf_from_smearing_relaxed_BACKUP_no2D/input_tmp.in,,,qe_input,0,e3b0c44298fc1c149afbf4c8996fb92427ae41e4649b934ca495991b7852b855
commensurate/calc/twisted_sto_angles/theta_36p87_m3_n1_clean/new_Calculations/relaxation/final_fixed_scf_from_smearing_relaxed_BACKUP_no2D/make_theta36_final_scf_input.py,,,other,1770,e6232c9af3b007f06d0db5754f22c9db4ad33e3039303e2c658204cc8948565a
commensurate/calc/twisted_sto_angles/theta_36p87_m3_n1_clean/new_Calculations/relaxation/final_fixed_scf_from_smearing_relaxed_BACKUP_no2D/scf_theta36_final_fixed_from_smearing_relaxed.in,,,qe_input,5440,0d6487b90aa1db6817f7f45a56b8e7ae2de33524a1a5905478b8981fae6fd3e7
commensurate/calc/twisted_sto_angles/theta_36p87_m3_n1_clean/new_Calculations/relaxation/final_fixed_scf_from_smearing_relaxed_BACKUP_no2D/scf_theta36_final_fixed_from_smearing_relaxed.out,,,qe_output,63353,1356af465e739ae61001a9c426071244a43ebcf306c991ba8bdd437afe4fa9c6
commensurate/calc/twisted_sto_angles/theta_36p87_m3_n1_clean/new_Calculations/relaxation/final_fixed_scf_from_smearing_relaxed_BACKUP_no2D/script_scf_theta36_final_fixed_from_smearing_relaxed.sh,,,other,928,3d33b80c1b115e2d85396e982b21e667df175fd177e039982cd181055e3ecfda
commensurate/calc/twisted_sto_angles/theta_36p87_m3_n1_clean/new_Calculations/relaxation/final_fixed_scf_from_smearing_relaxed_BACKUP_no2D/sto36-final-fixed.57165500.err,,,other,16464,13b3ae02bb1a58fd1c5b295ebd98871e0c0f5e8238d1c306f3d548195908c4d0
commensurate/calc/twisted_sto_angles/theta_36p87_m3_n1_clean/new_Calculations/relaxation/final_fixed_scf_from_smearing_relaxed_BACKUP_no2D/sto36-final-fixed.57165500.out,,,qe_output,208,bea11b491103868f0fb8fedface8cc40e5dd0d5affabb734004f42dcdb31f6e3
commensurate/calc/twisted_sto_angles/theta_36p87_m3_n1_clean/new_Calculations/relaxation/final_fixed_scf_from_smearing_relaxed_BACKUP_no2D/sto36-final-fixed.57362462.err,,,other,7734,6fac0a563a4f23b39792a498c91d7fc79bcc0cd8c7e4796f9650299f4dabde36
commensurate/calc/twisted_sto_angles/theta_36p87_m3_n1_clean/new_Calculations/relaxation/final_fixed_scf_from_smearing_relaxed_BACKUP_no2D/sto36-final-fixed.57362462.out,,,qe_output,208,653b34239f47e1987cbec726ed11c49c04c7aab190e15c32c5c200a2ddeff697
commensurate/calc/twisted_sto_angles/theta_36p87_m3_n1_clean/new_Calculations/relaxation/make_charge_density_inputs.sh,,,other,854,440537347e233e13b89373ec2e422e2b280154dee81d0821897c81d332014d30
commensurate/calc/twisted_sto_angles/theta_36p87_m3_n1_clean/new_Calculations/relaxation/manual_relax_analysis/diagnostics/output_md5sum.txt,,,other,647,6a04fc009f814a344613b96ac802d943fc666c7cb7c7b5e8c24ad5eb69efc80d
commensurate/calc/twisted_sto_angles/theta_36p87_m3_n1_clean/new_Calculations/relaxation/manual_relax_analysis/diagnostics/output_sizes.txt,,,other,797,ae24d9051e1606cb76103e38cc1b006618c7e439b5415b211c2c62d3028549d0
commensurate/calc/twisted_sto_angles/theta_36p87_m3_n1_clean/new_Calculations/relaxation/manual_relax_analysis/diagnostics/plain_relax_status_table.txt,,,other,935,d629839d563f039fb38c45f5c50d9d666d1bfc5b300a9fb2e854eade05c282a9
commensurate/calc/twisted_sto_angles/theta_36p87_m3_n1_clean/new_Calculations/relaxation/manual_relax_analysis/diagnostics/plain_relax_warning_counts.txt,,,other,772,ac3d1aac539f7fe59133aa4e3b33bd4b049eb13a0ada6eab050f3d81a41a43a5
commensurate/calc/twisted_sto_angles/theta_36p87_m3_n1_clean/new_Calculations/relaxation/manual_relax_analysis/diagnostics/plain_relax_warnings_errors.txt,,,other,392890,d4b7a5e4c25723fe8dc6dc665c5098d95a4874d39db57a01c2bffdd92fdb8ea3
commensurate/calc/twisted_sto_angles/theta_36p87_m3_n1_clean/new_Calculations/relaxation/manual_relax_analysis/diagnostics/qe_output_status.txt,,,other,714,11a4f7980da00f1813e31cd194317ec0b5500e530f83330083760abd026081c7
commensurate/calc/twisted_sto_angles/theta_36p87_m3_n1_clean/new_Calculations/relaxation/manual_relax_analysis/diagnostics/qe_relax_status_table_from_repository.txt,,,other,1309,c947cbf3daf5c8cc3255bb73ffca9360e8f7f50bee04f9fe4afa224e210ccd39
commensurate/calc/twisted_sto_angles/theta_36p87_m3_n1_clean/new_Calculations/relaxation/manual_relax_analysis/diagnostics/slurm_logs/sto-36p87-relax-plain.52862855.out,,,qe_output,0,e3b0c44298fc1c149afbf4c8996fb92427ae41e4649b934ca495991b7852b855
commensurate/calc/twisted_sto_angles/theta_36p87_m3_n1_clean/new_Calculations/relaxation/manual_relax_analysis/diagnostics/slurm_logs/sto36-relax-localtf.52988010.out,,,qe_output,128,71ec833b402aff710c18e24b37595a1006b3efd53b754d62e0745513433b3c2a
commensurate/calc/twisted_sto_angles/theta_36p87_m3_n1_clean/new_Calculations/relaxation/manual_relax_analysis/diagnostics/slurm_logs/sto36-relax-plain2.52988005.out,,,qe_output,126,2f15309374b378fadf218d1a83dbe55bd03d78e9bbbd57fefcdf773fff7828b5
commensurate/calc/twisted_sto_angles/theta_36p87_m3_n1_clean/new_Calculations/relaxation/manual_relax_analysis/diagnostics/slurm_logs/sto36-relax-plain2.53291943.out,,,qe_output,64,afde5f95b8135a6255cd3ce4564e7cb41fc465b23a9bcb7c3ca161af7a4f8fa2
commensurate/calc/twisted_sto_angles/theta_36p87_m3_n1_clean/new_Calculations/relaxation/manual_relax_analysis/diagnostics/slurm_logs/sto36-relax-tf.52988011.out,,,qe_output,116,89090bc10f578a6fcac949ee2d9e0144306466120e4a1ef6743e134e81e3444d
commensurate/calc/twisted_sto_angles/theta_36p87_m3_n1_clean/new_Calculations/relaxation/manual_relax_analysis/extracted_data/plain_relax_ionic_energy_deltaE.dat,,,other,311,0a3ecdfb0dd92c0840a09187203836dceb54a2fe6ea14c21108968cb35250d9c
commensurate/calc/twisted_sto_angles/theta_36p87_m3_n1_clean/new_Calculations/relaxation/manual_relax_analysis/extracted_data/plain_relax_reported_scf_energy_accuracy.dat,,,other,386054,38aabafd4e774c6b91512b1a5dbc034afc202e2e5160909e9ce65606a686b238
commensurate/calc/twisted_sto_angles/theta_36p87_m3_n1_clean/new_Calculations/relaxation/manual_relax_analysis/extracted_data/plain_relax_scf_trace_raw.txt,,,other,1168452,49c6de73575c8e4b366f1e7f62c50d11f926a7e8749e67c134664330819e0b30
commensurate/calc/twisted_sto_angles/theta_36p87_m3_n1_clean/new_Calculations/relaxation/manual_relax_analysis/inputs/relax_fixed_david_local_tf.in,,,qe_input,6098,5eee3acf791b795fc25a78c84682ac8fe1969704d6fc57c5f88ce0807845409c
commensurate/calc/twisted_sto_angles/theta_36p87_m3_n1_clean/new_Calculations/relaxation/manual_relax_analysis/inputs/relax_fixed_david_plain.in,,,qe_input,6108,69d5d737f54a188a2c380a4f4c3f2445e82155b64be7059afc69cafb76490282
commensurate/calc/twisted_sto_angles/theta_36p87_m3_n1_clean/new_Calculations/relaxation/manual_relax_analysis/inputs/relax_fixed_david_plain_2.in,,,qe_input,6089,ce48c69e08dcbe4c27b3d3cdfb01736fe8bf4b20ce270d67d2b568a4cadd74d0
commensurate/calc/twisted_sto_angles/theta_36p87_m3_n1_clean/new_Calculations/relaxation/manual_relax_analysis/inputs/relax_fixed_david_tf.in,,,qe_input,6086,5e20e17f2706cd2452bb90adac61ca4ad4ba0c040b3ef76d9dd5d9237851455f
commensurate/calc/twisted_sto_angles/theta_36p87_m3_n1_clean/new_Calculations/relaxation/manual_relax_analysis/outputs/relax_fixed_david_local_tf.out1,,,other,671962,e447c629f80d8faf8ed80f8c6b64ede26bb6f70cfc39a18a67870d79bbb791de
commensurate/calc/twisted_sto_angles/theta_36p87_m3_n1_clean/new_Calculations/relaxation/manual_relax_analysis/outputs/relax_fixed_david_plain.out,,,qe_output,817492,4462daffb1d8f623c1b0001eff99e95fdade5e1c23f1e2cee6d17e2d0fce20f8
commensurate/calc/twisted_sto_angles/theta_36p87_m3_n1_clean/new_Calculations/relaxation/manual_relax_analysis/outputs/relax_fixed_david_plain_2.out,,,qe_output,596271,fc234c9ad2316276bf2a51ee8a5d128c4721a907d5ea3852ad7dd5ad31e6dc48
commensurate/calc/twisted_sto_angles/theta_36p87_m3_n1_clean/new_Calculations/relaxation/manual_relax_analysis/outputs/relax_fixed_david_plain_2.out1,,,other,635487,2364789b393214214b50c52c5c441f2a107b41c7d286fe76721efa5c08fae81d
commensurate/calc/twisted_sto_angles/theta_36p87_m3_n1_clean/new_Calculations/relaxation/manual_relax_analysis/outputs/relax_fixed_david_tf.out1,,,other,654247,f37851adb2e95ddec28775734e8398945be244b5b122bbeeadc2dfc7b494435b
commensurate/calc/twisted_sto_angles/theta_36p87_m3_n1_clean/new_Calculations/relaxation/plot_transfer/SUMMARY_ALL_RELAX_RUNS.txt,,,other,2917,ce45350566be8d41d8bf2b95d5d94ecc78fd012e6efb2a918e5ae4b9347c54cd
commensurate/calc/twisted_sto_angles/theta_36p87_m3_n1_clean/new_Calculations/relaxation/plot_transfer/combined_plain_fromscratch_plus_restart_deltaE.dat,,,other,47,0cfa577722407917173c2f50281eac28945d0556a922473077606010e9b440b0
commensurate/calc/twisted_sto_angles/theta_36p87_m3_n1_clean/new_Calculations/relaxation/plot_transfer/combined_plain_fromscratch_plus_restart_energy.dat,,,other,153,78f4b7e913420c113f14e8f69282b248200d6cfedd71cf6321e5322c77608525
commensurate/calc/twisted_sto_angles/theta_36p87_m3_n1_clean/new_Calculations/relaxation/plot_transfer/relax_fixed_david_local_tf_abs_deltaE.dat,,,other,46,d416b110089af84d9109183e7003b51f17337c78f64fc725f76bfff52b9404ef
commensurate/calc/twisted_sto_angles/theta_36p87_m3_n1_clean/new_Calculations/relaxation/plot_transfer/relax_fixed_david_local_tf_deltaE.dat,,,other,42,9c61e0977ebb439345b20433bdcd64cee26eb272c921716bc910539b17714743
commensurate/calc/twisted_sto_angles/theta_36p87_m3_n1_clean/new_Calculations/relaxation/plot_transfer/relax_fixed_david_local_tf_ionic_energy.dat,,,other,102,608104caa9f523b1598603d39ab74dca9d77b08104d809d8b090054fc67c32d7
commensurate/calc/twisted_sto_angles/theta_36p87_m3_n1_clean/new_Calculations/relaxation/plot_transfer/relax_fixed_david_local_tf_scf_cycles.dat,,,other,139,d154613c2858063e80cbe4e00dc13b48bf2a5d5f99776f2cecf6d26c5ff043e8
commensurate/calc/twisted_sto_angles/theta_36p87_m3_n1_clean/new_Calculations/relaxation/plot_transfer/relax_fixed_david_plain_2_abs_deltaE.dat,,,other,46,d416b110089af84d9109183e7003b51f17337c78f64fc725f76bfff52b9404ef
commensurate/calc/twisted_sto_angles/theta_36p87_m3_n1_clean/new_Calculations/relaxation/plot_transfer/relax_fixed_david_plain_2_deltaE.dat,,,other,42,9c61e0977ebb439345b20433bdcd64cee26eb272c921716bc910539b17714743
commensurate/calc/twisted_sto_angles/theta_36p87_m3_n1_clean/new_Calculations/relaxation/plot_transfer/relax_fixed_david_plain_2_ionic_energy.dat,,,other,102,1a61a7bc7ade88572ca50ffd1966a88014037a4c92cfad8a9191f7e767e782df
commensurate/calc/twisted_sto_angles/theta_36p87_m3_n1_clean/new_Calculations/relaxation/plot_transfer/relax_fixed_david_plain_2_scf_cycles.dat,,,other,139,969624d7b59f7f779be9ca338d614bff23b6be231987ba1c3b22ab867f53844c
commensurate/calc/twisted_sto_angles/theta_36p87_m3_n1_clean/new_Calculations/relaxation/plot_transfer/relax_fixed_david_plain_abs_deltaE.dat,,,other,46,d416b110089af84d9109183e7003b51f17337c78f64fc725f76bfff52b9404ef
commensurate/calc/twisted_sto_angles/theta_36p87_m3_n1_clean/new_Calculations/relaxation/plot_transfer/relax_fixed_david_plain_deltaE.dat,,,other,42,9c61e0977ebb439345b20433bdcd64cee26eb272c921716bc910539b17714743
commensurate/calc/twisted_sto_angles/theta_36p87_m3_n1_clean/new_Calculations/relaxation/plot_transfer/relax_fixed_david_plain_ionic_energy.dat,,,other,102,d0ccc4f0240dd98acd1d9b40bf9f60024e83ee59290dce6200bb890979b7145a
commensurate/calc/twisted_sto_angles/theta_36p87_m3_n1_clean/new_Calculations/relaxation/plot_transfer/relax_fixed_david_plain_scf_cycles.dat,,,other,139,760c1b706a7847212ab1cca2a1fbd916cbe31a6b85985e55b049d6721b8c1354
commensurate/calc/twisted_sto_angles/theta_36p87_m3_n1_clean/new_Calculations/relaxation/plot_transfer/relax_fixed_david_tf_abs_deltaE.dat,,,other,46,d416b110089af84d9109183e7003b51f17337c78f64fc725f76bfff52b9404ef
commensurate/calc/twisted_sto_angles/theta_36p87_m3_n1_clean/new_Calculations/relaxation/plot_transfer/relax_fixed_david_tf_deltaE.dat,,,other,42,9c61e0977ebb439345b20433bdcd64cee26eb272c921716bc910539b17714743
commensurate/calc/twisted_sto_angles/theta_36p87_m3_n1_clean/new_Calculations/relaxation/plot_transfer/relax_fixed_david_tf_ionic_energy.dat,,,other,102,0cae1a121da966fac7b629529b3785530ac73adcc349261dcede749fb1fb59cf
commensurate/calc/twisted_sto_angles/theta_36p87_m3_n1_clean/new_Calculations/relaxation/plot_transfer/relax_fixed_david_tf_scf_cycles.dat,,,other,139,39a6f2d9f274ae7f04f1a214367613febefc742eeacee99adfd58ff2bd9487be
commensurate/calc/twisted_sto_angles/theta_36p87_m3_n1_clean/new_Calculations/relaxation/pp_outputs/inputs/pp_charge_density_relax_fixed_david_local_tf.in,,,qe_input,378,bf0affa6dac5615c8d9f0987471d8f430ea744396c6e904c7a412043a606bdef
commensurate/calc/twisted_sto_angles/theta_36p87_m3_n1_clean/new_Calculations/relaxation/pp_outputs/inputs/pp_charge_density_relax_fixed_david_plain.in,,,qe_input,378,2f020ebcc3b89db1fec49da39a468b78a7f5f00aaacde60929faab2b09ffa834
commensurate/calc/twisted_sto_angles/theta_36p87_m3_n1_clean/new_Calculations/relaxation/pp_outputs/inputs/pp_charge_density_relax_fixed_david_plain_2.in,,,qe_input,374,b6e9b9ba7e8b1753c23a9d609a60696b705f0e92209937ac05ad1d68ac330c8a
commensurate/calc/twisted_sto_angles/theta_36p87_m3_n1_clean/new_Calculations/relaxation/pp_outputs/inputs/pp_charge_density_relax_fixed_david_tf.in,,,qe_input,354,c843fd19c049999f83c2d4fb62e2799ccab4d9b27690e8637372c2f3e8dcb45e
commensurate/calc/twisted_sto_angles/theta_36p87_m3_n1_clean/new_Calculations/relaxation/pp_outputs/outputs/pp_charge_density_relax_fixed_david_local_tf.out,,,qe_output,0,e3b0c44298fc1c149afbf4c8996fb92427ae41e4649b934ca495991b7852b855
commensurate/calc/twisted_sto_angles/theta_36p87_m3_n1_clean/new_Calculations/relaxation/pp_outputs/outputs/pp_charge_density_relax_fixed_david_plain.out,,,qe_output,0,e3b0c44298fc1c149afbf4c8996fb92427ae41e4649b934ca495991b7852b855
commensurate/calc/twisted_sto_angles/theta_36p87_m3_n1_clean/new_Calculations/relaxation/pp_outputs/outputs/pp_charge_density_relax_fixed_david_plain_2.out,,,qe_output,0,e3b0c44298fc1c149afbf4c8996fb92427ae41e4649b934ca495991b7852b855
commensurate/calc/twisted_sto_angles/theta_36p87_m3_n1_clean/new_Calculations/relaxation/pp_outputs/outputs/pp_charge_density_relax_fixed_david_tf.out,,,qe_output,0,e3b0c44298fc1c149afbf4c8996fb92427ae41e4649b934ca495991b7852b855
commensurate/calc/twisted_sto_angles/theta_36p87_m3_n1_clean/new_Calculations/relaxation/relax_abs_deltaE_36.dat,,,other,26346,cdb648147b342eb547aca25037bd6a94260b2b0d4c4dafc8afd954df46d8da2a
commensurate/calc/twisted_sto_angles/theta_36p87_m3_n1_clean/new_Calculations/relaxation/relax_abs_deltaE_36.png,,,other,166088,601d14d06c148f2f2b3fab12094e0f277cd9ba7b5c9aacfd2b15131a77f9e1dc
commensurate/calc/twisted_sto_angles/theta_36p87_m3_n1_clean/new_Calculations/relaxation/relax_deltaE_36.dat,,,other,27268,390b8fdf4196270e8a8adcaa43f81a62ebf0f24e811c6fb7e2015d25a1bd3bde
commensurate/calc/twisted_sto_angles/theta_36p87_m3_n1_clean/new_Calculations/relaxation/relax_energy_36.dat,,,other,36540,27d0c9fe66b8552c4be9d50b100205e958a3693562bffc45f068408fee0ce67e
commensurate/calc/twisted_sto_angles/theta_36p87_m3_n1_clean/new_Calculations/relaxation/relax_energy_36.png,,,other,42444,aba5d6145495aaa0056a0686943cd0ea7f0b50b2ce597998e76e094d047f37ad
commensurate/calc/twisted_sto_angles/theta_36p87_m3_n1_clean/new_Calculations/relaxation/relax_fixed_cg_plain_restart.in,,,qe_input,6095,f662e571821a24f3aff0f65d17e089cae761b8b74e27b6cdb50577ee0cf5edfe
commensurate/calc/twisted_sto_angles/theta_36p87_m3_n1_clean/new_Calculations/relaxation/relax_fixed_cg_plain_restart.out,,,qe_output,105690,9a68b94b3e25e8a47b2b50b04b732ab6d7405c993b300ce2021f6a41fa10170a
commensurate/calc/twisted_sto_angles/theta_36p87_m3_n1_clean/new_Calculations/relaxation/relax_fixed_david_local_tf.in,,,qe_input,6098,5eee3acf791b795fc25a78c84682ac8fe1969704d6fc57c5f88ce0807845409c
commensurate/calc/twisted_sto_angles/theta_36p87_m3_n1_clean/new_Calculations/relaxation/relax_fixed_david_local_tf.out1,,,other,671962,e447c629f80d8faf8ed80f8c6b64ede26bb6f70cfc39a18a67870d79bbb791de
commensurate/calc/twisted_sto_angles/theta_36p87_m3_n1_clean/new_Calculations/relaxation/relax_fixed_david_plain.in,,,qe_input,6108,69d5d737f54a188a2c380a4f4c3f2445e82155b64be7059afc69cafb76490282
commensurate/calc/twisted_sto_angles/theta_36p87_m3_n1_clean/new_Calculations/relaxation/relax_fixed_david_plain.out,,,qe_output,817492,4462daffb1d8f623c1b0001eff99e95fdade5e1c23f1e2cee6d17e2d0fce20f8
commensurate/calc/twisted_sto_angles/theta_36p87_m3_n1_clean/new_Calculations/relaxation/relax_fixed_david_plain_2.in,,,qe_input,6089,ce48c69e08dcbe4c27b3d3cdfb01736fe8bf4b20ce270d67d2b568a4cadd74d0
commensurate/calc/twisted_sto_angles/theta_36p87_m3_n1_clean/new_Calculations/relaxation/relax_fixed_david_plain_2.out,,,qe_output,605774,c3d0954bac77536351733ac2e2d49db1b80c37dd603b848f8896cb6ac6bb1a07
commensurate/calc/twisted_sto_angles/theta_36p87_m3_n1_clean/new_Calculations/relaxation/relax_fixed_david_plain_2.out1,,,other,635487,2364789b393214214b50c52c5c441f2a107b41c7d286fe76721efa5c08fae81d
commensurate/calc/twisted_sto_angles/theta_36p87_m3_n1_clean/new_Calculations/relaxation/relax_fixed_david_plain_2_restart_again.out,,,qe_output,618760,f33165a427bf8ab9bcf26cffdeab1f8a67ff54c554d137ce934139e80050f8ff
commensurate/calc/twisted_sto_angles/theta_36p87_m3_n1_clean/new_Calculations/relaxation/relax_fixed_david_plain_fullacc_restart.in,,,qe_input,6148,a3654b220945f6dc2e6c437a5a8966d5a2dbd45ceb2d0888683820dcc26bc06f
commensurate/calc/twisted_sto_angles/theta_36p87_m3_n1_clean/new_Calculations/relaxation/relax_fixed_david_plain_fullacc_restart.out,,,qe_output,1266619,48c7c3296a89212e71d4368ca11ec206851e8bb652568ae49d120119d87107b2
commensurate/calc/twisted_sto_angles/theta_36p87_m3_n1_clean/new_Calculations/relaxation/relax_fixed_david_plain_smearing_restart.in,,,qe_input,6139,be156b2f6b3cecba4d9d5247c087930e511f910764c591de788568e16b289692
commensurate/calc/twisted_sto_angles/theta_36p87_m3_n1_clean/new_Calculations/relaxation/relax_fixed_david_plain_smearing_restart.out,,,qe_output,1798638,c2383b2307198d8539a2f34e0d5b355bb29d41401659419554563174ce0150d8
commensurate/calc/twisted_sto_angles/theta_36p87_m3_n1_clean/new_Calculations/relaxation/relax_fixed_david_tf.in,,,qe_input,6086,5e20e17f2706cd2452bb90adac61ca4ad4ba0c040b3ef76d9dd5d9237851455f
commensurate/calc/twisted_sto_angles/theta_36p87_m3_n1_clean/new_Calculations/relaxation/relax_fixed_david_tf.out1,,,other,654247,f37851adb2e95ddec28775734e8398945be244b5b122bbeeadc2dfc7b494435b
commensurate/calc/twisted_sto_angles/theta_36p87_m3_n1_clean/new_Calculations/relaxation/script_relax_fixed_cg_plain_restart.sh,,,other,507,5218d064f653d70e424200f7ebc65e668968ea0bce16543f0b600ab83c2a9a01
commensurate/calc/twisted_sto_angles/theta_36p87_m3_n1_clean/new_Calculations/relaxation/script_relax_fixed_david_local_tf.sh,,,other,773,ecceea4e7aa3ad343dca8bdc1cc90fcd48c4142452c8728c44288bd29e96a79b
commensurate/calc/twisted_sto_angles/theta_36p87_m3_n1_clean/new_Calculations/relaxation/script_relax_fixed_david_plain.sh,,,other,697,8f0cb18eed2284b65bf120bc204ae45f723e3df39ac5ff80f941043924de2f86
commensurate/calc/twisted_sto_angles/theta_36p87_m3_n1_clean/new_Calculations/relaxation/script_relax_fixed_david_plain_2.sh,,,other,768,714b3b5598303acb3aa6db2e09f94e9ff3abbd956d91d5f3b033bd18b05eacd1
commensurate/calc/twisted_sto_angles/theta_36p87_m3_n1_clean/new_Calculations/relaxation/script_relax_fixed_david_plain_2_restart_again.sh,,,other,863,7cd73d56e692318053d54ff965cbad01288afba204b94a5475398089da23aaeb
commensurate/calc/twisted_sto_angles/theta_36p87_m3_n1_clean/new_Calculations/relaxation/script_relax_fixed_david_plain_fullacc_restart.sh,,,other,590,e8dab090c7cb587acd7fa6c63cde6c1c11af691d7a1bf86131bc4e368fff4a40
commensurate/calc/twisted_sto_angles/theta_36p87_m3_n1_clean/new_Calculations/relaxation/script_relax_fixed_david_plain_smearing_restart.sh,,,other,578,42514369b1d991c1c7b02c7825f6c937c2fc7b05d94772aec1e96cbd849d5cce
commensurate/calc/twisted_sto_angles/theta_36p87_m3_n1_clean/new_Calculations/relaxation/script_relax_fixed_david_tf.sh,,,other,744,f43aac726cd5800b99f3cf6dac7d5538f68b098199d18cffc9cb6235193b7a72
commensurate/calc/twisted_sto_angles/theta_36p87_m3_n1_clean/new_Calculations/relaxation/sto-36p87-relax-plain.52862855.out,,,qe_output,0,e3b0c44298fc1c149afbf4c8996fb92427ae41e4649b934ca495991b7852b855
commensurate/calc/twisted_sto_angles/theta_36p87_m3_n1_clean/new_Calculations/relaxation/sto36-plain-cg.53718690.err,,,other,6204,45e74ffb0d339485d3b16395d508b919ea0cd7dfcfa7690f0d6f0ce2a3953569
commensurate/calc/twisted_sto_angles/theta_36p87_m3_n1_clean/new_Calculations/relaxation/sto36-plain-cg.53718690.out,,,qe_output,0,e3b0c44298fc1c149afbf4c8996fb92427ae41e4649b934ca495991b7852b855
commensurate/calc/twisted_sto_angles/theta_36p87_m3_n1_clean/new_Calculations/relaxation/sto36-plain-dfull.53718758.err,,,other,6204,45e74ffb0d339485d3b16395d508b919ea0cd7dfcfa7690f0d6f0ce2a3953569
commensurate/calc/twisted_sto_angles/theta_36p87_m3_n1_clean/new_Calculations/relaxation/sto36-plain-dfull.53718758.out,,,qe_output,109,817f8c76dc54d9a7fe4117b476ef19cc2a91f1b84b5e121cafde54dddfb25908
commensurate/calc/twisted_sto_angles/theta_36p87_m3_n1_clean/new_Calculations/relaxation/sto36-plain-smear.53718831.err,,,other,6204,45e74ffb0d339485d3b16395d508b919ea0cd7dfcfa7690f0d6f0ce2a3953569
commensurate/calc/twisted_sto_angles/theta_36p87_m3_n1_clean/new_Calculations/relaxation/sto36-plain-smear.53718831.out,,,qe_output,95,91974f3edc91f3eb14d3f66a078076208241e40ebcf46e52fc13b73e892c59b4
commensurate/calc/twisted_sto_angles/theta_36p87_m3_n1_clean/new_Calculations/relaxation/sto36-plain2-again.53718214.err,,,other,6204,45e74ffb0d339485d3b16395d508b919ea0cd7dfcfa7690f0d6f0ce2a3953569
commensurate/calc/twisted_sto_angles/theta_36p87_m3_n1_clean/new_Calculations/relaxation/sto36-plain2-again.53718214.out,,,qe_output,351,b84265919a07e098e7a9420602f56544e708d9397c411ecd35d954d54b034f93
commensurate/calc/twisted_sto_angles/theta_36p87_m3_n1_clean/new_Calculations/relaxation/sto36-relax-localtf.52988010.out,,,qe_output,128,71ec833b402aff710c18e24b37595a1006b3efd53b754d62e0745513433b3c2a
commensurate/calc/twisted_sto_angles/theta_36p87_m3_n1_clean/new_Calculations/relaxation/sto36-relax-plain2.52988005.out,,,qe_output,126,2f15309374b378fadf218d1a83dbe55bd03d78e9bbbd57fefcdf773fff7828b5
commensurate/calc/twisted_sto_angles/theta_36p87_m3_n1_clean/new_Calculations/relaxation/sto36-relax-plain2.53291943.out,,,qe_output,126,fb4c5fed0b06f9bb7241a25733b10298a4ddf232941192bb2a06aa1bc60845cd
commensurate/calc/twisted_sto_angles/theta_36p87_m3_n1_clean/new_Calculations/relaxation/sto36-relax-tf.52988011.out,,,qe_output,116,89090bc10f578a6fcac949ee2d9e0144306466120e4a1ef6743e134e81e3444d
commensurate/calc/twisted_sto_angles/theta_36p87_m3_n1_clean/new_Calculations/relaxation/theta36_force.dat,,,other,507,cb99787821441bfa4bb72c101b1f316b5ce029c3fab4c28cb901704f13280a5a
commensurate/calc/twisted_sto_angles/theta_36p87_m3_n1_clean/new_Calculations/relaxation/theta36_ionic_energy.dat,,,other,808,3d0cd81a3110248e898c76b12b21d1ce1a43cda7d3de9af0822bb9d0d5db082c
commensurate/calc/twisted_sto_angles/theta_36p87_m3_n1_clean/new_Calculations/relaxation/theta36_plain_input_settings_table.md,,,other,531,3c969df00910119cfe5fe2a791d4a5be887065302cd74340ecccdb1e180f50bf
commensurate/calc/twisted_sto_angles/theta_36p87_m3_n1_clean/new_Calculations/relaxation/theta36_plain_relax_summary_table.md,,,other,764,5c79c38ab4ad294c7da953908707598cc89674d1febc8b87a6e02fa09746376a
commensurate/calc/twisted_sto_angles/theta_36p87_m3_n1_clean/new_Calculations/relaxation/theta36_scf_iterations_per_ionic_step.dat,,,other,249,f45010fb4ded3211e8311b5a070adce78eca4769aee84ef0f2e9978e6c0d5bc1
commensurate/calc/twisted_sto_angles/theta_36p87_m3_n1_clean/new_Calculations/smearing/36p87-smear-local_tf.52215111.err,,,other,6658,f0258dbe43282fb52a956317761af3c8120450bf7420b9fec3b712b8f3a128d5
commensurate/calc/twisted_sto_angles/theta_36p87_m3_n1_clean/new_Calculations/smearing/36p87-smear-local_tf.52215111.out,,,qe_output,194,38a05c43d5704b6117dbdcae560e957b44f704abac5fb1c5e130369cf9566e51
commensurate/calc/twisted_sto_angles/theta_36p87_m3_n1_clean/new_Calculations/smearing/36p87-smear-plain.52215113.err,,,other,6658,f0258dbe43282fb52a956317761af3c8120450bf7420b9fec3b712b8f3a128d5
commensurate/calc/twisted_sto_angles/theta_36p87_m3_n1_clean/new_Calculations/smearing/36p87-smear-plain.52215113.out,,,qe_output,188,c5c12b9d45230e3303f41d41936e4c12180c43193c43fdf50ee368a686257108
commensurate/calc/twisted_sto_angles/theta_36p87_m3_n1_clean/new_Calculations/smearing/36p87-smear-tf.52215112.err,,,other,6658,f0258dbe43282fb52a956317761af3c8120450bf7420b9fec3b712b8f3a128d5
commensurate/calc/twisted_sto_angles/theta_36p87_m3_n1_clean/new_Calculations/smearing/36p87-smear-tf.52215112.out,,,qe_output,182,8c6c83da3e2090c918de77ee5201f16e4d0f4b488d51a6107d506d90ce1aa4d8
commensurate/calc/twisted_sto_angles/theta_36p87_m3_n1_clean/new_Calculations/smearing/scf_smear_david_beta01_local_tf.in,,,qe_input,6092,2b7ab58648c553230ca74c4052fa2567ebf684b1abb275dde0f3e5c2f8e789a2
commensurate/calc/twisted_sto_angles/theta_36p87_m3_n1_clean/new_Calculations/smearing/scf_smear_david_beta01_local_tf.out,,,qe_output,105095,875105c6226c8b7c68c16e5925746084461962c9e930d0811dd3bebc9af1969b
commensurate/calc/twisted_sto_angles/theta_36p87_m3_n1_clean/new_Calculations/smearing/scf_smear_david_beta01_local_tf_with_delta.dat,,,other,8687,a98051250264ce511330b2b21b3912100d925a05a3dc851483212a422ad6c786
commensurate/calc/twisted_sto_angles/theta_36p87_m3_n1_clean/new_Calculations/smearing/scf_smear_david_beta01_plain.in,,,qe_input,6086,59b0e112bf7e0e4298a0df690c9cdb5bbb6166d01f5e09dc1cda32f5b5aff511
commensurate/calc/twisted_sto_angles/theta_36p87_m3_n1_clean/new_Calculations/smearing/scf_smear_david_beta01_plain.out,,,qe_output,66706,2026f598b62ac09c323afcbfcffd06b925f9f1179386a81f22de52aa89b96d6a
commensurate/calc/twisted_sto_angles/theta_36p87_m3_n1_clean/new_Calculations/smearing/scf_smear_david_beta01_plain_with_delta.dat,,,other,2301,881a97fd37c3524252c6e1a6f9ff3ac37d8c385786b3f519dcaf350e5419a834
commensurate/calc/twisted_sto_angles/theta_36p87_m3_n1_clean/new_Calculations/smearing/scf_smear_david_beta01_tf.in,,,qe_input,6080,e70084e1ce6fd0114bb1d75438f94246e836f513986ad4eb99887bca027003ca
commensurate/calc/twisted_sto_angles/theta_36p87_m3_n1_clean/new_Calculations/smearing/scf_smear_david_beta01_tf.out,,,qe_output,121902,0674fe00dd57ee9467a6cab09aaf3877d4c18af33d568a3a91974a15c920f306
commensurate/calc/twisted_sto_angles/theta_36p87_m3_n1_clean/new_Calculations/smearing/scf_smear_david_beta01_tf_with_delta.dat,,,other,11601,b8a4bbb527fc1563f538cefd30df14f35c0d05f75af8503bd67e6e455b28e66a
commensurate/calc/twisted_sto_angles/theta_36p87_m3_n1_clean/new_Calculations/smearing/scf_smear_restart.in,,,qe_input,6061,167408e954a399455f736408cee75ee985845780dcf3710a7dde56e3970afffe
commensurate/calc/twisted_sto_angles/theta_36p87_m3_n1_clean/new_Calculations/smearing/script_smear_david_beta01_local_tf.sh,,,other,864,f7580e433ee4c957fe9be89a143a7aa5c9ed8686b73dc77bf8712caa8d50a008
commensurate/calc/twisted_sto_angles/theta_36p87_m3_n1_clean/new_Calculations/smearing/script_smear_david_beta01_plain.sh,,,other,846,acfdd0b6d489ab8151a01180ebb6649b27b8b9f03ddfc3696abcad8fe03393d9
commensurate/calc/twisted_sto_angles/theta_36p87_m3_n1_clean/new_Calculations/smearing/script_smear_david_beta01_tf.sh,,,other,828,07d1f134b14747ad2f8b1fdd7d046f748373191a69c7f696681a47f2289319c8
commensurate/calc/twisted_sto_angles/theta_36p87_m3_n1_clean/new_Calculations/theta36_force.dat,,,other,0,e3b0c44298fc1c149afbf4c8996fb92427ae41e4649b934ca495991b7852b855
commensurate/calc/twisted_sto_angles/theta_36p87_m3_n1_clean/new_Calculations/theta36_ionic_energy.dat,,,other,0,e3b0c44298fc1c149afbf4c8996fb92427ae41e4649b934ca495991b7852b855
commensurate/calc/twisted_sto_angles/theta_36p87_m3_n1_clean/new_Calculations/theta36_scf_iterations_per_ionic_step.dat,,,other,0,e3b0c44298fc1c149afbf4c8996fb92427ae41e4649b934ca495991b7852b855
commensurate/calc/twisted_sto_angles/theta_36p87_m3_n1_clean/new_Calculations/vim,,,other,655,50dee74bcec91b2aa31be507d7b21d603212b1dc6559fadb4481671e7ee61d3a
commensurate/calc/twisted_sto_angles/theta_36p87_m3_n1_clean/output_summary_theta36p87.md,,,other,2922,fd4bf983e4441f903a0426c777674840f4c5b4f3fa85ea96025854b073b0096f
commensurate/calc/twisted_sto_angles/theta_36p87_m3_n1_clean/relax_improved_beta012/job_relax_theta36_beta012.sh,,,other,663,219b18ee774f35e00adf3c08edeb40d02d16140d71df57b827a9604c7c823652
commensurate/calc/twisted_sto_angles/theta_36p87_m3_n1_clean/relax_improved_beta012/relax36-b012.52481555.err,,,other,6204,45e74ffb0d339485d3b16395d508b919ea0cd7dfcfa7690f0d6f0ce2a3953569
commensurate/calc/twisted_sto_angles/theta_36p87_m3_n1_clean/relax_improved_beta012/relax36-b012.52481555.out,,,qe_output,154,8ff9d48d307df5f8e7f5cde6f607e431484ddc9d262a33d81092df3749bc6af6
commensurate/calc/twisted_sto_angles/theta_36p87_m3_n1_clean/relax_improved_beta012/relax_theta36_beta012.in,,,qe_input,6063,187a7b61f047e6faf7344ac065000a52629ecbd0e571fe806075fc260041d76f
commensurate/calc/twisted_sto_angles/theta_36p87_m3_n1_clean/relax_improved_beta012/relax_theta36_beta012.out,,,qe_output,685677,2e7763eabbe141fc24b5f9b23bf781d06ebef4494129b7fe4c13681529307fb1
commensurate/calc/twisted_sto_angles/theta_36p87_m3_n1_clean/relax_theta_36p87_m3_n1.in,,,qe_input,6003,bc007587a3941dc6811955f240ab2e9bcb543242429ab5b5864f5ef4578f88f8
commensurate/calc/twisted_sto_angles/theta_36p87_m3_n1_clean/scf_analysis/extract_scf_dat.py,,,other,1603,cfbffc40c635c00ae77ad926e779852e5df6cf0e1a874bd5f3d74e8f2ab589be
commensurate/calc/twisted_sto_angles/theta_36p87_m3_n1_clean/scf_analysis/fixed_cg.dat,,,other,39535,e5475bc525b49f296334cd38dacf9bd13cce4d1fc43eecee7754a2a8ee831db2
commensurate/calc/twisted_sto_angles/theta_36p87_m3_n1_clean/scf_analysis/fixed_cg.out,,,qe_output,133941,816098a2df8940732978149fbdb0411f7f7f844094c2a6119b60e5591d3b74a5
commensurate/calc/twisted_sto_angles/theta_36p87_m3_n1_clean/scf_analysis/fixed_david.dat,,,other,181623,88a774f66b84a7606f5bb59db9243447c17bef09d1726a5ebc6539b2cde14bf5
commensurate/calc/twisted_sto_angles/theta_36p87_m3_n1_clean/scf_analysis/fixed_david.out,,,qe_output,582645,aac3910bd6bbbda4439244cfae867fa33829684237e4a1f29ea46ca7ece8f0de
commensurate/calc/twisted_sto_angles/theta_36p87_m3_n1_clean/scf_analysis/original_scf.dat,,,other,43554,025c4ca6524d95bf61909cc70baa2cdb076fe4eb54c2f713bc3bfc652f7df75a
commensurate/calc/twisted_sto_angles/theta_36p87_m3_n1_clean/scf_analysis/original_scf.out,,,qe_output,145675,489ab90bef463e111c39a8df6d1a729469083e0880e07979f6c29022cd9fe769
commensurate/calc/twisted_sto_angles/theta_36p87_m3_n1_clean/scf_analysis/plot_scf.gnu,,,other,2133,6c570ceedc66470cff924106531f1725a975c17730b9bf08548c06b2fd55fd1d
commensurate/calc/twisted_sto_angles/theta_36p87_m3_n1_clean/scf_analysis/smear_cg.dat,,,other,43165,8bf17af4aaa0a32b337c46b72ead1f264a5e0fb13ca658a1ca168d2b8916e065
commensurate/calc/twisted_sto_angles/theta_36p87_m3_n1_clean/scf_analysis/smear_cg.out,,,qe_output,144202,c610588c97bb77c39cb9e279754c5e7a2c7155e0c375451e0bb5021606671ea0
commensurate/calc/twisted_sto_angles/theta_36p87_m3_n1_clean/scf_analysis/smear_restart_cg.dat,,,other,29377,dc21cf9f77952eeb69f8af665f23bad78577a1637ff1a433de0afa7d35cd83d6
commensurate/calc/twisted_sto_angles/theta_36p87_m3_n1_clean/scf_analysis/smear_restart_cg.out,,,qe_output,103332,72bff95c0938bf43724842661186cc772774b34c661b88bee677cefc6170619c
commensurate/calc/twisted_sto_angles/theta_36p87_m3_n1_clean/scf_analysis/theta36_abs_deltaE.png,,,other,167667,790e11428e902bf0fc439531048a658d2cfb9eb29a43954a778a51c7597a54cf
commensurate/calc/twisted_sto_angles/theta_36p87_m3_n1_clean/scf_analysis/theta36_negative_rho.png,,,other,122692,5e322fde6b595b487b04c17ba07035febc7d8ec9d1e1c560f4bed5c3caaab7f1
commensurate/calc/twisted_sto_angles/theta_36p87_m3_n1_clean/scf_analysis/theta36_scf_accuracy.png,,,other,149223,8055e28ae17c45315938d70e581a89b312f94ed08a6c5614c9754d2155db0f1b
commensurate/calc/twisted_sto_angles/theta_36p87_m3_n1_clean/scf_analysis/theta36_total_energy.png,,,other,84044,baa09cd89fffd82d7475b6ae3cd2aa5e4094d410259d75205522f0dc54d7a0a6
commensurate/calc/twisted_sto_angles/theta_36p87_m3_n1_clean/scf_fixed.in,,,qe_input,5996,008d8d31be78bbf13b00e388c95bdedc8f8108e4381bb2e8dd4f29a65e9e25aa
commensurate/calc/twisted_sto_angles/theta_36p87_m3_n1_clean/scf_fixed.out,,,qe_output,133941,816098a2df8940732978149fbdb0411f7f7f844094c2a6119b60e5591d3b74a5
commensurate/calc/twisted_sto_angles/theta_36p87_m3_n1_clean/scf_fixed1.in,,,qe_input,6003,90c7125f79d729998b2f30c08dac665bd9b6f8ab103e0792004b709c40c87009
commensurate/calc/twisted_sto_angles/theta_36p87_m3_n1_clean/scf_fixed1.out,,,qe_output,582645,aac3910bd6bbbda4439244cfae867fa33829684237e4a1f29ea46ca7ece8f0de
commensurate/calc/twisted_sto_angles/theta_36p87_m3_n1_clean/scf_smear.in,,,qe_input,6032,defcdf4d3a8ff4c4a51353e9428656850d0b99852eb993f6daf5f39635f0ff22
commensurate/calc/twisted_sto_angles/theta_36p87_m3_n1_clean/scf_smear.out,,,qe_output,144202,c610588c97bb77c39cb9e279754c5e7a2c7155e0c375451e0bb5021606671ea0
commensurate/calc/twisted_sto_angles/theta_36p87_m3_n1_clean/scf_smear1.in,,,qe_input,6064,45d9fb1195a5ab0baa56d685865ac25e5a40d1108ace22ee6ac5adc1f471ac2e
commensurate/calc/twisted_sto_angles/theta_36p87_m3_n1_clean/scf_smear1.out,,,qe_output,1416,a76782ca238bb25d03f1fe92f1bd594ff0676e7602cc822ec36c7c814d267ed7
commensurate/calc/twisted_sto_angles/theta_36p87_m3_n1_clean/scf_smear_restart.in,,,qe_input,6061,167408e954a399455f736408cee75ee985845780dcf3710a7dde56e3970afffe
commensurate/calc/twisted_sto_angles/theta_36p87_m3_n1_clean/scf_smear_restart.out,,,qe_output,122678,e8a1c64bd73d92ed1afec85b215b06461b16dd122a4858e4e2d0739254e44db6
commensurate/calc/twisted_sto_angles/theta_36p87_m3_n1_clean/scf_summary_theta36p87.md,,,other,6441,44f17c12d248dd5a2f7d0fe271016e8e52ef9bf179c8b023104a37713c5fef8a
commensurate/calc/twisted_sto_angles/theta_36p87_m3_n1_clean/scf_theta_36p87_m3_n1.in,,,qe_input,6023,b643348c049f4dbc09ad8845a2d15058034489dd458339657fec753cbc618953
commensurate/calc/twisted_sto_angles/theta_36p87_m3_n1_clean/scf_theta_36p87_m3_n1.out,,,qe_output,145675,489ab90bef463e111c39a8df6d1a729469083e0880e07979f6c29022cd9fe769
commensurate/calc/twisted_sto_angles/theta_36p87_m3_n1_clean/scf_theta_36p87_m3_n1.out_3,,,other,344330,d824ef6aaf62b712169e801424efd240839588f8f3b003dc74d635ccdee81501
commensurate/calc/twisted_sto_angles/theta_36p87_m3_n1_clean/scf_theta_36p87_m3_n1.out_OLD1,,,other,370799,d63153ba3408536f98bba0bba532f28a4fb2e9c57892403add4af8540e6f6d80
commensurate/calc/twisted_sto_angles/theta_36p87_m3_n1_clean/scf_theta_36p87_m3_n1.out_OLD3,,,other,452986,baddb1acfdf3ccd548edb494be192cb45ba718f9050e414c4adf813cedd86dad
commensurate/calc/twisted_sto_angles/theta_36p87_m3_n1_clean/script_relax.sh,,,other,565,52aeaf8b9d5a02a712e5e56f5b7b8aaed3ee935a187904c9457e4959b33401df
commensurate/calc/twisted_sto_angles/theta_36p87_m3_n1_clean/script_scf_cg.sh,,,other,929,b50571bfbcaeb3a6429057aec39da886ee976bb4b83ea49f6dc77de7e30eeea1
commensurate/calc/twisted_sto_angles/theta_36p87_m3_n1_clean/script_scf_cg1.sh,,,other,913,da28acd3e5894890f66c1433b8ba4213c3405afd6b1c9f525698dfd473381638
commensurate/calc/twisted_sto_angles/theta_36p87_m3_n1_clean/script_scf_david.sh,,,other,892,d174a3890e8f2cfba766cf9e4229202a64caa078a82fe14bc5c2a35651395c8d
commensurate/calc/twisted_sto_angles/theta_36p87_m3_n1_clean/script_scf_david1.sh,,,other,892,42b4f8e04256dc7327c94d3a64c3fa3f16865842f942579393d738d8f0a9b9c1
commensurate/calc/twisted_sto_angles/theta_36p87_m3_n1_clean/script_scf_relax.sh,,,other,885,b25f1749e21dbfd580a6a42dfdc55dd7f3ffff671d824e1572ecd8b9283f4695
commensurate/calc/twisted_sto_angles/theta_36p87_m3_n1_clean/slurm_err/sto-36p87-scf-cg.51883672.err,,,other,6204,45e74ffb0d339485d3b16395d508b919ea0cd7dfcfa7690f0d6f0ce2a3953569
commensurate/calc/twisted_sto_angles/theta_36p87_m3_n1_clean/slurm_err/sto-36p87-scf-cg.51883673.err,,,other,6204,45e74ffb0d339485d3b16395d508b919ea0cd7dfcfa7690f0d6f0ce2a3953569
commensurate/calc/twisted_sto_angles/theta_36p87_m3_n1_clean/slurm_err/sto-36p87-scf-cg.52127840.err,,,other,6204,45e74ffb0d339485d3b16395d508b919ea0cd7dfcfa7690f0d6f0ce2a3953569
commensurate/calc/twisted_sto_angles/theta_36p87_m3_n1_clean/slurm_err/sto-36p87-scf-david.51883694.err,,,other,6204,45e74ffb0d339485d3b16395d508b919ea0cd7dfcfa7690f0d6f0ce2a3953569
commensurate/calc/twisted_sto_angles/theta_36p87_m3_n1_clean/slurm_err/sto-36p87-scf-david.51883696.err,,,other,6204,45e74ffb0d339485d3b16395d508b919ea0cd7dfcfa7690f0d6f0ce2a3953569
commensurate/calc/twisted_sto_angles/theta_36p87_m3_n1_clean/slurm_err/sto-36p87-scf-david.51883699.err,,,other,16118,6d80af33ee1dcf7da3f0da2e9e72292799c57fb5c8568e5db9193d1db909c0eb
commensurate/calc/twisted_sto_angles/theta_36p87_m3_n1_clean/slurm_err/sto-36p87-scf-relax.50937955.err,,,other,392,f46ab1a1d5980f86913bcc661e51506ff444e67cd7a9fcad840c201264b539ac
commensurate/calc/twisted_sto_angles/theta_36p87_m3_n1_clean/slurm_err/sto-36p87-scf-relax.50992253.err,,,other,372,3efa21c12e07474a456bcffed730055fd759ecb1ccb5e9f08aa463965cbec5a7
commensurate/calc/twisted_sto_angles/theta_36p87_m3_n1_clean/slurm_err/sto-36p87-scf-relax.51056601.err,,,other,5647,7440ff436848997def45c01b0be4e9e33a9c1a9f8a6ea084df80f9d204b4d32e
commensurate/calc/twisted_sto_angles/theta_36p87_m3_n1_clean/slurm_err/sto-36p87-scf-relax.51212206.err,,,other,6204,45e74ffb0d339485d3b16395d508b919ea0cd7dfcfa7690f0d6f0ce2a3953569
commensurate/calc/twisted_sto_angles/theta_36p87_m3_n1_clean/slurm_err/sto-36p87-scf-relax.51551046.err,,,other,6204,45e74ffb0d339485d3b16395d508b919ea0cd7dfcfa7690f0d6f0ce2a3953569
commensurate/calc/twisted_sto_angles/theta_36p87_m3_n1_clean/slurm_err/sto-36p87-scf-relax.51740621.err,,,other,6144,6cf59f4545f53396c84c72b298de550606cc354923e3493904828602b952af70
commensurate/calc/twisted_sto_angles/theta_36p87_m3_n1_clean/slurm_out/sto-36p87-scf-cg.51883672.out,,,qe_output,256,1322ac37894ebac9a0cc309f7729030e7e171eb6ec5f2395d54363b6b399cf61
commensurate/calc/twisted_sto_angles/theta_36p87_m3_n1_clean/slurm_out/sto-36p87-scf-cg.51883673.out,,,qe_output,256,2665362b3ca4b0f30a1495f7aae8a46047fbc0d4aa4a80cb2e0f74e278e53e1f
commensurate/calc/twisted_sto_angles/theta_36p87_m3_n1_clean/slurm_out/sto-36p87-scf-cg.52127840.out,,,qe_output,256,9f16cff67c5ae527b39b32b2941d7b1b273ee882c8bc12ca3e2a27d5818c3205
commensurate/calc/twisted_sto_angles/theta_36p87_m3_n1_clean/slurm_out/sto-36p87-scf-david.51883694.out,,,qe_output,202,90e7796826de8041e4804eb2bd0215c7df0eb1fc9e7092eb9d368e7c5c954a3e
commensurate/calc/twisted_sto_angles/theta_36p87_m3_n1_clean/slurm_out/sto-36p87-scf-david.51883696.out,,,qe_output,202,01198a51a076a8f5733d0db782ab512f8443ef0514725fd3366bdaebabc285d0
commensurate/calc/twisted_sto_angles/theta_36p87_m3_n1_clean/slurm_out/sto-36p87-scf-david.51883699.out,,,qe_output,202,d577e6204ce53dc6eb128a99fd6a2f783d352de7354f2b7d0d11a520fdd89413
commensurate/calc/twisted_sto_angles/theta_36p87_m3_n1_clean/slurm_out/sto-36p87-scf-relax.50937955.out,,,qe_output,44,2395bc28f2311b30ff81c881d229ce3ddf72e18804ca6150a586c0681067ae77
commensurate/calc/twisted_sto_angles/theta_36p87_m3_n1_clean/slurm_out/sto-36p87-scf-relax.50992253.out,,,qe_output,22,52db59cb03c538df98f212f5db23dc6ffaed2471fdc5325c62d6701954566f9e
commensurate/calc/twisted_sto_angles/theta_36p87_m3_n1_clean/slurm_out/sto-36p87-scf-relax.51056601.out,,,qe_output,22,52db59cb03c538df98f212f5db23dc6ffaed2471fdc5325c62d6701954566f9e
commensurate/calc/twisted_sto_angles/theta_36p87_m3_n1_clean/slurm_out/sto-36p87-scf-relax.51212206.out,,,qe_output,130,7d590b2dd32afb4989cf5693013d45f02a985d7739951e9bbc263f95e577fc8b
commensurate/calc/twisted_sto_angles/theta_36p87_m3_n1_clean/slurm_out/sto-36p87-scf-relax.51551046.out,,,qe_output,106,c5df5a39c10b88591a2e433296cefd9bfe991df72c35397bdd0772114a2e359c
commensurate/calc/twisted_sto_angles/theta_36p87_m3_n1_clean/slurm_out/sto-36p87-scf-relax.51740621.out,,,qe_output,106,80fdcff6883ca9c3dea9d9838821a6c4334270e8e64dd4531d7220e4a1ba5a7e
commensurate/calc/twisted_sto_angles/theta_36p87_m3_n1_clean/summarize_inputs.sh,,,other,1405,974a1354ca06ce64f5b1af2280a2dca2ce0704ac8b0f5d9cb0db644c830c1821
commensurate/calc/twisted_sto_angles/theta_36p87_m3_n1_clean/summarize_outputs.sh,,,other,1741,faeb46c57c994117228b22ba9a0eae3c13cb4560fb87633d02f83c6db834fe31
commensurate/calc/twisted_sto_angles/theta_36p87_m3_n1_clean/theta36_force.dat,,,other,0,e3b0c44298fc1c149afbf4c8996fb92427ae41e4649b934ca495991b7852b855
commensurate/calc/twisted_sto_angles/theta_36p87_m3_n1_clean/theta36_ionic_energy.dat,,,other,0,e3b0c44298fc1c149afbf4c8996fb92427ae41e4649b934ca495991b7852b855
commensurate/calc/twisted_sto_angles/theta_36p87_m3_n1_clean/theta36_scf_iterations_per_ionic_step.dat,,,other,0,e3b0c44298fc1c149afbf4c8996fb92427ae41e4649b934ca495991b7852b855
commensurate/calc/twisted_sto_angles/theta_36p87_m3_n1_clean/twisted.xyz,,,other,5370,8422a9c62b1cb34caa5662140687516945718aa2dd1bb87dc6a3efbfa0d8922b
commensurate/calc/twisted_sto_angles/theta_36p87_m3_n1_clean/vim,,,other,0,e3b0c44298fc1c149afbf4c8996fb92427ae41e4649b934ca495991b7852b855
commensurate/calc/twisted_sto_angles/theta_53p13_m2_n1_clean/.final_scf.ssh.swp,,,other,12288,10d4101e5a446bbc9732db4892e653c9d2874c468ab82e72e87d753d0c2412fd
commensurate/calc/twisted_sto_angles/theta_53p13_m2_n1_clean/FINAL_theta53_Z/theta53_dz_AMPLIFIED_5X_5repeat.pdf,,,other,22470,b52e4a371b57f70a1b6c966956b36a50519573135b7ddf75ae322e2a4e9c6007
commensurate/calc/twisted_sto_angles/theta_53p13_m2_n1_clean/FINAL_theta53_Z/theta53_dz_AMPLIFIED_5X_5repeat.png,,,other,229140,8d658e723dcdbf840629c844919aa454990c9c79381b2be88c4a2557339b6d8e
commensurate/calc/twisted_sto_angles/theta_53p13_m2_n1_clean/FINAL_theta53_Z/theta53_dz_TRUE_A_5repeat.pdf,,,other,21352,f6180fb59d7e622cee0933fd32d9f75617e1596e5e483e7dda981a328478bce5
commensurate/calc/twisted_sto_angles/theta_53p13_m2_n1_clean/FINAL_theta53_Z/theta53_dz_TRUE_A_5repeat.png,,,other,216728,5b07375f4714512eedfd674f4b95b4011132bebe6912dc5ec98551bea5c0626a
commensurate/calc/twisted_sto_angles/theta_53p13_m2_n1_clean/POSCAR_twisted.vasp,,,other,2845,3a78488d7ef5edb9ce4ec5b1ef12a441082c92851f3a038f5955bcdc8f56a8ac
commensurate/calc/twisted_sto_angles/theta_53p13_m2_n1_clean/analysis_ti_delta_z_relax_theta_53p13/ti_delta_z_relax_summary.txt,,,other,1502,91fe0a018dbf91e5647ae21308cd1c4b122d127d186e95d624be3d08b56953d9
commensurate/calc/twisted_sto_angles/theta_53p13_m2_n1_clean/analysis_ti_delta_z_relax_theta_53p13/ti_lower_delta_z_relax_arrows.dat,,,other,567,15b0b4e9e70006684d7743c4b548e472ea9a697b9b6e4bf797b7a96a2cfe0c12
commensurate/calc/twisted_sto_angles/theta_53p13_m2_n1_clean/analysis_ti_delta_z_relax_theta_53p13/ti_upper_delta_z_relax_arrows.dat,,,other,566,ddd54249bcfa9e96b56cd4663a2f20946aee6f1553962568d3ece55c81defb99
commensurate/calc/twisted_sto_angles/theta_53p13_m2_n1_clean/analysis_ti_delta_z_relax_theta_53p13/xz_plot_limits.gnuvars,,,other,74,ddeeb11124a51b1d392ecdaa3d7f2106a1c364805459c6b0d0a12630c658f21f
commensurate/calc/twisted_sto_angles/theta_53p13_m2_n1_clean/analysis_ti_delta_z_theta_53p13/oxygen_neighbor_diagnostic.txt,,,other,11922,f82dea0e5c7b6f592b7c217daa41bab8c586b91e5c862d49250404209189a4e4
commensurate/calc/twisted_sto_angles/theta_53p13_m2_n1_clean/analysis_ti_delta_z_theta_53p13/ti_delta_z_summary.txt,,,other,1793,328e75da34f589931bb0c802765c194b575c3e5f269f7cb9971d2a4d8283b484
commensurate/calc/twisted_sto_angles/theta_53p13_m2_n1_clean/analysis_ti_delta_z_theta_53p13/ti_lower_delta_z_arrows.dat,,,other,652,69ac22368b88dc54a28285a402d75fedc0e890b28e5bf5bafe40488128361395
commensurate/calc/twisted_sto_angles/theta_53p13_m2_n1_clean/analysis_ti_delta_z_theta_53p13/ti_upper_delta_z_arrows.dat,,,other,652,297fb276d388cbbacf3934bf98eaca382ae36d702a3e3c5e3c6d64426e42a760
commensurate/calc/twisted_sto_angles/theta_53p13_m2_n1_clean/analysis_ti_delta_z_theta_53p13/xz_plot_limits.gnuvars,,,other,74,4ff861757d9492a119c0025683f21eaf8b021da4facff639779f569f6b7b9f9b
commensurate/calc/twisted_sto_angles/theta_53p13_m2_n1_clean/analysis_ti_displacement_theta_53p13/make_ti_displacement_data.py,,,other,5223,659c324ac6be87b9e72bf43f8e575c123c35bac696836c02aa03c2f622af6b13
commensurate/calc/twisted_sto_angles/theta_53p13_m2_n1_clean/analysis_ti_displacement_theta_53p13/make_ti_displacement_fig2.py,,,other,9917,4e03f49467a798125fb898568fdecaab874e2b3140b73d4c943ddfc53731c897
commensurate/calc/twisted_sto_angles/theta_53p13_m2_n1_clean/analysis_ti_displacement_theta_53p13/plot_limits.gnuvars,,,other,75,c24077a3aa74032e49c4ccb8b88b00b382344ac80b1ac83bbf34e7d34922feda
commensurate/calc/twisted_sto_angles/theta_53p13_m2_n1_clean/analysis_ti_displacement_theta_53p13/plot_ti_fig2_exact.gnu,,,other,775,b141a88e3e75d83c011842ef0b6527e6948b07ed250bf5983b27d41baf4fd84c
commensurate/calc/twisted_sto_angles/theta_53p13_m2_n1_clean/analysis_ti_displacement_theta_53p13/supercell_box.dat,,,other,141,6090370fd44b4625d299225c493bfebdde7d8332b0131d2c4138e19219520761
commensurate/calc/twisted_sto_angles/theta_53p13_m2_n1_clean/analysis_ti_displacement_theta_53p13/ti_displacement_fig2_theta_53p13.png,,,other,120893,32833fc6c0bcbd8fb03f14c998524b4a70ab73182adba97597af2cabb10052e6
commensurate/calc/twisted_sto_angles/theta_53p13_m2_n1_clean/analysis_ti_displacement_theta_53p13/ti_displacement_summary.txt,,,other,1133,ad345bdcf4112b80a427dca66603cffc46fea6e1960e698dc7a67e92b3284192
commensurate/calc/twisted_sto_angles/theta_53p13_m2_n1_clean/analysis_ti_displacement_theta_53p13/ti_displacement_vectors.dat,,,other,1706,ec8a67845628009dd927bfac3bbbe2807e185e67cf290904efa16bba3ff5de10
commensurate/calc/twisted_sto_angles/theta_53p13_m2_n1_clean/analysis_ti_displacement_theta_53p13/ti_lower_arrows.dat,,,other,529,184a591068f0c8a1b0ceb156efb626fdee83dfbc6bfa8a5b08cb2b669249c521
commensurate/calc/twisted_sto_angles/theta_53p13_m2_n1_clean/analysis_ti_displacement_theta_53p13/ti_upper_arrows.dat,,,other,529,14e59a4e34052dda80aafe6021c32c16bc52556f114a5a261e1108991b9d664f
commensurate/calc/twisted_sto_angles/theta_53p13_m2_n1_clean/check_theta53_structure.py,,,other,4789,9f0f5596f4a11751bbe97acb9f464e01821742cd1fe6fc940be085b00f4f611d
commensurate/calc/twisted_sto_angles/theta_53p13_m2_n1_clean/diagnose_ti53_oxygen_neighbors.py,,,other,3824,05401567131c9e87b5326ca951da32a46f1bc232d6909b85fc428101e6593d86
commensurate/calc/twisted_sto_angles/theta_53p13_m2_n1_clean/energy_trace_53.dat,,,other,27253,1042125b562b1ce879599d7bde2f3a38e2bd0140399c19b847282d9fc99264d4
commensurate/calc/twisted_sto_angles/theta_53p13_m2_n1_clean/extract_ti53_delta_z_data.py,,,other,7820,1ac7fa810eeb5c846ff3a5a65fc34810a03bac0276491446dd90207195fd42e6
commensurate/calc/twisted_sto_angles/theta_53p13_m2_n1_clean/extract_ti53_delta_z_relax_data.py,,,other,6344,b9d13a9e6fda1d2a91643f5da6ee64b0dc08d6c6f79b88f0eaa0ac125eb6c8df
commensurate/calc/twisted_sto_angles/theta_53p13_m2_n1_clean/extract_ti53_displacement_data.py,,,other,8181,69fdd49e7c3507be9b31825d34c7ce8ff33e1f850b7f32efc45cc6a530d77cae
commensurate/calc/twisted_sto_angles/theta_53p13_m2_n1_clean/final.ssh,,,other,682,53fac8efdb47a97124061d0d8737e353e79189a6c06630e86756ececedea83ed
commensurate/calc/twisted_sto_angles/theta_53p13_m2_n1_clean/make_relax_inputs.py,,,other,4171,e187a87d5437edd0da54ec217ce1f484321a990fd09f4fdd0fd19c0becad1238
commensurate/calc/twisted_sto_angles/theta_53p13_m2_n1_clean/plot_theta53_Z_FINAL.py,,,other,10224,20fd6e16033a6ee0ab4d39346689ac05d59f984f8b3fcd1c18b03b4b36e50f43
commensurate/calc/twisted_sto_angles/theta_53p13_m2_n1_clean/relax_events_53.dat,,,other,409,35df2ec3176b62edac0e7dcfa5f5102ca25ae016c2617ae091eec157f69eb4d9
commensurate/calc/twisted_sto_angles/theta_53p13_m2_n1_clean/relax_pressure_53.dat,,,other,27,d0e23f939510f72b44956ae460a68f5eba916928028b777ed6d473bcacae9d25
commensurate/calc/twisted_sto_angles/theta_53p13_m2_n1_clean/relax_scf_energy_53.dat,,,other,27253,1042125b562b1ce879599d7bde2f3a38e2bd0140399c19b847282d9fc99264d4
commensurate/calc/twisted_sto_angles/theta_53p13_m2_n1_clean/relax_theta_53p13_m2_n1.CO.in,,,qe_input,3632,4a6284fcd1569f2380898bbde897b9201b800eb0c5b9ef8f9dbfd1b5f7605df1
commensurate/calc/twisted_sto_angles/theta_53p13_m2_n1_clean/relax_theta_53p13_m2_n1.CO.out,,,qe_output,1934505,a33e8d08387312515f0e1141c811d894102d385c31482044470bc6dcac2e462b
commensurate/calc/twisted_sto_angles/theta_53p13_m2_n1_clean/relax_theta_53p13_m2_n1.CO1.in,,,qe_input,3634,36405e156247193b35f2c5f19db8c87ba9b84b6a1a2c5f3e25a5e99d3358fb03
commensurate/calc/twisted_sto_angles/theta_53p13_m2_n1_clean/relax_theta_53p13_m2_n1.CO1.out,,,qe_output,891616,26059cbd2204819b312056111988636e999f26362f2413c106d0be7e9ebc333f
commensurate/calc/twisted_sto_angles/theta_53p13_m2_n1_clean/relax_theta_53p13_m2_n1.CO2.in,,,qe_input,3630,f43b3aeb37d37a99646b62fb99b442b37de82ac124f188698fce754f475f030e
commensurate/calc/twisted_sto_angles/theta_53p13_m2_n1_clean/relax_theta_53p13_m2_n1.CO2.out,,,qe_output,528476,e47fde1c241e904a7df316cd14726067455da5e008c2de01c972e1949b5a9660
commensurate/calc/twisted_sto_angles/theta_53p13_m2_n1_clean/relax_theta_53p13_m2_n1.in,,,qe_input,3573,22805e58183398488fcacc99c91bdb61318f4e5532058ebf6c13ce03d9febeca
commensurate/calc/twisted_sto_angles/theta_53p13_m2_n1_clean/relax_theta_53p13_m2_n1.out,,,qe_output,507314,2a586673d7633371ec3d0e7aedfcb255304ea73e2e6488aec3ad6517963b9363
commensurate/calc/twisted_sto_angles/theta_53p13_m2_n1_clean/relax_theta_53p13_m2_n1.out_OLD,,,other,949094,493dab41817356e8a1f2700376aff2c5305a0cc0157d98843bef839f2d678762
commensurate/calc/twisted_sto_angles/theta_53p13_m2_n1_clean/relax_theta_53p13_m2_n1.out_OLD2,,,other,1380490,2dd0b255bb9cfe827e8ffc16ccfb93a72022df0deb5da39b854e599477671530
commensurate/calc/twisted_sto_angles/theta_53p13_m2_n1_clean/relax_theta_53p13_m2_n1.out_OLD3,,,other,1054383,69e6596e614fac7568b62df2c8c7df1279881ce1ad80fe50e6f436c6a1bfd1bc
commensurate/calc/twisted_sto_angles/theta_53p13_m2_n1_clean/relax_total_force_53.dat,,,other,33,99eac3e0dce7689e32b9167ef61f36bc8b164eb1bb0663aaf679a2de549e8be6
commensurate/calc/twisted_sto_angles/theta_53p13_m2_n1_clean/scf_accuracy_53.dat,,,other,21644,df1557c3ae197392cb571960b191fb0bdc660bbb6a0b46b771ad6b138faad9a9
commensurate/calc/twisted_sto_angles/theta_53p13_m2_n1_clean/scf_energy_theta_53p13.dat,,,other,7891,602c70403eb32c7111d361dd71f5b80e13ebfdb6650542d7076164b98579cf54
commensurate/calc/twisted_sto_angles/theta_53p13_m2_n1_clean/scf_final_theta_53p13_m2_n1.out,,,qe_output,1421,a66ac97b65eb274d28d7ddedc07c393056941d41675cef8a95627083c095df05
commensurate/calc/twisted_sto_angles/theta_53p13_m2_n1_clean/scf_theta53_final_nbnd240.in,,,qe_input,4548,c83786bbdfa1dd79c3d44693ae11768a5dd6c7d9afaf36f6e2faefa35c3ab930
commensurate/calc/twisted_sto_angles/theta_53p13_m2_n1_clean/scf_theta53_final_nbnd240.out,,,qe_output,147171,15dde19dfce0e215aeba5e0affd15224dd8362898bb9c6d0c9822d537bc1fec8
commensurate/calc/twisted_sto_angles/theta_53p13_m2_n1_clean/scf_theta_53p13_m2_n1.in,,,qe_input,3444,b89596c0f597e34024339b8d8d2e2668d9571bd667ee73167108a33045212a3a
commensurate/calc/twisted_sto_angles/theta_53p13_m2_n1_clean/scf_theta_53p13_m2_n1_OLD.out,,,qe_output,272541,47127667220c5369a0fc411fdb03bd497e7f5b5cefb9c3427b448cb076ca003a
commensurate/calc/twisted_sto_angles/theta_53p13_m2_n1_clean/script_relax.sh,,,other,565,5e198b3090ee580100b2c1293e3e9773b8c5b53978bee68ce096b751b94b4687
commensurate/calc/twisted_sto_angles/theta_53p13_m2_n1_clean/script_relax_CO.sh,,,other,549,89385493958d3b5c4ecd67f148b065091f557fb0f1d00e7b7f7525f84f4fcf90
commensurate/calc/twisted_sto_angles/theta_53p13_m2_n1_clean/script_relax_CO1.sh,,,other,552,429f24c0bae2b851f7a689698a7e331cbf35afc3ff6145e01fdb964469f1d2dc
commensurate/calc/twisted_sto_angles/theta_53p13_m2_n1_clean/script_relax_CO2.sh,,,other,552,3b5fd75ae19b3d4f5290c99fd2c9fe8eacdcebf9a08e9c246fb7cd228df352f0
commensurate/calc/twisted_sto_angles/theta_53p13_m2_n1_clean/script_scf_relax.sh,,,other,717,e35ece6eecfd634aa2100e2ba44d7d575b75f606836bc864443acf322c07f80b
commensurate/calc/twisted_sto_angles/theta_53p13_m2_n1_clean/sto-53p13-final-scf.51880816.err,,,other,16118,e1f37b4550c3b6e9b36a7f4808d5251058eeda7d2bb858088e67c05acb8f49b9
commensurate/calc/twisted_sto_angles/theta_53p13_m2_n1_clean/sto-53p13-final-scf.51880816.out,,,qe_output,0,e3b0c44298fc1c149afbf4c8996fb92427ae41e4649b934ca495991b7852b855
commensurate/calc/twisted_sto_angles/theta_53p13_m2_n1_clean/sto-53p13-final-scf.52127285.err,,,other,6204,45e74ffb0d339485d3b16395d508b919ea0cd7dfcfa7690f0d6f0ce2a3953569
commensurate/calc/twisted_sto_angles/theta_53p13_m2_n1_clean/sto-53p13-final-scf.52127285.out,,,qe_output,0,e3b0c44298fc1c149afbf4c8996fb92427ae41e4649b934ca495991b7852b855
commensurate/calc/twisted_sto_angles/theta_53p13_m2_n1_clean/sto-53p13-relax-CO.51740428.err,,,other,12288,7a72eb700e1d3c19b6402ebeea0ecbd3a1b0931e8aa46402b3c9e37c277324da
commensurate/calc/twisted_sto_angles/theta_53p13_m2_n1_clean/sto-53p13-relax-CO.51740428.out,,,qe_output,0,e3b0c44298fc1c149afbf4c8996fb92427ae41e4649b934ca495991b7852b855
commensurate/calc/twisted_sto_angles/theta_53p13_m2_n1_clean/sto-53p13-relax-CO1.51740440.err,,,other,12288,7a72eb700e1d3c19b6402ebeea0ecbd3a1b0931e8aa46402b3c9e37c277324da
commensurate/calc/twisted_sto_angles/theta_53p13_m2_n1_clean/sto-53p13-relax-CO1.51740440.out,,,qe_output,0,e3b0c44298fc1c149afbf4c8996fb92427ae41e4649b934ca495991b7852b855
commensurate/calc/twisted_sto_angles/theta_53p13_m2_n1_clean/sto-53p13-relax-CO2.51740443.err,,,other,312,77f114dfacd70f2ae08aa21e02b802cbb0ffae8a9efca06393021c3d53f45f19
commensurate/calc/twisted_sto_angles/theta_53p13_m2_n1_clean/sto-53p13-relax-CO2.51740443.out,,,qe_output,0,e3b0c44298fc1c149afbf4c8996fb92427ae41e4649b934ca495991b7852b855
commensurate/calc/twisted_sto_angles/theta_53p13_m2_n1_clean/sto-53p13-scf-relax.50937933.err,,,other,12348,95cf645d4ba5ebc427d71641ab43bb4d3f7a2e561379f1b724881d20e0102e5a
commensurate/calc/twisted_sto_angles/theta_53p13_m2_n1_clean/sto-53p13-scf-relax.50937933.out,,,qe_output,46,0924d1605bad367868b6baa2853b78f32cd5407f09bdab2769617f173a75d129
commensurate/calc/twisted_sto_angles/theta_53p13_m2_n1_clean/sto-53p13-scf-relax.50992209.err,,,other,299,459e6389be5dd65b6fb87fe46db509adcb52673405f3cba2c7914495bcb5b8c6
commensurate/calc/twisted_sto_angles/theta_53p13_m2_n1_clean/sto-53p13-scf-relax.50992209.out,,,qe_output,46,0924d1605bad367868b6baa2853b78f32cd5407f09bdab2769617f173a75d129
commensurate/calc/twisted_sto_angles/theta_53p13_m2_n1_clean/sto-53p13-scf-relax.51038575.err,,,other,12348,95cf645d4ba5ebc427d71641ab43bb4d3f7a2e561379f1b724881d20e0102e5a
commensurate/calc/twisted_sto_angles/theta_53p13_m2_n1_clean/sto-53p13-scf-relax.51038575.out,,,qe_output,46,0924d1605bad367868b6baa2853b78f32cd5407f09bdab2769617f173a75d129
commensurate/calc/twisted_sto_angles/theta_53p13_m2_n1_clean/sto-53p13-scf-relax.51145755.err,,,other,12348,95cf645d4ba5ebc427d71641ab43bb4d3f7a2e561379f1b724881d20e0102e5a
commensurate/calc/twisted_sto_angles/theta_53p13_m2_n1_clean/sto-53p13-scf-relax.51145755.out,,,qe_output,46,0924d1605bad367868b6baa2853b78f32cd5407f09bdab2769617f173a75d129
commensurate/calc/twisted_sto_angles/theta_53p13_m2_n1_clean/sto-theta_53p13_m2_n1-relax.51398432.err,,,other,299,441f475da48b1dd2ba3f341096b1201ae4a9c33fae8ffb698e9b680c59d2650c
commensurate/calc/twisted_sto_angles/theta_53p13_m2_n1_clean/sto-theta_53p13_m2_n1-relax.51398432.out,,,qe_output,0,e3b0c44298fc1c149afbf4c8996fb92427ae41e4649b934ca495991b7852b855
commensurate/calc/twisted_sto_angles/theta_53p13_m2_n1_clean/sto-theta_53p13_m2_n1-relax.51740115.err,,,other,12348,95cf645d4ba5ebc427d71641ab43bb4d3f7a2e561379f1b724881d20e0102e5a
commensurate/calc/twisted_sto_angles/theta_53p13_m2_n1_clean/sto-theta_53p13_m2_n1-relax.51740115.out,,,qe_output,0,e3b0c44298fc1c149afbf4c8996fb92427ae41e4649b934ca495991b7852b855
commensurate/calc/twisted_sto_angles/theta_53p13_m2_n1_clean/sto_exact_structures.zip,,,other,178,97ad93b4bc9ca56b5b0c7e59f14a0b20b5fe3ff13a528114f20fdd4529a1662d
commensurate/calc/twisted_sto_angles/theta_53p13_m2_n1_clean/theta53_force.dat,,,other,635,cca9b048445752efea36079ed698d9e1f85757d315b5a467c55839c7df8c6c73
commensurate/calc/twisted_sto_angles/theta_53p13_m2_n1_clean/theta53_ionic_energy.dat,,,other,819,9261ebd24f6cea9b24e935d0f37cbc791d965fd10cc49008baba0f24f48d7d38
commensurate/calc/twisted_sto_angles/theta_53p13_m2_n1_clean/theta53_scf_iterations_per_ionic_step.dat,,,other,270,cc468e7b96cb2e0a7b64806eddc99e28a004ed7a3b1bd1befd85d8e907798bd4
commensurate/calc/twisted_sto_angles/theta_53p13_m2_n1_clean/theta_53p13_m2_n1_final.in,,,qe_input,4483,7d37e9639aedf305ae70dddfb90e64203355453ec4660470b2408168c26e32f4
commensurate/calc/twisted_sto_angles/theta_53p13_m2_n1_clean/theta_53p13_m2_n1_final.out,,,qe_output,94856,17df97ff18bfbaddabde8f780e3b318bcb17a245606d7b4a0ecb89f53278b46a
commensurate/calc/twisted_sto_angles/theta_53p13_m2_n1_clean/twisted.xyz,,,other,2699,cf672b12730acc1fc2dfe7e663ddf195044c5cf95ba2a7b0cb3eb9cdf2922b3f
commensurate/calc/twisted_sto_angles/tmp,,,other,0,e3b0c44298fc1c149afbf4c8996fb92427ae41e4649b934ca495991b7852b855
commensurate/calc/twisted_sto_angles/twists.py,,,other,9295,8e8cd67fc14b22da864b3cef0d7ca56cbcd16ac4ba8f86da2ef90ffd4521cecd
commensurate/relax/twisted_sto_angles/pythagorean/theta_16p26_m3_n4_l5_pythagorean_clean/CRASH,,,other,1245,e79db826ad9fad01514f8b07e689d78bfefcb5739899287acf387383d97641c9
commensurate/relax/twisted_sto_angles/pythagorean/theta_16p26_m3_n4_l5_pythagorean_clean/pyth-localtf-r3-b002.53719270.err,,,other,16118,a391a738f2b27cbce653a92011e1be023639ac25d769f06b5653cf4e8ff637e7
commensurate/relax/twisted_sto_angles/pythagorean/theta_16p26_m3_n4_l5_pythagorean_clean/pyth-localtf-r3-b002.53719270.out,,,qe_output,474,da1222bcef53d06454dafce9f2e9f225e534de4269a449a9f21c6d453d488f40
commensurate/relax/twisted_sto_angles/pythagorean/theta_16p26_m3_n4_l5_pythagorean_clean/pyth-plain-r3-b002.53719266.err,,,other,16118,8afaed8f36a39d2926f71b0b442eede5d0c4b0ce5eb439238573232515748d4d
commensurate/relax/twisted_sto_angles/pythagorean/theta_16p26_m3_n4_l5_pythagorean_clean/pyth-plain-r3-b002.53719266.out,,,qe_output,465,7fb5c2136e506a47ecdf30adf0c40ce80bdee482dba32c335cb0eacde7d89419
commensurate/relax/twisted_sto_angles/pythagorean/theta_16p26_m3_n4_l5_pythagorean_clean/pyth-tf-r3-b002.53719267.err,,,other,16118,363ea84a500ed9515c5a405f8b57cc4d34c02bd31ad5e642333afc18a97d6eb2
commensurate/relax/twisted_sto_angles/pythagorean/theta_16p26_m3_n4_l5_pythagorean_clean/pyth-tf-r3-b002.53719267.out,,,qe_output,456,18e56beb46d0f2232e18bea01d25a460f709687fa8fb3702b36d10de7f5e414d
commensurate/relax/twisted_sto_angles/pythagorean/theta_16p26_m3_n4_l5_pythagorean_clean/scf_fixed_david_beta002_local_tf_restart3.out,,,qe_output,1435,87793c2663d827c41681851c053e058aa12df4f452cf075614cf8af6847e931d
commensurate/relax/twisted_sto_angles/pythagorean/theta_16p26_m3_n4_l5_pythagorean_clean/scf_fixed_david_beta002_plain_restart3.out,,,qe_output,1432,09bf30b7cbacd9c559f36f9abcecb7dc680c5a832795e414cd2b822fdf09290e
commensurate/relax/twisted_sto_angles/pythagorean/theta_16p26_m3_n4_l5_pythagorean_clean/scf_fixed_david_beta002_tf_restart3.out,,,qe_output,1429,53e4caeb3a97a4e4a8c8769b57ed377c64a8683ef4b15495bbb37220aff8130f
generate_vertical_restart1.py,,,other,3970,67ef3714bb799b58c58515a0670fce5e95b3102c8115a024aebf1fae00bb7533
make_tau55_restart2.py,,,other,3573,482483d71ce15f53fec8d26233c6ea2f97349b4d112bba4885f23cc025029c5c
make_tau55_restart3.py,,,other,1687,ad7eb11cb4d0f354c73c13f0933ac0e017aa2bdf59b38c0035b94bce767b3f2f
make_tau_relax_inputs.py,,,other,1458,02ba127250d9de5c90b1654a8725cf3fc7e6d1ab6dc754a3d2bd08a2631c5ab3
make_tau_restart3.py,,,other,3472,3c7c149fad9904c5bb5ed21d53aa08869c89a81cd508d9f8c99b756c8241bf1d
make_tau_vertical_relax_inputs.py,,B,other,5546,09437814ea457830b3f2cb54b31c1edd48365156d29b5b2512067ae3c91228ba
merge_qe_relax_trajectory.py,,,other,2214,cafa3b849e89b58dfde69f7db1531f3d39365a9e691aa1712e7e6f2f8c0a0e63
pipeline_status.py,,,other,836,72c3e129a96ed77607bab9afc29fd2564863becf115920a63104fdae0f32f71a
plot_selected_taus_10x10.py,,,other,5417,c71051cb3900ebb024a9e52af7c1a26f6cac2d0f7c2b731a2e87dc9edc57bcfa
prepare_tau_inputs.py,,,other,4165,63efe61da37374342a9359f310bd2643e6c93c39fb8d037a20fbca5272bc13ff
relax_one_tau.slurm,,,other,1869,2b7c955cee52ddbad5ec5e66002b17acc0fc99d469d04e45e91f8068e8ca20dc
slurm-57888303.out,,,qe_output,1093,1bb3da3a76d6c493f2a4dc946f9386e15657bb62de2ca1ef3edb7e3482fd5c05
slurm-57888305.out,,,qe_output,1093,dbe5b2ee33a4600a602bf62d5c1f50500ee67c5a278958d760e75afb95a92372
slurm-57888306.out,,,qe_output,1093,12142b9b00751d2246d83312b35398fb7acbb5b401cc3ae24e3904edd99b0bae
slurm-57888308.out,,,qe_output,1093,8852e887870b120aecaff9937c61475162ee07533a9293003210a56e19809508
slurm-57888309.out,,,qe_output,351,c94be18ba4709f00d86e5e5b1b01dc9fefce9a5d91685cdf2cc9e92931fe9e0e
slurm-57888546.out,,,qe_output,401,6cf85b7962ea4d3a264802bc3374187368bfac6a3bec0ba3bbd8b45708033a28
slurm-57888547.out,,,qe_output,401,725e237453e8ac0d0b308fcd45cf588ec63c045391b7a555c6da2b2736959809
slurm-57888548.out,,,qe_output,401,395afd2cb13907c4c3fec993c41fad3e33e28c7befbb1829b97771b90ca5fc6a
slurm-58068286.err,,,other,7356,7dc667906ebc60379e13ac713bcd2d3b16eb20ab43fb4c7e14bdc88254c308c0
slurm-58068286.out,,,qe_output,836,2b4ec009d8fffae19798541cd7aafa34aa749b2c04908a2264745b807568bc2b
slurm-58068440.err,,,other,7356,7dc667906ebc60379e13ac713bcd2d3b16eb20ab43fb4c7e14bdc88254c308c0
slurm-58068440.out,,,qe_output,418,a751bdba9d31facb7085b493b9f41fc84789f4cc68731407fc033116996d73bb
slurm-58113770.err,,,other,3708,681ae2b2a5a5a3875748634822cbb6b2d865cf2225e128b9b583b2c131ae2450
slurm-58113770.out,,,qe_output,0,e3b0c44298fc1c149afbf4c8996fb92427ae41e4649b934ca495991b7852b855
stageB_needs_attention_20260929_063104.txt,,,other,0,e3b0c44298fc1c149afbf4c8996fb92427ae41e4649b934ca495991b7852b855
stageB_vertical_relax_audit_20260929_063104.csv,,B,other,36823,39a0e844214702c987a9b0c0f1eef4266ea67c66a0c4d16a225dc123d81ece49
stage_c_batch12/._README.md,,C,other,163,127e4fb7ffb87f87f57a315677dcabcdd994393d42cc555e9083f7d158bb7efc
stage_c_batch12/._configs,,C,other,163,127e4fb7ffb87f87f57a315677dcabcdd994393d42cc555e9083f7d158bb7efc
stage_c_batch12/._fixed_tau.py,,C,other,163,127e4fb7ffb87f87f57a315677dcabcdd994393d42cc555e9083f7d158bb7efc
stage_c_batch12/._manifest.json,,C,other,163,127e4fb7ffb87f87f57a315677dcabcdd994393d42cc555e9083f7d158bb7efc
stage_c_batch12/._preflight.py,,C,other,163,127e4fb7ffb87f87f57a315677dcabcdd994393d42cc555e9083f7d158bb7efc
stage_c_batch12/._stage_c.py,,C,other,163,127e4fb7ffb87f87f57a315677dcabcdd994393d42cc555e9083f7d158bb7efc
stage_c_batch12/._submit_batch.slurm,,C,other,163,127e4fb7ffb87f87f57a315677dcabcdd994393d42cc555e9083f7d158bb7efc
stage_c_batch12/._tau_list.txt,,C,other,163,127e4fb7ffb87f87f57a315677dcabcdd994393d42cc555e9083f7d158bb7efc
stage_c_batch12/._test_fixed_tau.py,,C,other,163,127e4fb7ffb87f87f57a315677dcabcdd994393d42cc555e9083f7d158bb7efc
stage_c_batch12/README.md,,C,other,2278,c045080bbee201dac918bd478396245ebceee818088492cda2a8d6e6a87afef3
stage_c_batch12/configs/._tau00.json,,C,other,163,127e4fb7ffb87f87f57a315677dcabcdd994393d42cc555e9083f7d158bb7efc
stage_c_batch12/configs/._tau05.json,,C,other,163,127e4fb7ffb87f87f57a315677dcabcdd994393d42cc555e9083f7d158bb7efc
stage_c_batch12/configs/._tau11.json,,C,other,163,127e4fb7ffb87f87f57a315677dcabcdd994393d42cc555e9083f7d158bb7efc
stage_c_batch12/configs/._tau22.json,,C,other,163,127e4fb7ffb87f87f57a315677dcabcdd994393d42cc555e9083f7d158bb7efc
stage_c_batch12/configs/._tau25.json,,C,other,163,127e4fb7ffb87f87f57a315677dcabcdd994393d42cc555e9083f7d158bb7efc
stage_c_batch12/configs/._tau44.json,,C,other,163,127e4fb7ffb87f87f57a315677dcabcdd994393d42cc555e9083f7d158bb7efc
stage_c_batch12/configs/._tau50.json,,C,other,163,127e4fb7ffb87f87f57a315677dcabcdd994393d42cc555e9083f7d158bb7efc
stage_c_batch12/configs/._tau55.json,,C,other,163,127e4fb7ffb87f87f57a315677dcabcdd994393d42cc555e9083f7d158bb7efc
stage_c_batch12/configs/._tau56.json,,C,other,163,127e4fb7ffb87f87f57a315677dcabcdd994393d42cc555e9083f7d158bb7efc
stage_c_batch12/configs/._tau68.json,,C,other,163,127e4fb7ffb87f87f57a315677dcabcdd994393d42cc555e9083f7d158bb7efc
stage_c_batch12/configs/._tau73.json,,C,other,163,127e4fb7ffb87f87f57a315677dcabcdd994393d42cc555e9083f7d158bb7efc
stage_c_batch12/configs/._tau99.json,,C,other,163,127e4fb7ffb87f87f57a315677dcabcdd994393d42cc555e9083f7d158bb7efc
stage_c_batch12/configs/tau00.json,,C,other,1735,3ab130758197c3a4fb7fd80b2643b7a8b3723382103651fad9ec4d6b1e647f2d
stage_c_batch12/configs/tau05.json,,C,other,1732,ed6727e390ada013c044e82cde957a6654bee6e04157984592f49bbc6b132d9f
stage_c_batch12/configs/tau11.json,,C,other,1732,387e4f2b1ef6b8e9b300710fe72dcbb1c820862d9f6abc3efa0ebf21d5197454
stage_c_batch12/configs/tau22.json,,C,other,1735,81a3976a4af4b7d2cf9009b80408f8d5200a255e8fc66b96a91119e9c6b33cd8
stage_c_batch12/configs/tau25.json,,C,other,1750,2e24b20d56a45e08a21672bde3135319df06428605393089afbdeed2a25e8499
stage_c_batch12/configs/tau44.json,,C,other,1750,7b5790949bb14c81135a49b06e6dd713a5dcd4cacdf30f1a391f5581b33391aa
stage_c_batch12/configs/tau50.json,,C,other,1750,88bd684ec57ee40bd9a7928c4bce0f2dcf5f59b9fa110402c6ce8923d825cdcd
stage_c_batch12/configs/tau55.json,,C,other,1744,01de15853ce7f6203f172f64af10a09304d9d2a1e5efdef0829380c75c8fcfd9
stage_c_batch12/configs/tau56.json,,C,other,1750,3731e3b67f5f1b695dd2888b854d5ea971f67dba6204ffea3de35173e1df8fbe
stage_c_batch12/configs/tau68.json,,C,other,1750,07f6219a7caa7d53fc04b08f20de1f6a591a85220754e60455ad92fb10e14fd3
stage_c_batch12/configs/tau73.json,,C,other,1735,f9b409dd27203983624a9adf4bf9494f5b6fa7097277bef9ffc84385b0784958
stage_c_batch12/configs/tau99.json,,C,other,1735,d96d1c1053d11ad7621988b1b367a26fd3d6056ee4eaf5f532524a1449dd909a
stage_c_batch12/fixed_tau.py,,C,other,2649,4fbe5edea7857a9cde9c06f35f5e53be9f08f47410e3dbab4762020edb1cf43f
stage_c_batch12/manifest.json,,C,other,4869,ce331ac6e47828e42d3e4d5a86fc7e5fd2336e11233a8efe0b2fcf3ab74c9517
stage_c_batch12/preflight.py,,C,other,3095,a7bc5c67e817fb06e74febe2913c6664505cbbd9b6e1fcc80047f29535366f55
stage_c_batch12/stage_c.py,,C,other,8068,568ee667dfc4ab0d348bda1b856d0354a3a181a7e2b465ad36f149ffb59c641f
stage_c_batch12/submit_batch.slurm,,C,other,688,dfc25422030a56f1855f2f97e460525864f97b0e82cc63c7ab18e4367ef19e28
stage_c_batch12/tauC12_59069400_0.err,,C,other,2976,a9ba8e738ab860647cd29fd3f36bfdc1fa4a013b633cb7685cf27f9d4d1b8bbc
stage_c_batch12/tauC12_59069400_0.out,,C,qe_output,308,93d6c723c7b09d31e0ee7804ab1809d07b0f0e36a4ed931c36534de8955b4294
stage_c_batch12/tauC12_59069400_2.err,,C,other,7593,60bf95272c4cd07a04ac433b42eeb9718bfb9208f5be08137ce761a511f269aa
stage_c_batch12/tauC12_59069400_2.out,,C,qe_output,314,04a4cfb95445e96ec5c8c310b6fa235a1a81a4cf0b9dc892b519ec8507f77d03
stage_c_batch12/tauC12_59069400_3.err,,C,other,2490,9dbc1c895e38a45ec1ad33a252b9572ddc8095157e115e04cd8d9489e5b85ec5
stage_c_batch12/tauC12_59069400_3.out,,C,qe_output,224,e9513810538829a1d76971aff77e5d63f522f622f62105b1905216e5911c46a1
stage_c_batch12/tauC12_59069400_4.err,,C,other,1761,ac926c505629201924f63e27330c020c3e66f0f24da865d5ecacfca6034c41f0
stage_c_batch12/tauC12_59069400_4.out,,C,qe_output,311,ea041f5676bfef85cc4617cad19a994e6a5c2a3d3b1df07c22d7c03fbc993b22
stage_c_batch12/tau_list.txt,,C,other,72,c8edbc0acfc6a2d67c0dbb197f160e20571ad0108fde5e273832736052933168
stage_c_batch12/test_fixed_tau.py,,C,other,2924,71bc70740fc59db3c0eac6ed871b157b68dd45f21864dac0667ac00d52d974aa
stage_c_code/._README.md,,C,other,163,127e4fb7ffb87f87f57a315677dcabcdd994393d42cc555e9083f7d158bb7efc
stage_c_code/._config_tau37.json,,C,other,163,127e4fb7ffb87f87f57a315677dcabcdd994393d42cc555e9083f7d158bb7efc
stage_c_code/._fixed_tau.py,,C,other,163,127e4fb7ffb87f87f57a315677dcabcdd994393d42cc555e9083f7d158bb7efc
stage_c_code/._stage_c.py,,C,other,163,127e4fb7ffb87f87f57a315677dcabcdd994393d42cc555e9083f7d158bb7efc
stage_c_code/._submit_tau37_stage_c.slurm,,C,other,163,127e4fb7ffb87f87f57a315677dcabcdd994393d42cc555e9083f7d158bb7efc
stage_c_code/._test_fixed_tau.py,,C,other,163,127e4fb7ffb87f87f57a315677dcabcdd994393d42cc555e9083f7d158bb7efc
stage_c_code/README.md,,C,other,6896,3ba1815d56da768e441b5cdba32239b916b4bb9ba983bcc4d8ff1af038c9c432
stage_c_code/config_tau37.json,,C,other,1646,fe29fbc54247668fde2589b41ac13ac0a5a28106014ba729d60db32f0f803ccf
stage_c_code/debug_tau37_stage_c_cell.out,,C,qe_output,3071,708bcf9faee5380f318495b50dfc8dcdc47ad189ee0458ae7389ff2b9021a43c
stage_c_code/debug_tau37_stage_c_cell.py,,C,other,2083,d78c588ee3c7e6bba902c8e8a1ab77db447a8955564f4012a6d65ca7b0d4a2e1
stage_c_code/fixed_tau.py,,C,other,2649,3ade24d7427786e5754ff0481e097883b2875fe2a1547db3f9b6224015f5139a
stage_c_code/stage_c.py,,C,other,8068,568ee667dfc4ab0d348bda1b856d0354a3a181a7e2b465ad36f149ffb59c641f
stage_c_code/submit_tau37_stage_c.slurm,,C,other,710,7f50faeb4efeaede80c7927832febfec2cb23e7c8102d8e1b615a4446933d52d
stage_c_code/test_fixed_tau.py,,C,other,2924,71bc70740fc59db3c0eac6ed871b157b68dd45f21864dac0667ac00d52d974aa
stage_c_code_v2/._README.md,,C,other,163,127e4fb7ffb87f87f57a315677dcabcdd994393d42cc555e9083f7d158bb7efc
stage_c_code_v2/._config_tau37.json,,C,other,163,127e4fb7ffb87f87f57a315677dcabcdd994393d42cc555e9083f7d158bb7efc
stage_c_code_v2/._fixed_tau.py,,C,other,163,127e4fb7ffb87f87f57a315677dcabcdd994393d42cc555e9083f7d158bb7efc
stage_c_code_v2/._stage_c.py,,C,other,163,127e4fb7ffb87f87f57a315677dcabcdd994393d42cc555e9083f7d158bb7efc
stage_c_code_v2/._submit_tau37_stage_c.slurm,,C,other,163,127e4fb7ffb87f87f57a315677dcabcdd994393d42cc555e9083f7d158bb7efc
stage_c_code_v2/._submit_tau37_stage_c_resume.slurm,,C,other,163,127e4fb7ffb87f87f57a315677dcabcdd994393d42cc555e9083f7d158bb7efc
stage_c_code_v2/._test_fixed_tau.py,,C,other,163,127e4fb7ffb87f87f57a315677dcabcdd994393d42cc555e9083f7d158bb7efc
stage_c_code_v2/README.md,,C,other,6980,5a9445fa1a34d3af3c3d527b7cd379b04de2ee463ed824b70be25aff3bbaf04b
stage_c_code_v2/config_tau37.json,,C,other,1646,fe29fbc54247668fde2589b41ac13ac0a5a28106014ba729d60db32f0f803ccf
stage_c_code_v2/fixed_tau.py,,C,other,2649,4fbe5edea7857a9cde9c06f35f5e53be9f08f47410e3dbab4762020edb1cf43f
stage_c_code_v2/stage_c.py,,C,other,8068,568ee667dfc4ab0d348bda1b856d0354a3a181a7e2b465ad36f149ffb59c641f
stage_c_code_v2/submit_tau37_stage_c.slurm,,C,other,710,7f50faeb4efeaede80c7927832febfec2cb23e7c8102d8e1b615a4446933d52d
stage_c_code_v2/submit_tau37_stage_c_resume.slurm,,C,other,819,a85f88206b3bc7248b59d1b9295007a4fef3baeefb3474a976be874027270926
stage_c_code_v2/tau37_fire_58862233.err,,C,other,8505,001bff5e10f9975daefdf4e4c919a7e1be32b0b90e35c7b87b55d865c79eff00
stage_c_code_v2/tau37_fire_58862233.out,,C,qe_output,89,8f7b9aada727235525c37477481a38b593c339b4401bb9d4f67174354a125e20
stage_c_code_v2/test_fixed_tau.py,,C,other,2924,71bc70740fc59db3c0eac6ed871b157b68dd45f21864dac0667ac00d52d974aa
submit_tau44_tau56_restart3.slurm,,,other,1077,4a1f7d5ab29cc25bc3c449f08ce097f183f8efd43b6f533efa165ec0124d350c
submit_tau55_restart2.slurm,,,other,931,12b985fafe1f294649a0bf22a426f773b96463ed84e280f446a01da0b6adffc2
submit_tau55_restart3.slurm,,,other,538,4ef336f146dcb63941e706207f8ab2382b8241c881082986f928a60ce7b035a7
submit_tau55_tight_zrelax.slurm,,,other,795,cd0998fb35df1c7b7b3a4cbb3aa5acb43b6d9d9c734887c2a1d44f050f105f65
tau00/POSCAR_tau00.vasp,tau00,,other,661,2ef61a192a80310ca04de47ddc814150f5a05ff1f04d3a828681ccf761d51596
tau00/pw2wan_tau00.in,tau00,,qe_input,149,a6386cd286401a6632e6c4b97371bc143baead3a9889d363da6a0b1943efc3f9
tau00/stage_c_batch12_attempt01/config.json,tau00,C,stage_c_record,1735,3ab130758197c3a4fb7fd80b2643b7a8b3723382103651fad9ec4d6b1e647f2d
tau00/stage_c_batch12_attempt01/fire.log,tau00,C,stage_c_record,674,b9a982a7af192d0eb74aaac9b3097b8262f121bb9d8cdef3450bf0f7465360d3
tau00/stage_c_batch12_attempt01/fire_restart.json,tau00,C,other,768,970d1ca59767a080715cb02a52fd80c7b59bc77dcddef60ea8bf6d28e180d446
tau00/stage_c_batch12_attempt01/provenance.json,tau00,C,stage_c_record,591,6de4d064fdc71f4e6e5c185f625f4210b76c4c5965a9f2fe40132e04f2c7be1d
tau00/stage_c_batch12_attempt01/status.json,tau00,C,stage_c_record,39,e1aa20b4c495ab473a71ac950c9bba4eb2b910d16290233206320ad728d3c027
tau00/stage_c_batch12_attempt01/step_00000.traj,tau00,C,ase_trajectory,1030,964e780ba6dd72a508476bdfabb368c564382743eefca07b592a465bdd0a6abd
tau00/stage_c_batch12_attempt01/step_00001.traj,tau00,C,ase_trajectory,1030,c5e8bfdba83dc6c6b2ef3e8a7b187f01f467ea06ee7a8fc7799019166834e9ec
tau00/stage_c_batch12_attempt01/step_00002.traj,tau00,C,ase_trajectory,1030,e8ec2b4274f32e1733472b82124ae646e0863fccf483b951e6f1cc0e10fc434c
tau00/stage_c_batch12_attempt01/step_00003.traj,tau00,C,ase_trajectory,1030,02251b63c4c22fb6c18565a7a6d40227d5358f92285ca49608274f450b240144
tau00/stage_c_batch12_attempt01/step_00004.traj,tau00,C,ase_trajectory,1029,acdb7603d08f3ef408f23be61c6d73ca286b4768e2fe19a012182b35a6ce82d0
tau00/stage_c_batch12_attempt01/step_00005.traj,tau00,C,ase_trajectory,1030,ffcd8ca10fa773830b73039d6d92ea5b3389a581e26051cbbd6c2e70c8bd2853
tau00/stage_c_batch12_attempt01/step_00006.traj,tau00,C,ase_trajectory,1030,9ca5b25fa49356ca3d38ac64e66fd702d387d00e4f09b2b546bc24f9114e0c3c
tau00/stage_c_batch12_attempt01/step_00007.traj,tau00,C,ase_trajectory,1030,20b55a015b24295b5ed513ccbca57433615bedf70de825035d5f63b41bd6289f
tau00/stage_c_batch12_attempt01/step_00008.traj,tau00,C,ase_trajectory,1030,d1472776de73df4310f6bed142c88cd075fe52ad28c14f33a4f6f6117ff433f7
tau00/stage_c_batch12_attempt01/step_00009.traj,tau00,C,ase_trajectory,1030,14cdb56aee53e6fde011bddbbb01c1019f24a0dfed6fcbf8e6ed967068c13d0b
tau00/stage_c_batch12_attempt01/step_00010.traj,tau00,C,ase_trajectory,1029,e40dbe5095e558eaeb46542a5ddc340b57f81db24ba4eeed7a091dbec12ccf19
tau00/stage_c_batch12_attempt01/step_00011.traj,tau00,C,ase_trajectory,1029,fc94904aeff27bdf899df3fabebb0872947b7b7e633d61cea3b0bf4f2427fcb0
tau00/stage_c_batch12_attempt01/validation.jsonl,tau00,C,stage_c_record,3969,fc52d49d2917859486ef987741173b49b3527622eeb10624ca2fdfe3e1b94bca
tau00/sto_bi_tau00.nscf.in,tau00,,qe_input,4482,cd1c9fa8e9a567759704ff2392bc4bc5cf23170e287b6f750df5f59216e53d4c
tau00/sto_bi_tau00.scf.in,tau00,A,qe_input,1324,60c4f5ed8c84bdd95fb418755a80c09a69d38f8d322696ac8729793f2415d61e
tau00/sto_bi_tau00.scf.in.bak,tau00,A,other,1298,aa35b6fa7d71ed69bdedbd1be12d103af8bf78b6ca10670ab82f77636322c33d
tau00/sto_bi_tau00.scf.out,tau00,A,qe_output,136647,8c15e090b34fd47694ec9e2ff6588695542be57acf98ebd300a516ec5891be2f
tau00/sto_bi_tau00.vertical_relax.in,tau00,B,qe_input,1677,524ac5ba1de269db4eb4f7f25b948899fb33451088572c49bdf9df3b4e871eeb
tau00/sto_bi_tau00.vertical_relax.out,tau00,B,qe_output,98119,aeb4686de78d57802d3247c409f13cca91a68b06fc75d1835ad4d8c7d4422587
tau00/sto_bi_tau00.vertical_relax_8h.in,tau00,B,qe_input,1676,ab26ec943f74864492ca530825e4eeb0d0f408aff0760239f3d2519ef2c05a7a
tau00/sto_bi_tau00.vertical_relax_8h.out,tau00,B,qe_output,102777,c6942cbfb8f6375bc1a6b1f199f6bb87df15c815c994438eddee4085eb2e57f6
tau00/sto_bi_tau00.win,tau00,,other,3645,189019c387ebfdf00272cc24e0da8e3c2fcf274870d4fc9880ffd11c4d5595df
tau00/vertical_relax_wrapper.log,tau00,B,other,152,b6520979152a06d4b6f59564c5ec330d14fca2a82e11a18f1ee0b8d4886cbbd3
tau01/pw2wan_tau01.in,tau01,,qe_input,149,b1e053b25996c3faaf768832641f9de9ed69a94510978ee00a130aa30868f6eb
tau01/sto_bi_tau01.nscf.in,tau01,,qe_input,4482,d30f566c78d697c6c542528b089cdaa460061177de27021e976b2c8f56d627af
tau01/sto_bi_tau01.scf.in,tau01,A,qe_input,1324,f57e5b9dcb18b6ae2bff2a62224a98461fb6a25be1c635816a0aac5c32765185
tau01/sto_bi_tau01.scf.in.bak,tau01,A,other,1298,27420463d6bd7e8e2fefeb333de54cba9e3a3577c6ff8886ae4ab76fd106f5e4
tau01/sto_bi_tau01.scf.out,tau01,A,qe_output,140147,523ff56f08911a4512d8e603c052423562c59af4d68304b2a73f2055780c9e1a
tau01/sto_bi_tau01.vertical_relax.in,tau01,B,qe_input,1677,b0fe4e9161ff9088fad57356048a24b087532e01bfe7613b04df477c7736b56a
tau01/sto_bi_tau01.vertical_relax.out,tau01,B,qe_output,1188506,c6c65cfc3debdc67253dcda6d43053a5b534e86d2dd0763c411869ad2a1c65ea
tau01/sto_bi_tau01.vertical_relax_8h.in,tau01,B,qe_input,1676,215a65123b00db61391b37f05b6a1a9494c3f52fe0f4d5c99bc3e857c35fe137
tau01/sto_bi_tau01.vertical_relax_8h.out,tau01,B,qe_output,1335720,3678e299ecbb83ba300f88780893b2279b02288057057437f5f18b503813a575
tau01/sto_bi_tau01.win,tau01,,other,3645,06d2d10c33161b8dd90b7df6259bc09a55f3d0815583fb3db22c65e023b21737
tau01/vertical_relax_wrapper.log,tau01,B,other,152,95ffd0bc3be5a019ce3409b43aeaaa60d43de64f10ffe0f4d5196c2a5afdf53f
tau02/pw2wan_tau02.in,tau02,,qe_input,149,04aada5515c143db49dcad6ec489a5c9a4fe135d5d11206086884c7685720a63
tau02/sto_bi_tau02.nscf.in,tau02,,qe_input,4482,14ab698b35688937c4f75f3ab6d1bcbc6f086ee289caa28e4d1c549b23af33ef
tau02/sto_bi_tau02.scf.in,tau02,A,qe_input,1324,de746c66f95f40b279a132bea7ecdd7fe41daba54f41e8d149f8b4d1256c956a
tau02/sto_bi_tau02.scf.in.bak,tau02,A,other,1298,259990a1c8c0d3676c1eb027d681257ecfefe52b70d5c28f86c1b5e386887dd0
tau02/sto_bi_tau02.scf.out,tau02,A,qe_output,144369,031d3eaba2485415cd6f0e677b4605b5d81f5df3d9b545f461428c95795e187a
tau02/sto_bi_tau02.vertical_relax.in,tau02,B,qe_input,1677,25519ee2545222a55d3d3f47171814d8bde41c3a0269a9669d2a03cb6adc181f
tau02/sto_bi_tau02.vertical_relax.out,tau02,B,qe_output,1664512,081daf526b8dd492c31db971bf0de5ad282b58f3e824435344944addbfe73996
tau02/sto_bi_tau02.vertical_relax_8h.in,tau02,B,qe_input,1676,1f4cccbc8e9d48b3840695fd917808224ba014fb87e0c86d13b1996691d64774
tau02/sto_bi_tau02.vertical_relax_8h.out,tau02,B,qe_output,1724515,1e97073de8edcb19c5fabf393243116b349a6f5c22f8405bcc03c77a321ba254
tau02/sto_bi_tau02.win,tau02,,other,3645,53a5f844ba7fdeeada3f6d72c010db949a50601f00165e1e231ddfb92e2eb7cb
tau02/vertical_relax_wrapper.log,tau02,B,other,152,6ed31e707ffb64a9e6b206748269b596bc7ffea2e10650cfbddf660014b0de90
tau03/pw2wan_tau03.in,tau03,,qe_input,149,fbf8bdbf64988a83bce8702ad86b1fa5cb3db20c2b900ec876fb1f9597890dd4
tau03/sto_bi_tau03.nscf.in,tau03,,qe_input,4482,40b4b541b927d2d8aa8adaa2a66cb27b0cd19ee4c69ab1702be317046a06de72
tau03/sto_bi_tau03.scf.in,tau03,A,qe_input,1324,26cec3199c9ce1bc3601ff01b064899ff8fd8c20eb1db61cd065f5f81bc35de2
tau03/sto_bi_tau03.scf.in.bak,tau03,A,other,1298,74cd9f9ba8947ca42b91e8fcc177af154394488fc7f10653dd99c2cf82c23710
tau03/sto_bi_tau03.scf.out,tau03,A,qe_output,194401,11948a3e5013b6baf6fd3f67f2b79b7a6c76fb1a99c23f2d3022217189948d01
tau03/sto_bi_tau03.vertical_relax.in,tau03,B,qe_input,1677,cf6c7e8dbe26f2673f540c5541acbf6bb0f99b82f136a83d85c3712e85e079fc
tau03/sto_bi_tau03.vertical_relax.out,tau03,B,qe_output,1854800,c60eade55b2900bbe019f4bfd204c4bbde0111431dd0d7aad59cad8f7e21c755
tau03/sto_bi_tau03.vertical_relax_8h.in,tau03,B,qe_input,1676,6ae50bea1fd9ba5c54b805c097c966a85e962d4368909b28799f86ced2b20b96
tau03/sto_bi_tau03.vertical_relax_8h.out,tau03,B,qe_output,1957249,1cfb0e4153ff904827a4730f468848188fb5f040b83dab176668674dc9303b99
tau03/sto_bi_tau03.win,tau03,,other,3645,31a5c1afe7a26f390fb842c5966ecdc8d3a1524a68452d2c65280976d55ce222
tau03/vertical_relax_wrapper.log,tau03,B,other,101,f414f0de60dd2f0bcdeb56217c7cb30b97288bf4c6c2638e28b40052427db0e3
tau04/pw2wan_tau04.in,tau04,,qe_input,149,1d318262824a110022ee8844c76195a22c0fd751d870a339ec3c78920f42a208
tau04/sto_bi_tau04.nscf.in,tau04,,qe_input,4482,14762d97c9124a981d6bd8e257ce62fba13538a5a742e541821454970397e90a
tau04/sto_bi_tau04.scf.in,tau04,A,qe_input,1324,cb63ebc3083601f4514693162d88b6bb83e497161fd9b404bfdf55df70ce5ad9
tau04/sto_bi_tau04.scf.in.bak,tau04,A,other,1298,290dee82fe2bc30ab7fe2ad709f6406c6ca16196b1c74a65a474d46a9e2f4457
tau04/sto_bi_tau04.scf.out,tau04,A,qe_output,173777,b942a5c54f97413e03909f8a0118462ecbdfec017950260ffc9b12772d3e6e26
tau04/sto_bi_tau04.vertical_relax.in,tau04,B,qe_input,1677,dba2691a3ba7540dfc667affb172a62163ceca56636a03cae065977b3776a204
tau04/sto_bi_tau04.vertical_relax.out,tau04,B,qe_output,1988915,4d90411c5bc87a61390d4aa61c2c8d86beb0cd3e4335b78712b0d853d5a0c301
tau04/sto_bi_tau04.vertical_relax_8h.in,tau04,B,qe_input,1676,18de1e78fa9b761c5543f4a75677bb64487042a3d021a9e8732f16838c39ddf4
tau04/sto_bi_tau04.vertical_relax_8h.out,tau04,B,qe_output,2031564,97676ca065ae4d1e494b96dd20cf33082920d219f2d0a30db9d9938d143097b7
tau04/sto_bi_tau04.win,tau04,,other,3645,5ff17dfd4bbd948cd816dde59358e564aee34aa589bee4ab87830e01721b19e0
tau04/vertical_relax_wrapper.log,tau04,B,other,160,e450604ef97e70b9339cd732e33f0bb30aeff6ce74ef7d0279a1f2aee76d557b
tau05/pw2wan_tau05.in,tau05,,qe_input,149,1d871b2062b16ffc0ae7fc10d406fd17cd0ffd0cc7ec02ecba1cf319ad86c3d0
tau05/sto_bi_tau05.nscf.in,tau05,,qe_input,4482,86cd2d051c5fa76a79ba08382211c1988f8eaad8d3b3962b0c25dbaadb292824
tau05/sto_bi_tau05.scf.in,tau05,A,qe_input,1324,0b5e51a3342dd7929f2144aef05e96c3a49977cb558af14e0750b64bfd46fbca
tau05/sto_bi_tau05.scf.in.bak,tau05,A,other,1298,7718f4315311f49754128c713c854caa29e538466e165eef1939713fa2f26c38
tau05/sto_bi_tau05.scf.out,tau05,A,qe_output,155336,27fbb82759bb001a9596361c5b80e0922f6c6cdd30fdaf60e321b74b106c9e6d
tau05/sto_bi_tau05.vertical_relax.in,tau05,B,qe_input,1677,deb7b5527ef783da2f3f27ef119737ff9907a59993a59bd5cc40389911ec8b4e
tau05/sto_bi_tau05.vertical_relax.out,tau05,B,qe_output,2052643,052af46f6f63773105de836b567db124c55a5e5e3659b88520723e3b86c5dea7
tau05/sto_bi_tau05.vertical_relax_8h.in,tau05,B,qe_input,1676,00981aa817524cfdc825b912d63786a275561bd4697c3bf0295a4b89f1851a4a
tau05/sto_bi_tau05.vertical_relax_8h.out,tau05,B,qe_output,2040752,bae5f634ebcf67594d2985b80ce844cfaf90aaedb990fb2fbbf142295705b8df
tau05/sto_bi_tau05.win,tau05,,other,3645,0d65dddb131bd1a12a7f48f7b2f169dbd6838fd67d72260fc267be18e7fb771d
tau05/vertical_relax_wrapper.log,tau05,B,other,160,f75705cdf246e5010cc036da4fe7f473cdf562e3ad8b68530b31db3c658ab6d2
tau06/pw2wan_tau06.in,tau06,,qe_input,149,525912c2233c318846b204971e74277412c1dae79f79e4b08c1aebb308475337
tau06/sto_bi_tau06.nscf.in,tau06,,qe_input,4482,9627fd715962e2234a6f221e07cadc3d4e27bccac03f9198afc60bae33bad36d
tau06/sto_bi_tau06.scf.in,tau06,A,qe_input,1324,99c9329c1c87d30f58ade814ced15a74b0e0d630f830f158a4c59e36ff89738d
tau06/sto_bi_tau06.scf.in.bak,tau06,A,other,1298,04bcb0b216b3dec6913ac8c431daed832523beac97219f1cbcbadaa0c5b80173
tau06/sto_bi_tau06.scf.out,tau06,A,qe_output,162018,6bbd9a80615b0bf634d65ee6f37b07402db1e9e0be2cd7016b2e1481d0274ef0
tau06/sto_bi_tau06.vertical_relax.in,tau06,B,qe_input,1677,c9bfb008eb7fc773168d82634b03ac350035fc941fc429ee6627a7fb433e5462
tau06/sto_bi_tau06.vertical_relax.out,tau06,B,qe_output,1950514,e5def5791344c561ebe83f42131325c048ea89ec71e27e636a7ac7f4493ebf18
tau06/sto_bi_tau06.vertical_relax_8h.in,tau06,B,qe_input,1676,74b3b9df16a8091f5ad7c00bb0a83ebcc85d00f5751383e856eb9371000e83b2
tau06/sto_bi_tau06.vertical_relax_8h.out,tau06,B,qe_output,1992384,5397747cf84d39c0fe7864dfd98ea936c9217eab7da30cf7576e58904d6339f7
tau06/sto_bi_tau06.win,tau06,,other,3645,f2595e9a80e5acd9fe1c4ba2b18828807e58b16647e96b6e46075b943f830b5c
tau06/vertical_relax_wrapper.log,tau06,B,other,160,7b7c1f19538ab9f15a7994a729d64d08a78db39eab938cd767138af191ec962c
tau07/pw2wan_tau07.in,tau07,,qe_input,149,3573e3cdb7ea374412d6a97103792253b25da9aa8e2332d194f9d4acf040e8ed
tau07/sto_bi_tau07.nscf.in,tau07,,qe_input,4482,e635bedc97445b2121ff8f46641f25740abb06d7125ba9df6415afeb1e8d8e09
tau07/sto_bi_tau07.scf.in,tau07,A,qe_input,1324,969ac9e25c1d5895c2ea7933e22ef95fd3a8c8411753ecdf0e56bd66607a26cb
tau07/sto_bi_tau07.scf.in.bak,tau07,A,other,1298,5c61bc0160ff73b9ef75e8f74058157a22dc738b8046585e1b3bf9a9ff5cca27
tau07/sto_bi_tau07.scf.out,tau07,A,qe_output,190390,f1eea7cd7eb3b097fde60b131145743ccd997658f9b2d8a254bac093bf173fec
tau07/sto_bi_tau07.vertical_relax.in,tau07,B,qe_input,1677,5891af5f97d7cf19a04956bb72aed8f4a7f6417af783c977f3cbc85611de5ff6
tau07/sto_bi_tau07.vertical_relax.out,tau07,B,qe_output,1867971,6d3a63077602f4434a011744e195ce63baf651a29a8fb6fc2b46759b14dfcb16
tau07/sto_bi_tau07.vertical_relax_8h.in,tau07,B,qe_input,1676,e88e58cd1bef17a02923a6ec889381487ae613a951d013a194f01cb91033ce5d
tau07/sto_bi_tau07.vertical_relax_8h.out,tau07,B,qe_output,1952209,08cab6ee42a384c5e8cccf22295862d47f53996785435bd3243b4b06edbde29a
tau07/sto_bi_tau07.win,tau07,,other,3645,572df5583314e60d7f8be490b9bbfd4bd42606c51897d9ee0a3191148f21da0a
tau07/vertical_relax_wrapper.log,tau07,B,other,101,1db211f276228b3590c21fce99c7b9c7e6c91e387c6aadd653f5b8ff9d503733
tau08/pw2wan_tau08.in,tau08,,qe_input,149,be4e0f268785cc03021115bab22f20207a5fe0340946ea4048ef4903dc84ef5c
tau08/sto_bi_tau08.nscf.in,tau08,,qe_input,4482,32943aba0370e290823291a90d2009ec8e05d92230daabee806d690049c65afa
tau08/sto_bi_tau08.scf.in,tau08,A,qe_input,1324,dce8d28459caf30a2be5764392b212c6ee8e09e8d415bbc60ca3bdf8f4f7fc8e
tau08/sto_bi_tau08.scf.in.bak,tau08,A,other,1298,6c916899a70d082288b5f13317caa30a7663bdbd45bce90ec4eaa960d4714704
tau08/sto_bi_tau08.scf.out,tau08,A,qe_output,159679,4fd16ec63434cfe9703cbf9b812acc75a643b180d61e3b33ef43edfe2227c0d5
tau08/sto_bi_tau08.vertical_relax.in,tau08,B,qe_input,1677,b683744c835423ed427184189eadfbeea5a1df904a140f8d7a66aadb7304c464
tau08/sto_bi_tau08.vertical_relax.out,tau08,B,qe_output,1642458,74b9d1984aff86bda74122637b8da37183f56e1493f488af4b3ba70db39f7a22
tau08/sto_bi_tau08.vertical_relax_8h.in,tau08,B,qe_input,1676,4606db6edff37f68e9e45f5496b5f2a0c7857da1c12e2d3e6b4223c8770cfde9
tau08/sto_bi_tau08.win,tau08,,other,3645,19fd8e0645510ebad189b71eb4038f553daef2cbdd337670593c2f7359a89544
tau08/vertical_relax_wrapper.log,tau08,B,other,152,9985fe86f9b08715e211c951c153c5294acf648f0b84fcc7bdaac6c9d3252c84
tau09/pw2wan_tau09.in,tau09,,qe_input,149,7633ddfff077aef9ae9a6025c8d85d4d554daf577f5fd484fba8951f1ea7ea8e
tau09/sto_bi_tau09.nscf.in,tau09,,qe_input,4482,f46c6ddc36bd5d31204e51d0c8613619623aaf94d792796f67f110d39439bff9
tau09/sto_bi_tau09.scf.in,tau09,A,qe_input,1324,339eaad9759a24943c56d4f6dcffeb8bc575d8be67b9457120644fedfe5632f8
tau09/sto_bi_tau09.scf.in.bak,tau09,A,other,1298,4b3a486dd0f95ddfba8e983c2cc478900af9584b1535bd63c561c65c42aa5726
tau09/sto_bi_tau09.scf.out,tau09,A,qe_output,150784,9ee27b50d93fe19faf5eada08112767e5ea246090dd9098829b9b19884db50ff
tau09/sto_bi_tau09.vertical_relax.in,tau09,B,qe_input,1677,4274e0c54743b9cd90942081d3dd699d109a3fb5cbc11a80fadaaadc43864045
tau09/sto_bi_tau09.vertical_relax.out,tau09,B,qe_output,1215017,5daaf06afd841c1d705d8b841499f6023c1936733669eb9c3df42b058a0f00fc
tau09/sto_bi_tau09.vertical_relax_8h.in,tau09,B,qe_input,1676,e0b78f6f21c0150d6574d92b59f28a39d691e8ca4feb85a246eccc2afe8b8050
tau09/sto_bi_tau09.win,tau09,,other,3645,c1ce73bbf36ffb49797dce63c778cf1a8f3b9e90a1200b5d1c56f7e9be7f7583
tau09/vertical_relax_wrapper.log,tau09,B,other,152,502fa816d26288e82fc3a5c889fbe6120b3ef96541fcef6bfc861736b2511940
tau10/pw2wan_tau10.in,tau10,,qe_input,149,4e044cd7270c839b0ca849a1c478755f69730632146201fe5c44343d14a482b4
tau10/sto_bi_tau10.nscf.in,tau10,,qe_input,4482,89fb93fca0c6a6eee871b1f8e4ff0067f89d4d1c99c2f3daa41bf8f09f34c663
tau10/sto_bi_tau10.scf.in,tau10,A,qe_input,1324,754ee4ecfb4033711eef1ba72bf8fd6157e9ccfa22bdde348053a49f3e67da90
tau10/sto_bi_tau10.scf.in.bak,tau10,A,other,1298,43b97990becb730c223fd9eaddbb06198ef6ee228094f0731951b954605ac162
tau10/sto_bi_tau10.scf.out,tau10,A,qe_output,136776,e8de638d3562927019cf424c876d2d91c46f1d9b5e3e4bad8e8e2af65cb4cc04
tau10/sto_bi_tau10.vertical_relax.in,tau10,B,qe_input,1677,6681f1d35970c735f389a3255ceaaae31cb042654f05028251a42c8cf51aad11
tau10/sto_bi_tau10.vertical_relax.out,tau10,B,qe_output,1208754,679bbe9ff02cc523dd756c76d53c57daaa5a0c67e2a07dc01fe2a642bd6a1e16
tau10/sto_bi_tau10.vertical_relax_8h.in,tau10,B,qe_input,1676,91b3ca68110781135db40fcddbab40909560fccb0be03804137220ee9b58d98b
tau10/sto_bi_tau10.win,tau10,,other,3645,777f9c29348a63d8043f21d9d300d8a2c7f8cebce284c019d04199c182f4a302
tau10/vertical_relax_wrapper.log,tau10,B,other,152,a8ebddeb35de51da20508d7655cfb92664260f5dbed50245723503ef4471bb5e
tau10x10_auto_pipeline/README_AUTO_PIPELINE.md,,,other,1298,1f475c1d699d630c2628627a345e778bc54d0efbddbc8705757461d3bba06928
tau10x10_auto_pipeline/pipeline_status.py,,,other,836,72c3e129a96ed77607bab9afc29fd2564863becf115920a63104fdae0f32f71a
tau10x10_auto_pipeline/relax_one_tau.slurm,,,other,1869,2b7c955cee52ddbad5ec5e66002b17acc0fc99d469d04e45e91f8068e8ca20dc
tau10x10_auto_pipeline/tau_scf_groups_auto.slurm,,,other,3442,b9e1be4bd7255e0a91f550d298a59f5ff02f6045097597a0e8968758143fdfaa
tau10x10_auto_pipeline.zip,,,other,4206,0030d64b288e0e642e3c9a2a69f7a1beefc9d354e0d92b9e527bc5ec626ef7f6
tau10x10_workflow/README.md,,,other,1831,22c402cbef9ba2839d717408dcc624838ad7f06b280874b81f1b48d36b2c1b93
tau10x10_workflow/audit_tau_scf.py,,,other,1378,2c634b8d245635d16f86797897ef67fabf6a958881435cd850ad51f2b8ce1023
tau10x10_workflow/make_tau_relax_inputs.py,,,other,1458,02ba127250d9de5c90b1654a8725cf3fc7e6d1ab6dc754a3d2bd08a2631c5ab3
tau10x10_workflow/merge_qe_relax_trajectory.py,,,other,2214,cafa3b849e89b58dfde69f7db1531f3d39365a9e691aa1712e7e6f2f8c0a0e63
tau10x10_workflow/prepare_tau_inputs.py,,,other,4165,63efe61da37374342a9359f310bd2643e6c93c39fb8d037a20fbca5272bc13ff
tau10x10_workflow/tau_scf_groups.slurm,,,other,1199,7d22b11404835ee062cc790ca79858ec699027d9f39eed007535f1ec1fe37561
tau10x10_workflow.zip,,,other,7431,42b0f3c34366ad2a16a86c2f99b47dd6c6ffe2bdbb0d875905fbf457a5f81028
tau11/pw2wan_tau11.in,tau11,,qe_input,149,4cbce25e42fcbdcfabac6a21fe24f07755dcdfe0c6d3462717f3b69ca943503c
tau11/sto_bi_tau11.nscf.in,tau11,,qe_input,4482,ef929c2d5c683f08a83a21a834435487f0310a6e00df7b4633e42d874dcd081b
tau11/sto_bi_tau11.scf.in,tau11,A,qe_input,1324,b4ec72f40595e9bc1d79ad75272b3e1641315c5e02f9a966883df38484cb6239
tau11/sto_bi_tau11.scf.in.bak,tau11,A,other,1298,ab9f5c6703295889c4f8c1968a0a7bd6ee7cb7c3e0d9601803da16ea9397dd35
tau11/sto_bi_tau11.scf.out,tau11,A,qe_output,136670,80602ff2b03c81ea714c4a1fb7f26be69c9f72ea0fbd68c948261aeacb4bcd47
tau11/sto_bi_tau11.vertical_relax.in,tau11,B,qe_input,1677,688ff8f99ed0b9698d1b66aba2619059cdce313d0957c21ab584c35a46d4520a
tau11/sto_bi_tau11.vertical_relax.out,tau11,B,qe_output,1213330,2e578d924bbeb925e1a94a49ac17aad8cf0bd3cb75085254a33ca3599b899c15
tau11/sto_bi_tau11.vertical_relax_8h.in,tau11,B,qe_input,1676,000f84ebefcb6be14b0e51eb5cb3c622db79744ee1e2c4dc1c0b6e9e98941358
tau11/sto_bi_tau11.win,tau11,,other,3645,6df676c7dc4f4569d28a2163e0dbafda29358041785cb4cbe143f1ce5c91bdf1
tau11/vertical_relax_wrapper.log,tau11,B,other,152,cf852246390329ddcecda5e676030e8fde3b93fd0b290059e84550ac529fee1c
tau12/pw2wan_tau12.in,tau12,,qe_input,149,8aabf7aeb87305ca9970d6b1aceb9da9097f37b3d99c913b952efa81b514ef86
tau12/sto_bi_tau12.nscf.in,tau12,,qe_input,4482,27c91aceebb4f4a7c8c29be9f1a88b84322fe97bdc920baa18c9b40820475954
tau12/sto_bi_tau12.scf.in,tau12,A,qe_input,1324,6fde458d0945d4330af13c369a32e30af75630088338cc9da17a45ce6bea38b9
tau12/sto_bi_tau12.scf.in.bak,tau12,A,other,1298,00ad46bf37b0399cb45a7b9b0ad32bc153865d61966eb9ab0670dfbc4318f4ab
tau12/sto_bi_tau12.scf.out,tau12,A,qe_output,155084,92a52d328d345d1ca36e6fec154a6fddc20995464bde2aa06f3b58e38e9dcf5e
tau12/sto_bi_tau12.vertical_relax.in,tau12,B,qe_input,1677,9ec6f8b1edb2c806e46e3d594ec2e20fe9ab219c6dcd876abb5b43011c980f62
tau12/sto_bi_tau12.vertical_relax.out,tau12,B,qe_output,1635209,0bf2edc88d0fb6879aee331f21ff6544ed87ccec03de23ee14dfb984af76244c
tau12/sto_bi_tau12.vertical_relax_8h.in,tau12,B,qe_input,1676,bc29cbf107e552f53b02bd2b2640e0a34716b8370469d4a76fe189b34e50c27f
tau12/sto_bi_tau12.win,tau12,,other,3645,91624fb51b13f0281fbc1b0cfb234156bad4f39cecd846612e7203c8b87573cc
tau12/vertical_relax_wrapper.log,tau12,B,other,152,9c2a48708858fd3aaa74f4d0713d319b1f21fa36441c9c5293a7a33e69f57d34
tau13/pw2wan_tau13.in,tau13,,qe_input,149,7beffc758ec8aa9c537c23e672ec4453ce65aabd9e45094f8d743aa51fa5b395
tau13/sto_bi_tau13.nscf.in,tau13,,qe_input,4482,fb2ef3e7df1ac461ba7dfde5c260920532bb7fc7d90c2e7d5e683f9433407cdc
tau13/sto_bi_tau13.scf.in,tau13,A,qe_input,1324,cf7af215cd327adbcec2ad6374d98dc01de26442cc2f78ea946d17180d5e3dc4
tau13/sto_bi_tau13.scf.in.bak,tau13,A,other,1298,0340b0018b671aeec00cfef6180dd138b68d7cd5b3654f6e9e1194bb8b254898
tau13/sto_bi_tau13.scf.out,tau13,A,qe_output,173469,92c26f52f33fe83624b477328c0a4b1ff6405e97f047c60d292bb4efff91de5f
tau13/sto_bi_tau13.vertical_relax.in,tau13,B,qe_input,1677,a8571048d03d6aa4230a9fffbe183abff8d5be4ba3bd320e5814bb4dec96cbc3
tau13/sto_bi_tau13.vertical_relax.out,tau13,B,qe_output,1949674,74bc298b2d712365f9e2f0925910d8cc278f88497cf5fbb83b63c511b4209637
tau13/sto_bi_tau13.vertical_relax_8h.in,tau13,B,qe_input,1676,7028d5bb5670fcd844f887f9892ce38988b3549fce47ff16ae548f6772789df9
tau13/sto_bi_tau13.win,tau13,,other,3645,e8eedc6978c3ab7d9f32a6827a86eeb46c11c5d1e7574a2c9cf2b57d03cbacb7
tau13/vertical_relax_wrapper.log,tau13,B,other,152,a23d90dcc18afb40477c537ed524a0c261f985e93119fae69116ec2ed69bb6f7
tau14/pw2wan_tau14.in,tau14,,qe_input,149,0b9762c9d07227fcb45215bd86ea5f29bdba440ead588bbaed07fc8327e29001
tau14/sto_bi_tau14.nscf.in,tau14,,qe_input,4482,f21a91ebfc0670ae2c33b1a81cd78f36610ef3737151c76c3a0ee3b515a3eb98
tau14/sto_bi_tau14.scf.in,tau14,A,qe_input,1324,45e83991ab0f754cbb28af512f30c4e68c9749af427364d05bdc1f4a3099c167
tau14/sto_bi_tau14.scf.in.bak,tau14,A,other,1298,bdf6a905361e8a79eac5b0a0250fe599924697dfa975bddc45c898fb0202f8ff
tau14/sto_bi_tau14.scf.out,tau14,A,qe_output,153886,80355c2c7745bb287c6d086f739764fc91aafc9a5924e8aeb802d76eca125ff3
tau14/sto_bi_tau14.vertical_relax.in,tau14,B,qe_input,1677,80e912e6ca8ca26d71df81d95204aa30692a0a553b2e6c0f9d12db7692c4f175
tau14/sto_bi_tau14.vertical_relax.out,tau14,B,qe_output,2063538,29cedd23523e56b88b2540e5a9b34bf2ef47a44f948f52136d47cbd52cc090fd
tau14/sto_bi_tau14.vertical_relax_8h.in,tau14,B,qe_input,1676,6bb009c728613a247a2c592a39662c3f7a335e1c4807bf4edf32fd2f993f2c1e
tau14/sto_bi_tau14.win,tau14,,other,3645,0cbfeea683628c88c666d545a4f9d7d670540f76d665226d528e0b36ae0d8f44
tau14/vertical_relax_wrapper.log,tau14,B,other,152,61e1c3837e97c4172aa4956d89f325b21a4288da7b3a84d4b9ac69d2eb276765
tau15/pw2wan_tau15.in,tau15,,qe_input,149,013faa76e991dce82de99f80ee3e59c13c0a0a4bb9c0d4c4ba182a8db355f90b
tau15/sto_bi_tau15.nscf.in,tau15,,qe_input,4482,269739c6123c8c5d4af594a40b4207bb7b295025ceb787da2aab18247ca33c32
tau15/sto_bi_tau15.scf.in,tau15,A,qe_input,1324,196022bf5e3866ffd68cfa649dd82cd9a3add12bbd0f66552b0d982226e918e6
tau15/sto_bi_tau15.scf.in.bak,tau15,A,other,1298,101aed7ce2721ea371bed7ef1123ec055b0e6df843b96c3b2395362aded36df4
tau15/sto_bi_tau15.scf.out,tau15,A,qe_output,186302,11e77dd8b029ef012d72e863875a49f601d579003953d99157ccf1d078c02b87
tau15/sto_bi_tau15.vertical_relax.in,tau15,B,qe_input,1677,dcb3a30f9fd0abeb59c57829cc1cbf24b5035c98457e610ea384da66c869a305
tau15/sto_bi_tau15.vertical_relax.out,tau15,B,qe_output,2027141,a4f824a66ce376472977bda719f67e8c75dc76ba8b56e6823009a358b56d4d81
tau15/sto_bi_tau15.vertical_relax_8h.in,tau15,B,qe_input,1676,5258bcef4f9b74063bfec70b14b6a3b2460c92518ec41968e0c23cf431d7e53b
tau15/sto_bi_tau15.win,tau15,,other,3645,e500c67835148cab0a0b6714d73a5d618947aa47ba1971df1d4ee523784c7d8c
tau15/vertical_relax_wrapper.log,tau15,B,other,152,3101213d370977f9dc9573cf91853d16d62cfcf79ea73af18cbfa8f577aa9e47
tau16/pw2wan_tau16.in,tau16,,qe_input,149,f944560fe43c4a46b18cc557fc00edb2490c989617c260808707a47eb6ec7c5b
tau16/sto_bi_tau16.nscf.in,tau16,,qe_input,4482,3eefd6107e370ad484869ce9f7c8157925417df0be6f8c732d859373bca5b6f5
tau16/sto_bi_tau16.scf.in,tau16,A,qe_input,1324,1c11901b5d6c14119ffc250df86cb70e982cbad3e9ec932939e009d849f2597c
tau16/sto_bi_tau16.scf.in.bak,tau16,A,other,1298,86911c19e77ba00bab49e563e1f8e536a6d8427d49858561be2b55cb3034e46d
tau16/sto_bi_tau16.scf.out,tau16,A,qe_output,191910,07fa0a8e7266b55bc30a77c4c0b52876af877164cff8ab6ab450d6c1e7aa4d2b
tau16/sto_bi_tau16.vertical_relax.in,tau16,B,qe_input,1677,85a18ac714f49e8e32e5ce7f2c3e7685a48b2bd4e3342cadc454e9c69299ad4d
tau16/sto_bi_tau16.vertical_relax_8h.in,tau16,B,qe_input,1676,ca131329194b158f4328f5b2e96e9c989b985f27708de27c71119f00eff3f3d2
tau16/sto_bi_tau16.vertical_relax_8h.out,tau16,B,qe_output,1994940,92ffa9f0945033134b9159c1214b8b8c95915a8de87db26a1ed9e3c1a138a902
tau16/sto_bi_tau16.win,tau16,,other,3645,33576dc495d577b6897cb2591bf3eb3e9905ab723dee08753630133fcf005ea6
tau16/vertical_relax_wrapper.log,tau16,B,other,152,1c725002c1796e8245ea3b3bbbdfe700f67260d6e7c69212d507184a619a609d
tau17/pw2wan_tau17.in,tau17,,qe_input,149,001e4586565a8a194c5df1a3e300a114e17c428b4765ce4bf996840503a24aef
tau17/sto_bi_tau17.nscf.in,tau17,,qe_input,4482,a214227e7c28392be18eb61e3d7946bf5f3af1ee73b080a71aeca33319574b89
tau17/sto_bi_tau17.scf.in,tau17,A,qe_input,1324,485b921fb36393d932ab607574afea068e25967446025462e16f121ba1a80265
tau17/sto_bi_tau17.scf.in.bak,tau17,A,other,1298,b4edd627b5de70d1fb23fcb3e4f62c05ab50347ba3e3cd5bb5c581d800c25fd0
tau17/sto_bi_tau17.scf.out,tau17,A,qe_output,170380,364526340db26c888a7749984dc9a17738403341ccfcdbdc10cb59b04a9b2a3f
tau17/sto_bi_tau17.vertical_relax.in,tau17,B,qe_input,1677,9f4149f54b1eb102626d8f342c3b2d09c4f47872c6c58ff1995be66db93531c7
tau17/sto_bi_tau17.vertical_relax_8h.in,tau17,B,qe_input,1676,5a28df671cffe8f1770c69ce29f1757863f302e33592e4c13d3b8cb719c86c4e
tau17/sto_bi_tau17.vertical_relax_8h.out,tau17,B,qe_output,1906584,1eabc88488a7013de697b61817759254edf2dc7f70beaa1c31219af570bde2a7
tau17/sto_bi_tau17.win,tau17,,other,3645,47c2fcb161fdef89bd10743d17893cfb5a612c67cc0c93a5db7fe20dd0749630
tau17/vertical_relax_wrapper.log,tau17,B,other,152,b603b48b0c1a8c34dc67251aca5622bc363d4edb3342de615127d4ef7f323e6c
tau18/pw2wan_tau18.in,tau18,,qe_input,149,919638195aa382057a2d2c321e96a395b4641cb5bd2e6a880da0734c092e135f
tau18/sto_bi_tau18.nscf.in,tau18,,qe_input,4482,80e534e059c91d24b27f10ecf3012eee89c4ed07743f8c87b98b1053a92e6c93
tau18/sto_bi_tau18.scf.in,tau18,A,qe_input,1324,5fc2459834fb5f02114b78895e3cf87fd40d62231580e5cbc1da73284d97bcea
tau18/sto_bi_tau18.scf.in.bak,tau18,A,other,1298,95adf00bcdd2e3bbe83e5e3894ec21702590e6a16856357baa09a8723b44a139
tau18/sto_bi_tau18.scf.out,tau18,A,qe_output,144134,8ffdffb65822830b403858e85dba8875f654a2a245fd854a90d4d0bfe6f90e0d
tau18/sto_bi_tau18.vertical_relax.in,tau18,B,qe_input,1677,2151f0418e157ae80718986502f0fe5369c035596eafeed2bc0cfdcfecd6c962
tau18/sto_bi_tau18.vertical_relax_8h.in,tau18,B,qe_input,1676,31e27729f649619d01fbb3f066d34989b424925ffdde9d09ea94395c7e319534
tau18/sto_bi_tau18.vertical_relax_8h.out,tau18,B,qe_output,1649372,fa4ca8a008bddd615d9fbed54fd2f4316279fcca8a65a9927bb8bd30b32ff2b6
tau18/sto_bi_tau18.win,tau18,,other,3645,6d74d4a1c962bb7b2836d3d8d681d03110e7eed61e0d0b0906ed32604ecd60de
tau18/vertical_relax_wrapper.log,tau18,B,other,152,244eb2d096c3bb22c0b37b8b87a0ca1570f666146e592c884ad0c97fdceeb332
tau19/pw2wan_tau19.in,tau19,,qe_input,149,dc80c670f15b0231977a38aea1be42e92afb741bd668c30ee483511dfa039534
tau19/sto_bi_tau19.nscf.in,tau19,,qe_input,4482,bae0ff035eec4c898506c20f3969980f66d8908dabd4223e753760f72ab98468
tau19/sto_bi_tau19.scf.in,tau19,A,qe_input,1324,1fd763fda5ee3e0bbf789925a607529e8c71c49216de0b5729c5c65517a997f6
tau19/sto_bi_tau19.scf.in.bak,tau19,A,other,1298,39d01b337ae7f77f95e79357ab6ef5e8c805a3569cf06f89d18cace31dbef622
tau19/sto_bi_tau19.scf.out,tau19,A,qe_output,169537,994989fe5388dfc5277f01919f197fff36402fbf42ff05cf8a61f74f38312027
tau19/sto_bi_tau19.vertical_relax.in,tau19,B,qe_input,1677,92aa6f90f1b71e8229242847d506d30968a0961c951605e1c0fef0ea1df98bfb
tau19/sto_bi_tau19.vertical_relax_8h.in,tau19,B,qe_input,1676,851cf5dac7b5859ab6388071eaa85d5da25684ec4d4417fff2d9c1a36b295d74
tau19/sto_bi_tau19.vertical_relax_8h.out,tau19,B,qe_output,1248300,ed740321fa8d2872931a6c6fb7e8a529095eeeb9940f0d0b9dfaefa8595fb83c
tau19/sto_bi_tau19.win,tau19,,other,3645,c4d953a3a573fef8e50f7ba3b4859d0c898a0f3421161f649e9de917b9efcb71
tau19/vertical_relax_wrapper.log,tau19,B,other,152,8863dedc7c4133b03cad072799c7863755be5ffb97a10fc931c7c77264e33f49
tau20/pw2wan_tau20.in,tau20,,qe_input,149,16f1f2c0321f268c8874795ad8f23e3590d76a4285af2b1641c2926b3c62b828
tau20/sto_bi_tau20.nscf.in,tau20,,qe_input,4482,51eabe51a61fac2d4110170c80295c26f7c67859ae2925286563198d86e43300
tau20/sto_bi_tau20.scf.in,tau20,A,qe_input,1324,541d64ff64b378dd87b1baf6e366744fa35c1c26df611da3bca4e1a516906ff8
tau20/sto_bi_tau20.scf.in.bak,tau20,A,other,1298,2d4f2b9fdba6e229b998dd1f932dd5adf70aa90381e5805d47209350dbf2f483
tau20/sto_bi_tau20.scf.out,tau20,A,qe_output,165957,0b54bbcc6dabdb99276d665d49ba99330052a613f8b354e96d1a2f2a00cbc67e
tau20/sto_bi_tau20.vertical_relax.in,tau20,B,qe_input,1677,2a7c0f771a0248962fbaf94d28e22ca8a755d98d09a3485514fb9b76044e33d8
tau20/sto_bi_tau20.vertical_relax_8h.in,tau20,B,qe_input,1676,6bd9a74b8d2446208a03f99f76fa0fd2a6ad5b201d34e60dc8e1216fbf3d23dc
tau20/sto_bi_tau20.vertical_relax_8h.out,tau20,B,qe_output,1641928,38d1bc6c1093bdf57fb08390dc539d63c046b9c411a616cbb55498dbd803c2ec
tau20/sto_bi_tau20.win,tau20,,other,3645,50db38cbc6c659e90b46010e79c860330d4fe3dd7fa81dc8efbcec184708134b
tau20/vertical_relax_wrapper.log,tau20,B,other,152,c9a6f9daa2430042447b7e934599d3e2051fd1492977f2b134e6590e3c0f1738
tau21/pw2wan_tau21.in,tau21,,qe_input,149,b390c921d0fe3e64a8bf53b00595c8252675d168c6da108684f5534f2b2d5604
tau21/sto_bi_tau21.nscf.in,tau21,,qe_input,4482,4e4f5a325e79914abf411462f62c555f53bd63ce858a6b8ba7cfa73ea2523bb2
tau21/sto_bi_tau21.scf.in,tau21,A,qe_input,1324,7aef34f3315b02e62941ba06b1874ff423b32b01564f2383fc4500399e7b52bf
tau21/sto_bi_tau21.scf.in.bak,tau21,A,other,1298,7319ef4de8e6c9130d6402ea46b0fbadc1a2d89e00463b694ef107da27418807
tau21/sto_bi_tau21.scf.out,tau21,A,qe_output,176202,08c732abd8463f3424e3b443911dc8abb8f343568d78275c959cea70da3ffeac
tau21/sto_bi_tau21.vertical_relax.in,tau21,B,qe_input,1677,12de7c69503f7884f6841d80893d63da20bed1fe2240d2179801c7d58a55a7ee
tau21/sto_bi_tau21.vertical_relax_8h.in,tau21,B,qe_input,1676,24ea6c262a0714403392c7a76a03a3737a3a49ae058e72eb0360e77389837a78
tau21/sto_bi_tau21.vertical_relax_8h.out,tau21,B,qe_output,1670669,6ff1a170f83a8dc37aae96c25cff3c7597690a749be96d8533fa81b7c3701868
tau21/sto_bi_tau21.win,tau21,,other,3645,aa93dc7129ced5e0ac21d3fa2c4bb0ecf76e953a47d70146b56b0c50c0d57a18
tau21/vertical_relax_wrapper.log,tau21,B,other,152,96232a86596bc03cd6e5db2bd8911d22f68bb2ed3db1ba234c142ed9dbafbab5
tau22/pw2wan_tau22.in,tau22,,qe_input,149,4ed38b90783cdaf1f85e88bf2e2da8d6ddabc2407afe532927b8caeec0bd6492
tau22/sto_bi_tau22.nscf.in,tau22,,qe_input,4482,5768d7f9c1dcd7be30e2884f0efda2678c87f2f5f4f097625e3928a71e879784
tau22/sto_bi_tau22.scf.in,tau22,A,qe_input,1324,cd1ca6a826877ba1d6d06d880f7364822b92d58e1d10d36078cf989370503797
tau22/sto_bi_tau22.scf.in.bak,tau22,A,other,1298,cb84a52c311e34ba00a22824b660995cde9d0fd02f0d1e16bf94640867a95bd3
tau22/sto_bi_tau22.scf.out,tau22,A,qe_output,182559,85d697d4b1a315b311e1476b7bcae9517b7d91af0f12cbd09ebcc47e06ab300a
tau22/sto_bi_tau22.vertical_relax.in,tau22,B,qe_input,1677,eb1f2386179f60c26c9f7e3461c9ffcb618468cc7c54fc15ebd1e6b4c0a2dfe7
tau22/sto_bi_tau22.vertical_relax_8h.in,tau22,B,qe_input,1676,e8aa1501315b1c5210be6ed0a853bff58fbf1100f73aed0e94cbf60186c284a4
tau22/sto_bi_tau22.vertical_relax_8h.out,tau22,B,qe_output,1629006,3e6e2227bf9ab31dc03a1540e687a17a13ffe000ac4345e66353886be8472a7a
tau22/sto_bi_tau22.win,tau22,,other,3645,039ac35606ae6b3e0ffdd69c0cb1c464bcdd8ff076f8ee21ddd8836bd07063e6
tau22/vertical_relax_wrapper.log,tau22,B,other,152,2690df350012fcded39d01f9e2ea465cbdf0db98964a43afdb008e45eb39cbe3
tau23/pw2wan_tau23.in,tau23,,qe_input,149,c7d7fde8d1ff6db962364386a05e76df0b34976027f04ace29512b2a1cf73502
tau23/sto_bi_tau23.nscf.in,tau23,,qe_input,4482,cd3cf1af84dcec26f7d3625c727178f5fb0661b347a796f54ee7d8747f996d93
tau23/sto_bi_tau23.scf.in,tau23,A,qe_input,1324,fad2e58ac70a847948238c9199f91e35f9162908fa7b1cc16bc5b7f952fc03f3
tau23/sto_bi_tau23.scf.in.bak,tau23,A,other,1298,5215111707f8670019f44da48f442b68f0bb3afa6d8911a9a656d06f443a6c1f
tau23/sto_bi_tau23.scf.out,tau23,A,qe_output,192968,e92edbcb5fccb80abde10e084e9cc17582a329eecb1c1873f4b45051fe2ee621
tau23/sto_bi_tau23.vertical_relax.in,tau23,B,qe_input,1677,408c9aaa5e0548b2f5d92091634dcfd82287b6ae98b5bb97015b7540b5e5e101
tau23/sto_bi_tau23.vertical_relax_8h.in,tau23,B,qe_input,1676,58509293c04415582b63587cb2dbb5ac8c370f8f49f6c9a32677754dc11e8f8e
tau23/sto_bi_tau23.vertical_relax_8h.out,tau23,B,qe_output,1946738,5423790235a0af985c9c04d9d909df1e6f47af97c856b4cf2c593f9072974694
tau23/sto_bi_tau23.win,tau23,,other,3645,36cafcd8d0dd89485e0b2afa131a3971ecbc63c028fcc1fe9f8989dcdf6eebb0
tau23/vertical_relax_wrapper.log,tau23,B,other,152,9a51f27b2138bdfa8b53c791b4361025762b9665d529bbb084d80d8d003e9530
tau24/pw2wan_tau24.in,tau24,,qe_input,149,ea2511fb831cb3903ebd7b51d2819443e0ccf5aaf9f527d8fbc8a4a0205d305b
tau24/sto_bi_tau24.nscf.in,tau24,,qe_input,4482,abe7d39212469d7153966ee03cd25b8af788edcd4ecb85133b77a625f0e96a7d
tau24/sto_bi_tau24.scf.in,tau24,A,qe_input,1324,c9c9ef6340196dd10d43764c2cb8212f05b8c69b589d8b7b798b68704a197afd
tau24/sto_bi_tau24.scf.in.bak,tau24,A,other,1298,d3f761a6884f2eff415d7d88b9bba5ba0fb1175ec1e47e860111510a9c6adece
tau24/sto_bi_tau24.scf.out,tau24,A,qe_output,156351,42bd78d25be0b0a656b23025c1b17bba99c7ff60e9d2334b7d991dce41ce197b
tau24/sto_bi_tau24.vertical_relax.in,tau24,B,qe_input,1677,e9efb28800c93ea00112b302c6f17d2e3423d9689fee312d4a9ea22dd4203f3c
tau24/sto_bi_tau24.vertical_relax_8h.in,tau24,B,qe_input,1676,0f1200ea4cbcc118a2b9de728d3f4e1ff6f095f65e852e22316238c38587e51c
tau24/sto_bi_tau24.vertical_relax_8h.out,tau24,B,qe_output,2101596,6f3dd88e3da1d4c7014f3f2a7aad91156ccfef58a948d90c18f43f21fcd75325
tau24/sto_bi_tau24.win,tau24,,other,3645,54ab2663960b90a1d8b24b5d83e98d82f539703a23201f03d8ebef7cb1d006a5
tau24/vertical_relax_wrapper.log,tau24,B,other,152,bbde411a9f9d5a6d222f10db15a0225e3a1b86a69620e8a8a8a3fce7527401bb
tau25/pw2wan_tau25.in,tau25,,qe_input,149,d0a31d316e7f840a711dddc1c205eaf522766a6fd1983e2f59d3c91fecc55c5e
tau25/stage_c_batch12_attempt01/config.json,tau25,C,stage_c_record,1750,2e24b20d56a45e08a21672bde3135319df06428605393089afbdeed2a25e8499
tau25/stage_c_batch12_attempt01/fire.log,tau25,C,stage_c_record,1662,9ffb6c7b4e13523c93c496d73d45f73f323a8aaca32f5ba08f59bfaeebb37bb5
tau25/stage_c_batch12_attempt01/fire_restart.json,tau25,C,other,755,64aaa7d1a7af611ac342e8611c26d531e3ad396020dc79f6265aa2cb9cc591fb
tau25/stage_c_batch12_attempt01/provenance.json,tau25,C,stage_c_record,600,da6afde0c9a3fd2786f7f01b885237705be505c2be4d5a7abf230e8133aa371f
tau25/stage_c_batch12_attempt01/status.json,tau25,C,stage_c_record,39,f8068ec7e7ce9a23f0a1251bb4f650eccd6948a6cce6f8a35f38d1d735754a7f
tau25/stage_c_batch12_attempt01/step_00000.traj,tau25,C,ase_trajectory,1030,30a88f2420fd691e71b274a1750b1c4a70b905377de91ca90beecb9d7eef52bd
tau25/stage_c_batch12_attempt01/step_00001.traj,tau25,C,ase_trajectory,1030,08bc6f8197e9ceed140decee1ee7735356b3f0820b5ab1c6dc12b262cec26a39
tau25/stage_c_batch12_attempt01/step_00002.traj,tau25,C,ase_trajectory,1030,4a527ca48c2c50e560c1903d36fc6f121ce102d81e9e848e20f2e115eeb4ddfe
tau25/stage_c_batch12_attempt01/step_00003.traj,tau25,C,ase_trajectory,1029,3942c84f74f113bbf7ae598ec9d931355e9bc35ed8ec099bb14629b81ddded5d
tau25/stage_c_batch12_attempt01/step_00004.traj,tau25,C,ase_trajectory,1030,94d2bcd196809edd58c15fc9f37d3099c68d37314549818043a3190d42d07e81
tau25/stage_c_batch12_attempt01/step_00005.traj,tau25,C,ase_trajectory,1030,e5b1136c755b3ca211dc371ec2b1093755ab21ab8d680010a4b14f2ee29b7716
tau25/stage_c_batch12_attempt01/step_00006.traj,tau25,C,ase_trajectory,1030,c10aeedbdc52b61619b7e123b552cce7950bce04e801dcf15da7886f1b743c5e
tau25/stage_c_batch12_attempt01/step_00007.traj,tau25,C,ase_trajectory,1030,a979ad1ae1e4151c519920664b1043cded12a8b6bd660b3cbdde23b8740be190
tau25/stage_c_batch12_attempt01/step_00008.traj,tau25,C,ase_trajectory,1029,8f93b32b105cd6648e03837fc396f7cca8d048c313f0b014fb0960df26774897
tau25/stage_c_batch12_attempt01/step_00009.traj,tau25,C,ase_trajectory,1030,c79d372a8cc7fccf6ed983835acee161979cd36a8ca18f238a044db178eba444
tau25/stage_c_batch12_attempt01/step_00010.traj,tau25,C,ase_trajectory,1030,2db05f9aeee00ce0e89943a577ce4823f4634b30d129ab28bba17633d67188fc
tau25/stage_c_batch12_attempt01/step_00011.traj,tau25,C,ase_trajectory,1030,a50cd477938d30ef741aeb0853cf5ef8bc9f05d64d0c96fb2ea5890c2796d4a2
tau25/stage_c_batch12_attempt01/step_00012.traj,tau25,C,ase_trajectory,1030,2b0c3cd46c24f07326c26fc1c4a654e0e3bec4880e954f13d4963a30ff45ad47
tau25/stage_c_batch12_attempt01/step_00013.traj,tau25,C,ase_trajectory,1030,badd665e47c3fbcfaf702993de17a0628e3945249c223e811c04ed20c81fe96f
tau25/stage_c_batch12_attempt01/step_00014.traj,tau25,C,ase_trajectory,1030,261d61ecf55add705430ca9b0216d78432e840253749e7e3b72ae608ba89919b
tau25/stage_c_batch12_attempt01/step_00015.traj,tau25,C,ase_trajectory,1030,8daa532f3ad82dad0d0ad1ffbe21289c981e9049941fcb829ee0df3299620447
tau25/stage_c_batch12_attempt01/step_00016.traj,tau25,C,ase_trajectory,1030,6ccd0a4f566b805e723eb5e5fa2f16b0700ffdacb592bb4042ae0f71b339f910
tau25/stage_c_batch12_attempt01/step_00017.traj,tau25,C,ase_trajectory,1030,a24b5beb490ff6c0da4cffc0506e654253a0abdbdf93f7b19ee35ac2fa9230ed
tau25/stage_c_batch12_attempt01/step_00018.traj,tau25,C,ase_trajectory,1030,5bb9c096a46f48285544649ac248df3462443369e6ec5c82a5ecf5e58f373bf9
tau25/stage_c_batch12_attempt01/step_00019.traj,tau25,C,ase_trajectory,1030,82341494eb185d12c713fd5e80d092a803dcccde1a2d36de1ad83dea065c58af
tau25/stage_c_batch12_attempt01/step_00020.traj,tau25,C,ase_trajectory,1029,0c0eeb7c5ee3aff15c3e544e85add8ee115ec37371d806ddbdbfb0d44773d0d2
tau25/stage_c_batch12_attempt01/step_00021.traj,tau25,C,ase_trajectory,1030,cff0137c919af757fd205817c8e3f5c9e94d743b0b1af76f92048e5476c72b18
tau25/stage_c_batch12_attempt01/step_00022.traj,tau25,C,ase_trajectory,1030,779354b9e43e8786ee63385491c8a77aa178db91abeb0aff9c20bb8ace53b538
tau25/stage_c_batch12_attempt01/step_00023.traj,tau25,C,ase_trajectory,1030,817ba676fa8a4a67f7d6b49da22b21ae2f4eb59f85fc2b85e3587d719ba016b1
tau25/stage_c_batch12_attempt01/step_00024.traj,tau25,C,ase_trajectory,1030,ddde8e46addca7700aea38f9816926a1a894ef94d55f15090df52eb1340bc3b6
tau25/stage_c_batch12_attempt01/step_00025.traj,tau25,C,ase_trajectory,1030,7cabd03bd5f6a7ef63edd5c0746338c833f2472eb048ff6dc6aba3ac26732558
tau25/stage_c_batch12_attempt01/step_00026.traj,tau25,C,ase_trajectory,1030,15532e6f46412f835ebe0e299117e3d8281c070723d95b5d7b186178f632e96a
tau25/stage_c_batch12_attempt01/step_00027.traj,tau25,C,ase_trajectory,1029,a330bb2e4d6e43b4bd362672987353805f7b5ac8f9a5e39e325388872c21f0f4
tau25/stage_c_batch12_attempt01/step_00028.traj,tau25,C,ase_trajectory,1030,f9ee5391c2571a022cfe5c1bf24111c6b46eb23e56de91ff271552c308cd7cef
tau25/stage_c_batch12_attempt01/step_00029.traj,tau25,C,ase_trajectory,1030,d9491c89bd5d679dc600c2732a2b1a88c3e9262583f639bd98613e211ff54d80
tau25/stage_c_batch12_attempt01/step_00030.traj,tau25,C,ase_trajectory,1030,153c1f26630c20f0e10eb529a0d7eaaaf223544788a971f78e896bd5cad3f606
tau25/stage_c_batch12_attempt01/validation.jsonl,tau25,C,stage_c_record,10457,ef75ebdd19347f430259d5d6572bcc7aa05c8b4e7eba52aeda03f08f3d72a54a
tau25/sto_bi_tau25.nscf.in,tau25,,qe_input,4482,af8dadcd36f85e8b9cae01fb2610fa18a2d9087a8be741878385836832ed4d35
tau25/sto_bi_tau25.scf.in,tau25,A,qe_input,1324,f1f8eb43894e418d7a41ec7d99416d416c8767c04b35d684bb92fbad07987c0b
tau25/sto_bi_tau25.scf.in.bak,tau25,A,other,1298,23cdfac996d59ffbd35db823c758ead955e1507ceae5c454a985e20c2395a3b9
tau25/sto_bi_tau25.scf.out,tau25,A,qe_output,201774,955f0f5b70c9b32ae42d32105fd79b367b638217f8c7de041c6517c364ccac12
tau25/sto_bi_tau25.vertical_relax.in,tau25,B,qe_input,1677,381b62f095bf41cd24ebbdda92d4b1acba161880c39e7b0a24f67e4fc7661ded
tau25/sto_bi_tau25.vertical_relax_8h.in,tau25,B,qe_input,1676,d97e155339f1c9ab2ab8582e12756fbc75ddf632c388fcd11ca56a0296504efe
tau25/sto_bi_tau25.vertical_relax_8h.out,tau25,B,qe_output,1558103,02897bf1fe1a1c52a758acbaeb61c3a27c1a59b3ef1e71a0b3bd697c6bb3c00c
tau25/sto_bi_tau25.vertical_relax_restart1.in,tau25,B,qe_input,1657,605ed257793355d653bb7dbe5a8f5d4a38ebb91c114f66e203c771510a72e3cd
tau25/sto_bi_tau25.vertical_relax_restart1.out,tau25,B,qe_output,2310551,993234404dc6ed4145687bc2354d4667fe8809d61dc4cfdb3522b3be017ed8cc
tau25/sto_bi_tau25.win,tau25,,other,3645,f07659a281a4d0cb3520c529c8fc5977fa844771c616ddaa72f875697ffea5da
tau25/vertical_relax_wrapper.log,tau25,B,other,160,81f2899ca7bf69f4de95327b9025341ca994b0b7872f3ad6cccdd3fdf1115a65
tau26/pw2wan_tau26.in,tau26,,qe_input,149,99dcf6b403d47607ddafcecf3aebd182a3212a16cf93adf405533ac78c5064e2
tau26/sto_bi_tau26.nscf.in,tau26,,qe_input,4482,76321c8382f5c35550ff5a23f7ef6f62b64547c856599c278493de5976003e08
tau26/sto_bi_tau26.scf.in,tau26,A,qe_input,1324,f1b50972b9dbc18727b4c9d3395ab6419f4b6dd6001120c1e117361cb71b0a80
tau26/sto_bi_tau26.scf.in.bak,tau26,A,other,1298,520f9682f7d3f9d0332ef2d70609cc559ebd6e6539bdb0138d12c87384695d64
tau26/sto_bi_tau26.scf.out,tau26,A,qe_output,183970,a95c78f262ad01878bf91467fa54029596560a223739855e3ebf54686905ff5c
tau26/sto_bi_tau26.vertical_relax.in,tau26,B,qe_input,1677,df467f4f13a1845c8471cc9cadf272aca5a036faa6c0d8a065fe1676a9bfb891
tau26/sto_bi_tau26.vertical_relax_8h.in,tau26,B,qe_input,1676,05a5526597b7be93417045b217a0e3901f7a96640047902cf71489ac45b2f6ca
tau26/sto_bi_tau26.vertical_relax_8h.out,tau26,B,qe_output,2050483,cb46c589999b6f7dff8badf1aa35194a3b91690be55b325146de8ab9ae4be5b3
tau26/sto_bi_tau26.vertical_relax_restart1.in,tau26,B,qe_input,1657,a70ad6552d615aa047084a2a963137ed3d3cde8bbd4945e62fbdf474efbd7b46
tau26/sto_bi_tau26.vertical_relax_restart1.out,tau26,B,qe_output,325012,3fc84b4782567d86634176a96abfcdf791ccbfc653e4d39d133660a615baec1a
tau26/sto_bi_tau26.win,tau26,,other,3645,485871f3d4a7db848bb37718acf5a7ca84970ea2a209de6f6537cb66a63d6ee5
tau26/vertical_relax_wrapper.log,tau26,B,other,160,5aced28028071338dbf3ccb995d47cc16e9266aecf70e392f989c8e61cc58bfd
tau27/pw2wan_tau27.in,tau27,,qe_input,149,607b19c127500caf4ad62d25991c0c32b55fc0b079fbd764cbae1faf35ac0221
tau27/sto_bi_tau27.nscf.in,tau27,,qe_input,4482,695aefc0de2a55e0408b37b93df1c1f222562f5fa808fe35afed8f43cc74459d
tau27/sto_bi_tau27.scf.in,tau27,A,qe_input,1324,f5a1a15cbbb05877d1c8634d85b15d6468ce6de409c158bc2b15bf7e3ff02649
tau27/sto_bi_tau27.scf.in.bak,tau27,A,other,1298,4871dcd341508088828720134c756c95eb5e3b8e1fe4f66fcf2e96d4ba38a43b
tau27/sto_bi_tau27.scf.out,tau27,A,qe_output,174815,4777df6027e508465acdbe96aab986098798e029ddfa0d8e7c28887e636b8aa3
tau27/sto_bi_tau27.vertical_relax.in,tau27,B,qe_input,1677,344226f8a4acf3b5be19d055b22441f4647f20558d3a93fc5f1c458a60626727
tau27/sto_bi_tau27.vertical_relax_8h.in,tau27,B,qe_input,1676,7c896976ca282d7ecaf092b1ee8abcb202c61c09742b827764da8c03aa532aeb
tau27/sto_bi_tau27.vertical_relax_8h.out,tau27,B,qe_output,1925848,ad3bebd5789d926707287214ec02ca883385b62c66d17809fd07a555a91f234e
tau27/sto_bi_tau27.win,tau27,,other,3645,dc3243a8adac14fb1dcf9fe1a871f70a9ddfe9dc4791a88db63e9c28fc467a12
tau27/vertical_relax_wrapper.log,tau27,B,other,152,bb3b27d331503a979a4aca5d358c9d38ba52209fbf286b3de5a0d8feae3a0e90
tau28/pw2wan_tau28.in,tau28,,qe_input,149,26c492402caf102a364b0a39a1c3285058cf8674a13f01404b2befdd792136ec
tau28/sto_bi_tau28.nscf.in,tau28,,qe_input,4482,efcdaaa51b86dee248475ee17feeee1f9adc764facd0a34a60921e82fb61192c
tau28/sto_bi_tau28.scf.in,tau28,A,qe_input,1324,1e183b1ccaabc9742607bdfb0d3d3906f575c58567428846d9233261b9dd4b58
tau28/sto_bi_tau28.scf.in.bak,tau28,A,other,1298,0819d7193974bc76e32d1b8fae06d3ab14ef343cf7360b5f1f6c84a61b84adb8
tau28/sto_bi_tau28.scf.out,tau28,A,qe_output,162651,4c56aa8ba97af2896b6e4750956ead8077b7185e56529afacc4b98dd6467fa89
tau28/sto_bi_tau28.vertical_relax.in,tau28,B,qe_input,1677,ea2fb6c8ef2769f930fbdc4a2df91951b0dcc565d2ed201c0c29de9b684bd98e
tau28/sto_bi_tau28.vertical_relax_8h.in,tau28,B,qe_input,1676,8054197a5e3af7c250fdd2e261a3b6172cd3ece3169ef24e07b85ca83e8b9695
tau28/sto_bi_tau28.vertical_relax_8h.out,tau28,B,qe_output,1571475,f7a03036a9344c6d5d0165a7be723106961828813d26679b9a4363bee6b8cf24
tau28/sto_bi_tau28.win,tau28,,other,3645,d1a10118df565389762cf6e5b30227aee56fb79972a6053c0f03bc4013c04bfc
tau28/vertical_relax_wrapper.log,tau28,B,other,152,0fc98a61e34ca9a1a5545ea71139d5155bc4bcb117851f21423ac2221b3e8361
tau29/pw2wan_tau29.in,tau29,,qe_input,149,6830765defee10c083211ace960434b4b446958128704109dc60b360b8b956ab
tau29/sto_bi_tau29.nscf.in,tau29,,qe_input,4482,033aaea9e4c9c4904836ea1f5d179af60f1d8a6a46af696f6820cfb2c3856c28
tau29/sto_bi_tau29.scf.in,tau29,A,qe_input,1324,f0f4d8859813cf2e68af080452d363cccf28e148f882a5472ecbca8250aff061
tau29/sto_bi_tau29.scf.in.bak,tau29,A,other,1298,fcf80f7f7b6ec8c55e12d8357c98e5e70d8a0a431a2afc6e177eed953f85b771
tau29/sto_bi_tau29.scf.out,tau29,A,qe_output,174221,f23c3bd17d8d07a8bdb973934abce03821453cf1f06cc289696b18fe585b8407
tau29/sto_bi_tau29.vertical_relax.in,tau29,B,qe_input,1677,bb413be67f80c20733442d8ae9c1088367efc14a8693e6695cc784122d3adfad
tau29/sto_bi_tau29.vertical_relax_8h.in,tau29,B,qe_input,1676,1eea66c9d1bfc3973867afce7a9487263a3a1bede5779595415b46ee2802c96f
tau29/sto_bi_tau29.vertical_relax_8h.out,tau29,B,qe_output,1660290,9033d7f668d3d9239250ce57a40316d0906a73b4c108b603b5899abb388bed7f
tau29/sto_bi_tau29.win,tau29,,other,3645,af0ac3402e308eb59dc202d018f67ebcdb072afdec32f845af8cb8bd7b10c85f
tau29/vertical_relax_wrapper.log,tau29,B,other,152,a18d63b04d93f1177477a0dcc2dcd09b7942d359ec9c88248f7dade8cef14751
tau30/pw2wan_tau30.in,tau30,,qe_input,149,09ea06d53b1265d39c50210910403b46eb2243a07cd4b05027a11d16fcff0a2d
tau30/sto_bi_tau30.nscf.in,tau30,,qe_input,4482,f7683e4f937064cd91549dc2c2313ec1cd620e973fe83fa4849dbea94cb687e2
tau30/sto_bi_tau30.scf.in,tau30,A,qe_input,1324,a6c6d5763bd3a4b35779bdb3ae265ebea69a630f0a390d84c5c4ac32eca69515
tau30/sto_bi_tau30.scf.in.bak,tau30,A,other,1298,de83ceca19e524dde84c1d629ee7a08ffe8e4eb39667cc801c15736f6c6b10ad
tau30/sto_bi_tau30.scf.out,tau30,A,qe_output,189583,3b38873b163c79168341b087969ed2b8fed32fe0eb8ee2cf7f3cc745fc6cc92a
tau30/sto_bi_tau30.vertical_relax.in,tau30,B,qe_input,1677,1ce76736f8a4c60b463c0ad6c5060bccfbf818f205ef7ba71e918c43298e8046
tau30/sto_bi_tau30.vertical_relax_8h.in,tau30,B,qe_input,1676,13414c374fcd5830c8f861f4135ce485a8ce200af31c8876827295ef0398cf8a
tau30/sto_bi_tau30.vertical_relax_8h.out,tau30,B,qe_output,1851822,79b02c476b044895ad75a15324285a8b412fdd8ea55cefc670fa313c968e7a95
tau30/sto_bi_tau30.win,tau30,,other,3645,afb46cd021dbf8952bc5f696c82373494a15560927a339075a31cc1dfa376d5b
tau30/vertical_relax_wrapper.log,tau30,B,other,152,4186ec655e3803bdb0d8b17cac21cac24c52623b6edf9b0d69be9d6270177fdb
tau31/pw2wan_tau31.in,tau31,,qe_input,149,69a8f059350858470eba552e22b806debb7b23fcd06fc6dcd7dcfb7f0360621a
tau31/sto_bi_tau31.nscf.in,tau31,,qe_input,4482,ed6e2427d0bb8aeae12d0f2160306d07b49a842eed8ad1dd662e52937553e6db
tau31/sto_bi_tau31.scf.in,tau31,A,qe_input,1324,06746a2dd0b3e96abc09002dd31f10ae1cca1f992d7402e76eba45e036d7d1b1
tau31/sto_bi_tau31.scf.in.bak,tau31,A,other,1298,95595fd3a375bdbf8a18ddbf6a3bfc05f3430d3beca764d7a9ffccc6665350df
tau31/sto_bi_tau31.scf.out,tau31,A,qe_output,196004,a1914e5f27661cc8a2d6025978811a5e2bd3df66a97e1bb1e15eeaa6a7f47324
tau31/sto_bi_tau31.vertical_relax.in,tau31,B,qe_input,1677,d785414718d4ae2557aed4e9a5f80e84289935f619c1583ff589c82519ae1a1a
tau31/sto_bi_tau31.vertical_relax_8h.in,tau31,B,qe_input,1676,78e816896840a5500fc4e7d213247dc3752a8681ac3b1bc5f19728665acddf22
tau31/sto_bi_tau31.vertical_relax_8h.out,tau31,B,qe_output,1993226,883ce3caaeb61cd08f4016d4a80b2e6cdb13560d8a236b6646347cee2ab4eacc
tau31/sto_bi_tau31.win,tau31,,other,3645,6a8fa3cb6b401e3cd94d9d19e641c2f8804aafd29c93b5b5dc4a9d2bad539972
tau31/vertical_relax_wrapper.log,tau31,B,other,152,37d75f620370e1af3d2368af94c971c075f0f8e3a3baca18f673cb061bbac01c
tau32/pw2wan_tau32.in,tau32,,qe_input,149,5c277fddda1e76f9e3b7a09545f6815d3fa7e9a0118f361c925b4c98d34f70b6
tau32/sto_bi_tau32.nscf.in,tau32,,qe_input,4482,447c14f7055d8eb5842bbf57aa6b14b94491a18d7bc534cf5a0542bed276a567
tau32/sto_bi_tau32.scf.in,tau32,A,qe_input,1324,3f84a2d564026366b8ffbfcd8cced16f58c1ccd13661c1c9fab145a0cc225158
tau32/sto_bi_tau32.scf.in.bak,tau32,A,other,1298,0238b802fdce6a3346bb24defa7d62f37337f47089dc8f9647bce3e0b6f8deeb
tau32/sto_bi_tau32.scf.out,tau32,A,qe_output,207966,b73b5a7c6c1e1e7cdc5aa36727f38e52809740358c9a50fc3e42a85ddebc30ce
tau32/sto_bi_tau32.vertical_relax.in,tau32,B,qe_input,1677,6dc7bdbd2e5d279b36ceb0f17af2c7445489a44c8d91081df48ffa45aa47d205
tau32/sto_bi_tau32.vertical_relax_8h.in,tau32,B,qe_input,1676,5c893dc4c5e1636c2fd435f6ca2b2033db850dfc4b2a34cbc1d2cfadc4dba26e
tau32/sto_bi_tau32.vertical_relax_8h.out,tau32,B,qe_output,1926874,00913be7ccd2dbdfb65707da0cb04a26ed81f87fde51e9e6c66f4d1efff741e9
tau32/sto_bi_tau32.win,tau32,,other,3645,67af857ed5bd8ffee738278db22f51bf71db59e007a970d1435e47ca0fb5dd0d
tau32/vertical_relax_wrapper.log,tau32,B,other,152,85593f4909eeb973dcb4bd0b2b9ea013f518ccf58a88cde02c9116d844aeb3d5
tau33/pw2wan_tau33.in,tau33,,qe_input,149,3c356d42ffb57a9ae48ede2ae5f65024f02c8498a80c8468796b617693bc1a94
tau33/sto_bi_tau33.nscf.in,tau33,,qe_input,4482,27f347fbd2bf12146a3c884022c68f07c94e9377ec7c96dab5191e12badaa2ba
tau33/sto_bi_tau33.scf.in,tau33,A,qe_input,1324,a1671cc1541b5be6c4a481f4c503e9bc554d46f0c9e33af0e6924a222ed538ee
tau33/sto_bi_tau33.scf.in.bak,tau33,A,other,1298,0f27d869e43607b485d808a6a1f3c99e6316d00b7befa3ed6dc4460d36f4ffd1
tau33/sto_bi_tau33.scf.out,tau33,A,qe_output,164143,e8ffdfa9770d731063a634797dfa7da32f60c3419af32ab78ab82dc1fadf9578
tau33/sto_bi_tau33.vertical_relax.in,tau33,B,qe_input,1677,201784229de710508b796ed1c4e5635d8af8ce52ab5207a20d9d166ffcf879ea
tau33/sto_bi_tau33.vertical_relax_8h.in,tau33,B,qe_input,1676,677bf48bf07578e52442e5188d9cd689248f20ace7961277855a40293403320e
tau33/sto_bi_tau33.vertical_relax_8h.out,tau33,B,qe_output,1887257,4ff92c0d1799d59a87950b121500a998b4e1747d967970d46218eaa8e4c4db8f
tau33/sto_bi_tau33.vertical_relax_restart1.in,tau33,B,qe_input,1657,5c125c40ff58bd2a8dc087a2948faa0e1c59b818cc6a4caca112ff39190584c1
tau33/sto_bi_tau33.vertical_relax_restart1.out,tau33,B,qe_output,441038,f47296e57984173f902314e6d9d27c95a7652fcdc7111cc9aff74980cc5be75d
tau33/sto_bi_tau33.win,tau33,,other,3645,dbec70b892561bbfc5465d37eccca17f12e75f019ac8641fe6a95c0b5fb67ed5
tau33/vertical_relax_wrapper.log,tau33,B,other,160,2aa3a0954f0935387caa3c6c41aad8a0666c39aba4ffe90b2658efba4467d002
tau34/pw2wan_tau34.in,tau34,,qe_input,149,f72674ff58d53c315b282e6e7a384d88e44c6ab89c622397a6159d673d702489
tau34/sto_bi_tau34.nscf.in,tau34,,qe_input,4482,84f802cfab2a78db3bd3f21fe9d8f00e6f85f1f1026683dd467ab9655fc08e01
tau34/sto_bi_tau34.scf.in,tau34,A,qe_input,1324,6c3b92b1d54211f349fffec2a723e85d0b2df99d804142dbe2d649ea72c72465
tau34/sto_bi_tau34.scf.in.bak,tau34,A,other,1298,5da9b01f990a7d9428f0a1a16d2af200bec8e3875d91f6a819604f86b5b57bb4
tau34/sto_bi_tau34.scf.out,tau34,A,qe_output,196707,4747e4668cd7d0ada968905caa54cb014ee86a9592633beeece363299df377fe
tau34/sto_bi_tau34.vertical_relax.in,tau34,B,qe_input,1677,64543bcc6901a14d0400e9b5285387d1a9687afb46b338670f612ef8dc3830a5
tau34/sto_bi_tau34.vertical_relax_8h.in,tau34,B,qe_input,1676,8790266534c8f226946c0fc12a1ed13234a721b5609167835cf81e65535eb754
tau34/sto_bi_tau34.vertical_relax_8h.out,tau34,B,qe_output,1515077,c73cc7fbb06afd52915a9627de5ea0b5dbb3c49d2668a41a97b38f40b9049660
tau34/sto_bi_tau34.vertical_relax_restart1.in,tau34,B,qe_input,1657,357e66216a661e05ec4029dc06c3e257a50a27304dc5e0166529c8923769f0c5
tau34/sto_bi_tau34.vertical_relax_restart1.out,tau34,B,qe_output,2306776,c51500cfd918f083b74e77f614da9fd7f70eb8ce5973f4032c379804b7104d43
tau34/sto_bi_tau34.win,tau34,,other,3645,9a2b2a4f011a68a34fb9aac80d9c6e504f2de345c9c43a28038490c4096be93f
tau34/vertical_relax_wrapper.log,tau34,B,other,160,a6fa48442bec0f7cd056048bea2e404d4179199857e1b8261c1e3ab3098115ee
tau35/pw2wan_tau35.in,tau35,,qe_input,149,1fcd33d3d365e32576f4dcabf201c30ce69ccd581749231ea399e3a24da77aea
tau35/sto_bi_tau35.nscf.in,tau35,,qe_input,4482,2946a0c08731f07c0626fe6ce4c7bb57e1e55057faf0c4ab2ed14fd6178f62a2
tau35/sto_bi_tau35.scf.in,tau35,A,qe_input,1324,e5b73d3fa60f331c10d8034e3680e4782ec5cefbb5207961bce9bc4b69d8b736
tau35/sto_bi_tau35.scf.in.bak,tau35,A,other,1298,59078d770a024fff8c7616b95a6e9655f727e7c28c1a2d6e1881e4cf20b88e92
tau35/sto_bi_tau35.scf.out,tau35,A,qe_output,174392,0b986b7fb710e502a523dafb08a78b1b34c391ca4054bbba16eb9df7a6eab9c7
tau35/sto_bi_tau35.vertical_relax.in,tau35,B,qe_input,1677,d59ff4046b680fe9b65984830f341315abaf326dbd991a5384310194cee49a46
tau35/sto_bi_tau35.vertical_relax_8h.in,tau35,B,qe_input,1676,d691b838656e491857041036251a14545ecb156751323a0e24f554d987b3abcb
tau35/sto_bi_tau35.vertical_relax_8h.out,tau35,B,qe_output,1507718,4ba8433d06e427c7e53e66413d46e9d921afb768cba7bbfbe0b0019dd0cd3817
tau35/sto_bi_tau35.vertical_relax_restart1.in,tau35,B,qe_input,1657,1982fe513432862f16fef6fcf774b677532ee8c10f68216694c16a52e1dc25c9
tau35/sto_bi_tau35.vertical_relax_restart1.out,tau35,B,qe_output,2849527,1bb4255bb6b2f5ddf603a1c84525504feeab5922bfe2a7c467888219ba3849de
tau35/sto_bi_tau35.win,tau35,,other,3645,62636011428913d89cae56d3a6c62b75f4995e0dcb23e4d92a958e9661c40280
tau35/vertical_relax_wrapper.log,tau35,B,other,160,f62321f084969be255ec4c99bea8c21a830ab46e5971275001816f727990883b
tau36/pw2wan_tau36.in,tau36,,qe_input,149,de4f2a128d09157eec1d34bfcc66e1a64f5ffb4ad51a8382fbbcd6619d140166
tau36/sto_bi_tau36.nscf.in,tau36,,qe_input,4482,0377f8c3c560b58ca4af54ea2cb17015562258bb64e17b9335cae5d67bf9dbb3
tau36/sto_bi_tau36.scf.in,tau36,A,qe_input,1324,6fa7b0b860d6053bc8467cd28fe249b3ba7c4a6111019fc978fc6aecb7d1735a
tau36/sto_bi_tau36.scf.in.bak,tau36,A,other,1298,edf9a0f72cb988c9e22ee7f32f6ee9351182817670924ec47cb671c20cfea704
tau36/sto_bi_tau36.scf.out,tau36,A,qe_output,240761,eaf953397167688540a6b52da8db1bf63f03ef6d6a3c51a8813111f86b2253ba
tau36/sto_bi_tau36.vertical_relax.in,tau36,B,qe_input,1677,9893e7e33a47be9acc3751a46aab20e2ff55559ca69599aea2133e2d8fe632ca
tau36/sto_bi_tau36.vertical_relax_8h.in,tau36,B,qe_input,1676,b59693318d3bf7ee4820a36938730034cd1801af44f3b5e3c7b8cae057851c0f
tau36/sto_bi_tau36.vertical_relax_8h.out,tau36,B,qe_output,1487507,4f1d7facd20e9cdbcedde68a47a2602c7957595097bd835ef21e7dbb77ca4063
tau36/sto_bi_tau36.vertical_relax_restart1.in,tau36,B,qe_input,1657,51e72566569dad4a77547aa09bca061f67fc3deee3fe066ae2d24e194bd9b23e
tau36/sto_bi_tau36.vertical_relax_restart1.out,tau36,B,qe_output,2338985,ab8ea91682e455de7a4a4d5a494d0cee8d075974c4c2d0f1fd977b4d982a6c25
tau36/sto_bi_tau36.win,tau36,,other,3645,794ffde9b8657093c9ead378d3ffad51e781723bd4f113cf655861c58bb12315
tau36/vertical_relax_wrapper.log,tau36,B,other,160,a586ac98750e688775650bf170fe55d879848a89171ff5c36df8c126ef5e29ac
tau37/pw2wan_tau37.in,tau37,,qe_input,149,53ef817af2c54deede04b385c7e7967f30c2f7f46cb2a504e9a385d43f822012
tau37/stage_c_attempt01/config.json,tau37,C,stage_c_record,1727,e9437b569d7a917146bacf371d31b14208a2223cf6404861a6eab0b371f25ea4
tau37/stage_c_attempt01/fire.log,tau37,C,stage_c_record,1870,76d4915e77468e1ff26f31101033438bfed96cbde6d3418f03dabf792d35b8ba
tau37/stage_c_attempt01/fire_restart.json,tau37,C,other,758,fadb0a42716e6a03813bd6421ccd16eb8b636114e2f41727cadd279135ee2731
tau37/stage_c_attempt01/make_amplified_tau37_trajectory.py,tau37,C,other,968,0f7233dc11cb3d8d27dbbf768c0f8503401516feaa5bcb7f9651f976d6e1d176
tau37/stage_c_attempt01/make_tau37_fire_animation.py,tau37,C,other,2859,0415696a764bd8b2d6b98b37abf1d6a11f5b279978d4545ac40e36ccd2a94516
tau37/stage_c_attempt01/provenance.json,tau37,C,stage_c_record,591,8f69fed13e94dde13d80ff13b5815a9f2906a1f7e460cea4cff2fdc87aa057b7
tau37/stage_c_attempt01/status.json,tau37,C,stage_c_record,39,e415f9d7544aa8959d1cbd80b45b71565b34e3f7c1c736f3735f9dfffe98a24f
tau37/stage_c_attempt01/step_00000.traj,tau37,C,ase_trajectory,1030,ebb766bb3e2a839b1dcca6e3858bae23d9796eb75e47d1ebcc59af76b1433d3b
tau37/stage_c_attempt01/step_00001.traj,tau37,C,ase_trajectory,1030,b8251a751da5a7fd8ce1b1f3e1f414ce12c5c1238beffd49dbe2267d2f89bbb6
tau37/stage_c_attempt01/step_00002.traj,tau37,C,ase_trajectory,1030,110190335b0644f4bf2dd015fc16476122c03f2073508c5317c08872b91d55e7
tau37/stage_c_attempt01/step_00003.traj,tau37,C,ase_trajectory,1030,ea703d7f6fd0408b78549f0fd1085882f2245e2e72e344d4ab51c382f4dcb99b
tau37/stage_c_attempt01/step_00004.traj,tau37,C,ase_trajectory,1030,a7e4d9712f70678a0409a6cd69bd2e3a1b3e9deb8a44588f58109080cd7c6418
tau37/stage_c_attempt01/step_00005.traj,tau37,C,ase_trajectory,1029,cb848ed97778f528ad7a1ce694fab7338350e0112b59b5d5ec4be40f5cb9d332
tau37/stage_c_attempt01/step_00006.traj,tau37,C,ase_trajectory,1030,e5ab4890130551b102dc9d3e73da64a8164d8c1b812384d2c1445e3e4376ad0f
tau37/stage_c_attempt01/step_00007.traj,tau37,C,ase_trajectory,1030,8ce904dcc365a30c085b196769a709c3622511889fafc5f2df3812a9390feb0b
tau37/stage_c_attempt01/step_00008.traj,tau37,C,ase_trajectory,1030,3f4834e13fd56e7352f49cda5e00c2aefc6fb24cfd05fb6479b3bcb2312ee7a5
tau37/stage_c_attempt01/step_00009.traj,tau37,C,ase_trajectory,1030,acd791c4a9cb88c2e65be8fad178d480e09218551c0c4d532a102e746ee2e0bf
tau37/stage_c_attempt01/step_00010.traj,tau37,C,ase_trajectory,1030,5e09f5ac71d2250b256afb344fca29d58ed611c88c1b07ae6219f8e49ff4b352
tau37/stage_c_attempt01/step_00011.traj,tau37,C,ase_trajectory,1030,b4240f68e47749737c49968a9a4c20ad6b07bd8837435aedbb98cf73c2bd91b3
tau37/stage_c_attempt01/step_00012.traj,tau37,C,ase_trajectory,1030,db1cb1076eb5597f3fce2c87bd2953024657a7f54497d625fe99e0d015f10dd3
tau37/stage_c_attempt01/step_00013.traj,tau37,C,ase_trajectory,1030,c2a964ee2b265de610e7dc42478c5c2261e72e47e0c4e488ad40451399735e12
tau37/stage_c_attempt01/step_00014.traj,tau37,C,ase_trajectory,1030,681da225283b25cad80ef7e410dfae31b721996f186a62ebe84798b553ca4944
tau37/stage_c_attempt01/step_00015.traj,tau37,C,ase_trajectory,1030,46b6658a107012687244280c5dc30327bd15e610ea631fc9854b22870fcf39ab
tau37/stage_c_attempt01/step_00016.traj,tau37,C,ase_trajectory,1030,e125e5f6e4be24260cf84d7556a6959b5de3e4ec5c4f0c5785a9d1daf6da6e63
tau37/stage_c_attempt01/step_00017.traj,tau37,C,ase_trajectory,1030,5d9bdfdf7a8d08566728ee80fc73ad17bf7a01ad694693fe85579b346ccae53b
tau37/stage_c_attempt01/step_00018.traj,tau37,C,ase_trajectory,1030,b4e660ee29630a7df3b15e7284adfed3fc2dbb96caf2897b7b2251b36bd97154
tau37/stage_c_attempt01/step_00019.traj,tau37,C,ase_trajectory,1030,a9bd89bf53b5e547b9d7813a9d5300d1d202ef4e57a811bdc946ba75f7f32d49
tau37/stage_c_attempt01/step_00020.traj,tau37,C,ase_trajectory,1030,f705dc98b37ac279a84b0131ae2bd2ef83ac1aa179df671067e909f9c37cb6a5
tau37/stage_c_attempt01/step_00021.traj,tau37,C,ase_trajectory,1030,e61cae6f5fa46f84c3ae251c5c5bb967882e671669b371badb97b49d523774b4
tau37/stage_c_attempt01/step_00022.traj,tau37,C,ase_trajectory,1030,d798cf0a69a5aff0a42b8a0bb17d1c2ddce7516605d06bff3c7cd6d1cf04eb62
tau37/stage_c_attempt01/step_00023.traj,tau37,C,ase_trajectory,1029,6fd3b9a71f8f8d5f674905078dd6a57635b34a4afd7503a520e8d243161cc49a
tau37/stage_c_attempt01/step_00024.traj,tau37,C,ase_trajectory,1030,025b7a43373ddce6c9a6e9d2620e63a1bce68946ef7e38bd4a6458ea3447900f
tau37/stage_c_attempt01/step_00025.traj,tau37,C,ase_trajectory,1030,b8f0f33b75f81d22e9ab4ec2d1d5cb7de5424b8ae888e3f13d5217cfbedaa809
tau37/stage_c_attempt01/step_00026.traj,tau37,C,ase_trajectory,1029,5fe630f5517956a0dcdee10dc553e4149e33b149237476ba41b9a0f0c983edb1
tau37/stage_c_attempt01/step_00027.traj,tau37,C,ase_trajectory,1029,77768f93ef8db822973917dda866e7bbcc27afa3cebb0d688afee8de6e13bd06
tau37/stage_c_attempt01/step_00028.traj,tau37,C,ase_trajectory,1030,d6fcba40e11d5fa13fedc59bb1103bdba5b79926cf3584e30f9557faa6f2f5d3
tau37/stage_c_attempt01/step_00029.traj,tau37,C,ase_trajectory,1030,6548e2f12a6fb7578e9026bf6d157a17d90b70c7efd5bb0b9ff6981fe2071944
tau37/stage_c_attempt01/step_00030.traj,tau37,C,ase_trajectory,1029,26dd7ee7b1242c8bffb9ac9cb0747d65c70c6a6d5860f8b3fdc5179f3890a97f
tau37/stage_c_attempt01/step_00031.traj,tau37,C,ase_trajectory,1030,73ad1328f2540f3784206843d410eec4cad72172dab695543f26f19e0671457c
tau37/stage_c_attempt01/step_00032.traj,tau37,C,ase_trajectory,1030,9a0efc4f5524daaf06d39c4cb96efcd24bdf2bbf1cb558fa08f5bcf2b1834eb6
tau37/stage_c_attempt01/step_00033.traj,tau37,C,ase_trajectory,1030,4a6ff52fb887c6193226e29ebf2c64039ac9cdf4036c0b58357d8698631f1867
tau37/stage_c_attempt01/step_00034.traj,tau37,C,ase_trajectory,1029,9c27a970ef55b1a9ed6f745ec4ac99efabdb122389240ea9e98a050c9981febc
tau37/stage_c_attempt01/tau37_stageC_FIRE_motion.gif,tau37,C,other,242775,5b7d7c20411dedd68a3c5e97263089563b2e83e489ef027d346afcdc905d7fea
tau37/stage_c_attempt01/tau37_stageC_FIRE_trajectory.extxyz,tau37,C,other,42799,1a39e014c3c0b062a98ca671dc75cef1a18d837c727376bf309e08de22d12edb
tau37/stage_c_attempt01/tau37_stageC_FIRE_trajectory_amplified_x80.extxyz,tau37,C,other,25190,fcecb5371dd3a9ea51e4591ac503edd3b85d32060566eb2a32776b7f4576588d
tau37/stage_c_attempt01/validation.jsonl,tau37,C,stage_c_record,11658,df3bd98db37b4224d8705fb5a0cce0529c6395b1105b5e8523128db91130bc65
tau37/sto_bi_tau37.nscf.in,tau37,,qe_input,4482,0b9f47bbf4f0da2c06491eda935ec3beb506c3814e47c84c8776087eadd38f0b
tau37/sto_bi_tau37.scf.in,tau37,A,qe_input,1324,aa32d9352534d477f8b8d18cede7030ab13f6d41aad031363f8b8d2b5df86f46
tau37/sto_bi_tau37.scf.in.bak,tau37,A,other,1298,58b922fba7c9fa80c04bedd2c4ae80c5187c2c23206130e40b29de983217b9ed
tau37/sto_bi_tau37.scf.out,tau37,A,qe_output,189728,ac82310fd7793250d2e131992fa37580f94ea3cb919574d7623c7c0005e33741
tau37/sto_bi_tau37.vertical_relax.in,tau37,B,qe_input,1677,dcf4746a0217ccf0f9000ac18abbcda5718050201196879cb557d5871ea02c9e
tau37/sto_bi_tau37.vertical_relax_8h.in,tau37,B,qe_input,1676,e54164364b5ccd9e4843b24cfc48149f23700aef5c1c4f1bd44caeacec0550c3
tau37/sto_bi_tau37.vertical_relax_8h.out,tau37,B,qe_output,1932145,8d44a6224a5ee9c18f5a265e7bee99327fc39472e8186b9c3ec755b56149d4f8
tau37/sto_bi_tau37.win,tau37,,other,3645,f618a054256b76b2d20e708bccf53b3ab3fc72b42963713729c8fdaa9a998948
tau37/vertical_relax_wrapper.log,tau37,B,other,152,da6c1a9ea543ed09264ad8e4042cd8d0ccd1028ece53e3242be10adee99e5fc7
tau38/pw2wan_tau38.in,tau38,,qe_input,149,5a94df101d51edb8cad0dd90cc9b5caa2e0839eac9967bc46140da0119a08fd0
tau38/sto_bi_tau38.nscf.in,tau38,,qe_input,4482,2eac7df0e07f354c61866cae4b1c1dfe0f6c932c6d0af27002c5d95bc98bd072
tau38/sto_bi_tau38.scf.in,tau38,A,qe_input,1324,66244db2c2a4c3ca992d4f8f95cf02e20e41ab88ffd1a66fdb1bdc1524be4cbb
tau38/sto_bi_tau38.scf.in.bak,tau38,A,other,1298,56e5b089d2e8d02b04dbb0088f99db3a8095fb6b63d09b769257aa2bb82d7e27
tau38/sto_bi_tau38.scf.out,tau38,A,qe_output,163824,71a154e9830bc038cdd5d8e69226232e300cc297fda4ac707f4aacb7be575d45
tau38/sto_bi_tau38.vertical_relax.in,tau38,B,qe_input,1677,166a6fc904f061803373b4484372a95913cb520ffc587027d3279cdb72289632
tau38/sto_bi_tau38.vertical_relax_8h.in,tau38,B,qe_input,1676,1fb82ec5eb9ecce4942c84fda25eee6ca5eff547dee7a001bf310b371d4afb55
tau38/sto_bi_tau38.vertical_relax_8h.out,tau38,B,qe_output,1931790,9f0b85599614250df6820355a38313ecf8b9d8e169265e6c7c94b7f825e1ce8c
tau38/sto_bi_tau38.win,tau38,,other,3645,71b57b9a99b8cb5b72b2b937bfeaf1f66c5c8663f6e20d59db9bf5d57393c31d
tau38/vertical_relax_wrapper.log,tau38,B,other,152,5a02d6916fc1354db7da8eae916ed1b23926c0f1cc001b3a7a9000f41cc0f562
tau39/pw2wan_tau39.in,tau39,,qe_input,149,607e7d20cf9b8f027bb21584e9b7c5a249801e77487d415e91827b70bc31a561
tau39/sto_bi_tau39.nscf.in,tau39,,qe_input,4482,7ea564b56cec4fa141f816917bab3a52363bab78f5ff9bee5cc15c441aceadf7
tau39/sto_bi_tau39.scf.in,tau39,A,qe_input,1324,80b12367158541168cb518fdfce2098c317235b42eb52f66c336c8577864f584
tau39/sto_bi_tau39.scf.in.bak,tau39,A,other,1298,0f42d7a68c7f9b2be6d8211a8f9707f846b5ffa8d2bc31e4a8695a529f2ea96e
tau39/sto_bi_tau39.scf.out,tau39,A,qe_output,153070,665cede5561248045d4762de82b2f117fb5da30d6a5c7ebedfd809219b0f137d
tau39/sto_bi_tau39.vertical_relax.in,tau39,B,qe_input,1677,24ade90ad702143757f1da4b97415c09b4e206bcbc9731beca5d946e71163d88
tau39/sto_bi_tau39.vertical_relax_8h.in,tau39,B,qe_input,1676,e451f90f161c109daf3e0ba699a45b9c82af12eb0d2f1dc64866585b12bc984c
tau39/sto_bi_tau39.vertical_relax_8h.out,tau39,B,qe_output,1906068,da277d776e51a55329b052404deed067905e726628a9c28f2e9d01fda9541cc5
tau39/sto_bi_tau39.win,tau39,,other,3645,65771013d29a17c5f5715636ea6d2875d2b9e6792a202a102879543ff6224daa
tau39/vertical_relax_wrapper.log,tau39,B,other,152,0fc84a837aebbf0fa66dac798f3fb63f6f588076087797c9f36a9dd0b53cdf15
tau40/pw2wan_tau40.in,tau40,,qe_input,149,b4abebc6986504aaccba4c4239f530f5c3b0ec1c965a0c3abe127f99bb3d612f
tau40/sto_bi_tau40.nscf.in,tau40,,qe_input,4482,c0cb55e765899afe71c225da1233d6c6476ac96d18b2a8c272b3ff2bed59c5cf
tau40/sto_bi_tau40.scf.in,tau40,A,qe_input,1324,ad6d371b2a2efda097c7cd4a770a67a489b6f91c341b13150467adc3c6e743df
tau40/sto_bi_tau40.scf.in.bak,tau40,A,other,1298,0b92a5e210c7e7738a4ff3b7f809499349b6bdbcf7d5d1880a329602a121d68c
tau40/sto_bi_tau40.scf.out,tau40,A,qe_output,170377,2ef1e22e16d861b232ca3310189494dec11653a0a2eab0b8051d5c3071839b84
tau40/sto_bi_tau40.vertical_relax.in,tau40,B,qe_input,1677,255fa4789a91c5808960348f1a07e94f7ddbe6c9cbf2cde2c4c96b000582f89c
tau40/sto_bi_tau40.vertical_relax_8h.in,tau40,B,qe_input,1676,d726f8298fbd9798c521827ab3190568dd1c05edea45136b7d9d2939aef96f21
tau40/sto_bi_tau40.vertical_relax_8h.out,tau40,B,qe_output,1977934,3413c11c9cbd8d3f462e5a6b50776e946bd6fe59762491e1302884542800df1a
tau40/sto_bi_tau40.win,tau40,,other,3645,e8e068f3048ed0c5f899b2dfe4d55b57997a545db40933f58cd79a43fd589c2f
tau40/vertical_relax_wrapper.log,tau40,B,other,152,e4d17bc95bbf30bece45db632c6aff3602999b0e41ec687c93bf8fa1bbdc8cc2
tau41/pw2wan_tau41.in,tau41,,qe_input,149,b888eec40b933c34fe58c22a2d66399b7e86f0cafab3a8568abb75cbe3767aec
tau41/sto_bi_tau41.nscf.in,tau41,,qe_input,4482,86a9d61e3f609e78f16b90c754fa44b52d4a82e3018472654f9898fd93c6b572
tau41/sto_bi_tau41.scf.in,tau41,A,qe_input,1324,9d25a40d905c26ca4baa964949c00ac530d73e51d634b54c9614f5f953334252
tau41/sto_bi_tau41.scf.in.bak,tau41,A,other,1298,b164bf4c2d3a56a339ec1adf654b5e47cb0278127f3984cd251305992f433398
tau41/sto_bi_tau41.scf.out,tau41,A,qe_output,161264,21934401382d55219f18f83c3b5f485c7197240cf73ae2002a1f06cc67378d37
tau41/sto_bi_tau41.vertical_relax.in,tau41,B,qe_input,1677,ad2b1b36ddb3f53dd0f3eb255d5642efd15d05069f449d87d5a1dee6f4d0b96a
tau41/sto_bi_tau41.vertical_relax_8h.in,tau41,B,qe_input,1676,3994091036fd2726111ae62626e0b18b2fc250b390645a401aad1b8ca99a1b1f
tau41/sto_bi_tau41.vertical_relax_8h.out,tau41,B,qe_output,2000512,512da480772795b07d7a3aaa345c7e28f8b4ca7df0b3a893b45dd831dd4a7642
tau41/sto_bi_tau41.win,tau41,,other,3645,5fc3ea2d048edb38e1c9968034dcfc6e99313ed0ccd571dcc4ea99444aa1cc04
tau41/vertical_relax_wrapper.log,tau41,B,other,152,3fda5b92e30e6adc1d63bbaa5c36fa0b71b8d397dba6d8b468fb5eace82f3607
tau42/pw2wan_tau42.in,tau42,,qe_input,149,94cf03cc17070e60f7dac41c3a1a84003a7538a15d2ed141b1c50e6de2ff9225
tau42/sto_bi_tau42.nscf.in,tau42,,qe_input,4482,de78de40c8b351b042fe4b0fcd92f75f54ca795164aac25b42014400a7398dd7
tau42/sto_bi_tau42.scf.in,tau42,A,qe_input,1324,133bdb62f38055494f382a65036bb1130fef77ad93fc8d05b6573045d205b7b3
tau42/sto_bi_tau42.scf.in.bak,tau42,A,other,1298,80bb67b3bd807141b83e9f632c6785cb439b2f9e7ae8a6ac08bccb8e2e1e108e
tau42/sto_bi_tau42.scf.out,tau42,A,qe_output,155423,6f796ce3864f6408c6f84841da7be6c0e7eb04cfacf1902fbd87a1d33d41126d
tau42/sto_bi_tau42.vertical_relax.in,tau42,B,qe_input,1677,c62001ad6cee83f52b32968c0007774828fcbc4c863d9727d10a285c9fca46f4
tau42/sto_bi_tau42.vertical_relax_8h.in,tau42,B,qe_input,1676,6add601ebf1d75842682ce0cae1158cc5e1e7186d0cb84f0a333cab4887c23b1
tau42/sto_bi_tau42.vertical_relax_8h.out,tau42,B,qe_output,1883537,7b983f849d30847e684b4fc63953de477568a191c28723aa4bbfee05bff3ccc8
tau42/sto_bi_tau42.vertical_relax_restart1.in,tau42,B,qe_input,1657,b749c73ea5eb6f55a29301ebc732f47e17c81cb9649f66402095c61d5c5f489d
tau42/sto_bi_tau42.vertical_relax_restart1.out,tau42,B,qe_output,520892,326ce2589000c20a3e9331366ce8c1fd74952802165925fceabcab0341d342b0
tau42/sto_bi_tau42.win,tau42,,other,3645,65b8f7c3f6b2be801889b1769d64ecb6704a8a35bb182207cf4472328d727f46
tau42/vertical_relax_wrapper.log,tau42,B,other,160,519456b483b8e24c61172d5d4a6e3899a7b2bc119bd4bc7e6bdd8b21a6f40bd0
tau43/pw2wan_tau43.in,tau43,,qe_input,149,59ddf613e02ebc2760caf4fb14bc7b404d43c755f931f79e742b833322a3e4be
tau43/slurm-58022893.out,tau43,,qe_output,1008,6ec77f6825a3fef09c22e9a14e67e409c883caed5971115fb1870153425f9cfd
tau43/slurm-58022894.out,tau43,,qe_output,463,f379a810f6c181d124c929d867bbb046d325d9c189a0970271d6bb57fe5fed9b
tau43/sto_bi_tau43.nscf.in,tau43,,qe_input,4482,b1a37a427aef08ed45153ddc4a226f9f45c637848e892af09af116a65ec508a5
tau43/sto_bi_tau43.scf.in,tau43,A,qe_input,1324,a27a74edf407f22734f0cd88ae040ac4cd08acefb6c57b9c043816d096f5477a
tau43/sto_bi_tau43.scf.in.bak,tau43,A,other,1298,a905ee11b941e8022322bd332f49880036cc64e9c2a3e2f5a91b22f7f712ba8a
tau43/sto_bi_tau43.scf.out,tau43,A,qe_output,167229,fa86c15a5e5bb14fad5aa2bcc64f3357446f0013eced11aab9cb7151e935253f
tau43/sto_bi_tau43.vertical_relax.in,tau43,B,qe_input,1677,2edf980b69d10759cebbc623f973cf1e1a2d02e14befceeb8fada76341f98b82
tau43/sto_bi_tau43.vertical_relax_8h.in,tau43,B,qe_input,1676,be8c2d0bbcb83ea4b0f698fd8039040f71cb1af2b67fe1797767dc9960cae648
tau43/sto_bi_tau43.vertical_relax_8h.out,tau43,B,qe_output,1604765,f6f5b122a199fe6ffcef7302196497938553eb1475e9d1b3dc3c0846315d0a2a
tau43/sto_bi_tau43.vertical_relax_restart1.in,tau43,B,qe_input,1657,dab98729c8d1cb96a15170b72c77dfa82bf873d26a362fb13d43c7aafd9a272a
tau43/sto_bi_tau43.vertical_relax_restart1.out,tau43,B,qe_output,2792551,16f17d475bfc2dfd19875ad964a7ce99bf6df063ca5d9d46524dd6b068985d6e
tau43/sto_bi_tau43.vertical_relax_restart2.in,tau43,B,qe_input,1687,2b3ae320796d687c1d5d9cb17998863c0d0122b2dcc00de62d21b4759be649b9
tau43/sto_bi_tau43.vertical_relax_restart2.out,tau43,B,qe_output,2850476,8d16f2e5211baa7616e961eb57242e5728b979e6065a62cacf20345c7cf5c5d4
tau43/sto_bi_tau43.win,tau43,,other,3645,6841609b4603e2f084fa94a8355e0ee351d30f47e16446c418450b06d65d2704
tau43/tau_vertical_restart2_group1.slurm,tau43,,other,5228,b115438c4227fbb0387aa68be24eb05c01d15c98be6f885bf29467ce9f072724
tau43/tau_vertical_restart2_group2.slurm,tau43,,other,2203,24417df56cb647e6761539079ce130ea84c756480f3a29aef38a363ccf901d6e
tau43/vertical_relax_wrapper.log,tau43,B,other,160,62556174cf857a35bfe35d5fd09fe4fb4380a9966bf55164fca535fb44186f17
tau44/pw2wan_tau44.in,tau44,,qe_input,149,3b8b0aef811cb7f95e8734df2d1b31a5f46e4aeea320c0d5eeef3544704faed2
tau44/sto_bi_tau44.nscf.in,tau44,,qe_input,4482,5ceb8d3a9015645c3640ac707158ff32890b64864c37ad6225df872b8c073660
tau44/sto_bi_tau44.scf.in,tau44,A,qe_input,1324,44aab73b4b82ead1593615d33637f11f684e465285a8346245a3ce06f7b16826
tau44/sto_bi_tau44.scf.in.bak,tau44,A,other,1298,b9f0e2207b74ade44b939373a2ad4d12fade64b80c36c89d6825a9e77d951948
tau44/sto_bi_tau44.scf.out,tau44,A,qe_output,274614,4ea9ee3e1d252b963c0349360f6780a4d1e404aa38a1ca070e62adcbf749394a
tau44/sto_bi_tau44.vertical_relax.in,tau44,B,qe_input,1677,5416dee17c8398238b86792175b33f5512543bdb648e42ef08c9663909edf233
tau44/sto_bi_tau44.vertical_relax_8h.in,tau44,B,qe_input,1676,128d1685a64584b1b945f5b14f2798c7317a29eb65371c03037f017590a73e75
tau44/sto_bi_tau44.vertical_relax_8h.out,tau44,B,qe_output,731927,8dd642a44707989ba5a03ec624fb034b50b021e5096c23d8ab1bed65c5dc6601
tau44/sto_bi_tau44.vertical_relax_restart1.in,tau44,B,qe_input,1727,ce977ad0e7511fd7fc13685345b87f6782019781a9bf85664f14123f0db2ff30
tau44/sto_bi_tau44.vertical_relax_restart1.out,tau44,B,qe_output,3005417,60fcfbc4b2d7b82de0416e5d1d7b199091cbfb008ebb651e06a03ac8fd416e62
tau44/sto_bi_tau44.vertical_relax_restart2.in,tau44,B,qe_input,1687,450d02fb86a5ffbd781d35cb322397776b3aefd6b6eff03881b9122483858ba8
tau44/sto_bi_tau44.vertical_relax_restart2.out,tau44,B,qe_output,3092284,66442043a46badbd4e3b2c943f6e998605aae1a2d375dd87c9eba64b2e2910df
tau44/sto_bi_tau44.vertical_relax_restart3.in,tau44,B,qe_input,1935,bac31aee1fad0b35e5612ab1bb7cde6738edac47212365f9b67225f26ef12987
tau44/sto_bi_tau44.vertical_relax_restart3.out,tau44,B,qe_output,650217,b0bd0db3597f47e47a019c0d5e305f60e7035941b84023a19ee20a8dbe08f976
tau44/sto_bi_tau44.win,tau44,,other,3645,8b1b54bd6610f4a4304d266d5034d89186295dc54d848f0a57643de4300410bb
tau44/vertical_relax_wrapper.log,tau44,B,other,160,2a6eb73d614dd2c98bd5dac3265defc09fa2df7446c464ab4c4b5b7fadce1632
tau45/pw2wan_tau45.in,tau45,,qe_input,149,596b49c56c5c86540c23d35149d9e795ef15655943c6cfa8edbf63253850bb9e
tau45/sto_bi_tau45.nscf.in,tau45,,qe_input,4482,a5e1078c1a45bf053cb5bc840a18ff6cf739679a9203fba49489502642e3f922
tau45/sto_bi_tau45.scf.in,tau45,A,qe_input,1324,0b72163806eb55b5075cdfd650d69486d0bcea6dc600f2ef1d534f06c1c11d54
tau45/sto_bi_tau45.scf.in.bak,tau45,A,other,1298,95c4fea279524fb77058500eb4ed4b022467bdb6ff1dfd8db4f910e86c7f0a0b
tau45/sto_bi_tau45.scf.out,tau45,A,qe_output,228595,1b609b45b007bded2b3fa891dfc7378461547636b2a9cfe79d3183bb7ebb5d5a
tau45/sto_bi_tau45.vertical_relax.in,tau45,B,qe_input,1677,61d5bff256835379f46f2e0c425627689d18ac854fa7d897df830ff1d8320f4e
tau45/sto_bi_tau45.vertical_relax_8h.in,tau45,B,qe_input,1676,8e07ce4777d5d8d564d6de9535b97544b421026842787eab4d37362b30b0c8d4
tau45/sto_bi_tau45.vertical_relax_8h.out,tau45,B,qe_output,1564812,cf2824ad66e7c643f799ab0a0f7d47d482eb6eaa5909a32d119921af97f1517b
tau45/sto_bi_tau45.vertical_relax_restart1.in,tau45,B,qe_input,1657,8e47be30cacf29cafb8247c8592af7663ad711194f9413b87c30a5529ace2b2c
tau45/sto_bi_tau45.vertical_relax_restart1.out,tau45,B,qe_output,2538261,8e6b82a776da6fdc0238d3e3469102116a9f9b6f06b66b6657fef68a31069524
tau45/sto_bi_tau45.vertical_relax_restart2.in,tau45,B,qe_input,1687,9eeb5593d72ebad9dc72f039df1d18dc1e207e06ae546fd16d4716ece32de131
tau45/sto_bi_tau45.vertical_relax_restart2.out,tau45,B,qe_output,2793629,706bf9a2756a95a1674b81254900aca1de8bdad5888230d10080daa1c085eaa9
tau45/sto_bi_tau45.win,tau45,,other,3645,86f2094018f8ccb57fa2da62ac3a951b67f5478d90e32162f303f1e0e8a5b875
tau45/vertical_relax_wrapper.log,tau45,B,other,160,04f4f2dd32f283352fe0eff01ea596f7794928f2df9e871edb1c381676f4c516
tau46/pw2wan_tau46.in,tau46,,qe_input,149,f496c8a35c9058fa1467407e712b1b185a39f075850e455b7647d8521df74ac4
tau46/sto_bi_tau46.nscf.in,tau46,,qe_input,4482,1631cfb6b9e77c3417c63de934eb47206b550124ca55cd4790229c298061bc8f
tau46/sto_bi_tau46.scf.in,tau46,A,qe_input,1324,a11a16a225ca791b52a31e9bb2fff38f2e2365f5b1cbed903f7d053acd31e69e
tau46/sto_bi_tau46.scf.in.bak,tau46,A,other,1298,22da314d88b0afe5167ad1257e5a83e27a6b912d540c539926b11eb2635b5798
tau46/sto_bi_tau46.scf.out,tau46,A,qe_output,180569,0b1d1d2dff873d3605efa4fbec5e3a355860101e0583467e68359c5293f4f2fe
tau46/sto_bi_tau46.vertical_relax.in,tau46,B,qe_input,1677,2ee70023bb6d9d3ad61989fc2fbeee222ccd7beb12e1ed48b3bd0d73d450c9e1
tau46/sto_bi_tau46.vertical_relax_8h.in,tau46,B,qe_input,1676,dfd3ffea56c236acfa6f6d5ace2370548d406c3e7d9fbbd1a28b423c5d105ea3
tau46/sto_bi_tau46.vertical_relax_8h.out,tau46,B,qe_output,1532230,7b25e25c3a80e4e6edd2156227fd1bc9b838bffcc1b9209fc0b1701926a4d9f4
tau46/sto_bi_tau46.vertical_relax_restart1.in,tau46,B,qe_input,1657,82f7880f083a4976a0af2d683f617ce22aac29d1782bf2fe5046359bc7ff9395
tau46/sto_bi_tau46.vertical_relax_restart1.out,tau46,B,qe_output,2311639,9391a7dffabbe10cf3837736f42b0da63102e6b1d2fca01e112ab5b345d8e374
tau46/sto_bi_tau46.win,tau46,,other,3645,647232a5c56dc1936d9aec63f97aea26a3e23a49da4e59afbab69cca978d5256
tau46/vertical_relax_wrapper.log,tau46,B,other,160,bbf9e27e93799cf862b3278e4fcb71091a70133000cfe8f4d093b5acd0795c85
tau47/pw2wan_tau47.in,tau47,,qe_input,149,3ef927dd3dbeef6ceb599519740a98057315011eb5bcd7c7c11b55802349721d
tau47/sto_bi_tau47.nscf.in,tau47,,qe_input,4482,8c1ad1af6c219e58369aa888d26e538ab5d052353d2b4947690021d819644291
tau47/sto_bi_tau47.scf.in,tau47,A,qe_input,1324,ca0de17b611dd43b6ad7320e460c26f1f9693d6b860f18965fea64b708e0236f
tau47/sto_bi_tau47.scf.in.bak,tau47,A,other,1298,6b3aaaca307dfccbac3ecefcd9de7240d4c54358f9e88d6d4fdd2f974a4164f8
tau47/sto_bi_tau47.scf.out,tau47,A,qe_output,197399,f8dedc8aa54b434d26453179379761d6b715f7f384009a5ef932c51ff2e10ed7
tau47/sto_bi_tau47.vertical_relax.in,tau47,B,qe_input,1677,430924ee2ff3ed9c024bed732deba6d24694e98fff99edb70845aa73fb27c785
tau47/sto_bi_tau47.vertical_relax_8h.in,tau47,B,qe_input,1676,36a270b2527b291e9ffa055cc44ddc5322255de33b955ea133a99f96fbc48534
tau47/sto_bi_tau47.vertical_relax_8h.out,tau47,B,qe_output,1597596,2758bb60ab08018ce24e26e3df66e113f1fae6af6c95637a0f191047dfcc45a8
tau47/sto_bi_tau47.vertical_relax_restart1.in,tau47,B,qe_input,1657,0e94995730f2ce31c7da96c3bdcf3d73373c0315c309bf1735c92de4754c0277
tau47/sto_bi_tau47.vertical_relax_restart1.out,tau47,B,qe_output,2811999,506d4a8225b72094685630f7a99093810c6b7c211ff4800ef012b8d24d53b538
tau47/sto_bi_tau47.vertical_relax_restart2.in,tau47,B,qe_input,1687,65b813012f0d6f6efd9e9103aed3be2a5d977037252ac4198e15b0f13b03b644
tau47/sto_bi_tau47.vertical_relax_restart2.out,tau47,B,qe_output,2461650,f55f56ac3641652bc5c63635d1d8ed0d3bce22403ffac980f4c997f4df702321
tau47/sto_bi_tau47.win,tau47,,other,3645,30bd77d99bb5ca0161b3c6ce2e3018548a723931f62e1c77f920b8c4915da9ac
tau47/vertical_relax_wrapper.log,tau47,B,other,160,6d869110ec6d4e76cf425512b42eabc56c591a501a32ba09c6caf9db9cf7e6f1
tau48/POSCAR_tau48.vasp,tau48,,other,661,fb12c056a1e24d4e4d6ac757343686d0c5a6e37e2070ba97966c25e5213de8a6
tau48/pw2wan_tau48.in,tau48,,qe_input,149,ab0efd9b2e68a6bc011bd78d8a243d9f8545c1c37fb0c8d4f463deb3d6c9a398
tau48/sto_bi_tau48.nscf.in,tau48,,qe_input,4482,4b5423c5bb9869a8421c7149da8814603910172b3e82d20337da75c526e14ab7
tau48/sto_bi_tau48.scf.in,tau48,A,qe_input,1324,0d0e2a7960aa49e0ec51ff318b32f715b3cf23598ad26d6d81e4c2b4602b60e8
tau48/sto_bi_tau48.scf.in.bak,tau48,A,other,1298,96b24ba7359f855637db2f98b291e91f90baa7dd3107b774a0e8c58ee1efabab
tau48/sto_bi_tau48.scf.out,tau48,A,qe_output,184906,4983cff8a735ccfaa7b1a3f30c701c8ab025f6867a84efa1571d5853ef17d27f
tau48/sto_bi_tau48.vertical_relax.in,tau48,B,qe_input,1677,439d2bee710db2e8326258cc41f77ec9d9045e97ac8fa8a015076e84bc4874f0
tau48/sto_bi_tau48.vertical_relax_8h.in,tau48,B,qe_input,1676,b4ff0b48372a95fc37ae68d19ac3fe8070bc434d6194e8c7d4bba7dfc6439a15
tau48/sto_bi_tau48.vertical_relax_8h.out,tau48,B,qe_output,1769926,973f67cc53f935d335a9c5886957717856137047070f50e9c4cfb9af66e806ec
tau48/sto_bi_tau48.vertical_relax_restart1.in,tau48,B,qe_input,1657,2207a9f3129e61baac854ec06b8c8fa8d5a4b02c8e228e7130f118d79f2d660f
tau48/sto_bi_tau48.vertical_relax_restart1.out,tau48,B,qe_output,2138711,f8521eea725d1a5226ee8106ae8ae40f836a9f255d080059a3d10bac33635ead
tau48/sto_bi_tau48.win,tau48,,other,3645,0bb0955192a838e6b29f0ead820e8251a21d55b34a2156a623236baea724e8b7
tau48/vertical_relax_wrapper.log,tau48,B,other,160,504cb03fa802ed81d39cb9772afefbe5fb66edf98efd66e54fd99ea5eeb7751e
tau49/pw2wan_tau49.in,tau49,,qe_input,149,b913855a4ab04c5902b6f60560895c58938bfadc3ad156eb27ef4a08a687afb5
tau49/sto_bi_tau49.nscf.in,tau49,,qe_input,4482,140e3d3881dde5a6c4f261ccc50eaff6b710de4ed4f3ba1a869fa327bebdae60
tau49/sto_bi_tau49.scf.in,tau49,A,qe_input,1324,c5f1613816288a92a0f3020eecb69efe671d8ffd39ab0794653a195068a17ac7
tau49/sto_bi_tau49.scf.in.bak,tau49,A,other,1298,6d35465bf09998df792ee51489d7acf36a3179d41013b439a902c5d6c1876285
tau49/sto_bi_tau49.scf.out,tau49,A,qe_output,167272,fba7067b171d2e279c1a5e62a711a252e59d5f54479f94b452932ed279bd9aa6
tau49/sto_bi_tau49.vertical_relax.in,tau49,B,qe_input,1677,d5c4078135c63af9e5852e7adbd47ca05c028fc3343d7bf1fa79ff59de3eca63
tau49/sto_bi_tau49.vertical_relax_8h.in,tau49,B,qe_input,1676,481c21b51c95d7bff59aeef0061df4d6fff89a6cc29eb60918264a2f59ed7424
tau49/sto_bi_tau49.vertical_relax_8h.out,tau49,B,qe_output,2017796,316952404dbf0fb6423368f26f20a755f6b46637adb9a2a7556f60fac909c836
tau49/sto_bi_tau49.win,tau49,,other,3645,e03ed49f30bfa6a3711991f670e534563502abc8c27b93ba3aa184d236bc7dc1
tau49/vertical_relax_wrapper.log,tau49,B,other,152,032d79275f86d5d614f86c06224981fa253b918651ddc401c957f28e16339b10
tau50/pw2wan_tau50.in,tau50,,qe_input,149,b5d1e6d7812792201baaee0866d34bd0515d3a5541520ebfc835a01d1a6d6d55
tau50/stage_c_batch12_attempt01/config.json,tau50,C,stage_c_record,1750,88bd684ec57ee40bd9a7928c4bce0f2dcf5f59b9fa110402c6ce8923d825cdcd
tau50/stage_c_batch12_attempt01/fire.log,tau50,C,stage_c_record,570,dd90d880cf72270596ee32f6a282d1e87d2caf601a32a5f525794dfec5288d65
tau50/stage_c_batch12_attempt01/fire_restart.json,tau50,C,other,770,70169b3f650d365fb8945811bf2e2ff008ce8072f7f7dcc3dfe1d9bd0f45c0e4
tau50/stage_c_batch12_attempt01/provenance.json,tau50,C,stage_c_record,600,7913375d1feb4ab07ca3f8bb6c94714b77991eb46c6695e7fd0480c4b33f2779
tau50/stage_c_batch12_attempt01/step_00000.traj,tau50,C,ase_trajectory,1030,a1777324723fcaeb3cfc9582d8558b6b3f48776bf108ef07798785bd6055be67
tau50/stage_c_batch12_attempt01/step_00001.traj,tau50,C,ase_trajectory,1029,360ada282a85e0ece5ca72f902e8178307d6361a2c35a9dc1cbdfbd1ed670978
tau50/stage_c_batch12_attempt01/step_00002.traj,tau50,C,ase_trajectory,1030,5054ba766458a9630da746596985c5c24381950cc608fab363f31f574546447e
tau50/stage_c_batch12_attempt01/step_00003.traj,tau50,C,ase_trajectory,1030,edcb10e61b075e12284da91673abff30e04115f589daf753d6243bd97abe6e58
tau50/stage_c_batch12_attempt01/step_00004.traj,tau50,C,ase_trajectory,1030,ef54c9cda490ddd89379519d4ef81baaf13aa1420fe1d76774e91f95112d3991
tau50/stage_c_batch12_attempt01/step_00005.traj,tau50,C,ase_trajectory,1029,11dcbc726212d6ef46c3832aa579b86f574cfa43cc2ed187393e6a460001462e
tau50/stage_c_batch12_attempt01/step_00006.traj,tau50,C,ase_trajectory,1030,d9ae3525b3106077b818a4754b6ce7b649e7c9410f90292688e5adfea5aa5814
tau50/stage_c_batch12_attempt01/step_00007.traj,tau50,C,ase_trajectory,1029,7f922170ec119b070abc9c350667f2cc42a698ffbf28447f2b19ef753517a041
tau50/stage_c_batch12_attempt01/step_00008.traj,tau50,C,ase_trajectory,1030,7647922ee27efe3ab79b6d0c8cbfc3bb06ec8cd18949cbae5d9deca51f82cc94
tau50/stage_c_batch12_attempt01/validation.jsonl,tau50,C,stage_c_record,3244,3a0823821a44e73ee25cf8b96bc3fbb3f8b5ddf3dbe88bc6167d123acd02f485
tau50/sto_bi_tau50.nscf.in,tau50,,qe_input,4482,1eab214618b32c89ce99422e8d66a3108a856039ca0dd853c8f1d258b659838b
tau50/sto_bi_tau50.scf.in,tau50,A,qe_input,1324,8da32f3416bb2bfd06115383a8143bde83fd77a99def9f1e81fce176996bcf69
tau50/sto_bi_tau50.scf.in.bak,tau50,A,other,1298,e6aa44d063b14d8b6626995ffb231af7ca4a760e4b6ca4a5e12cdee7d0ba1731
tau50/sto_bi_tau50.scf.out,tau50,A,qe_output,162841,47b169ab65692ad53744ecbe32701516de60bda0774b76c7b689e8ec982f9dd0
tau50/sto_bi_tau50.vertical_relax.in,tau50,B,qe_input,1677,8d83bf99dab92e67c012ac3b5ef5e4459c802b8579b6bb246b634043aeac56c2
tau50/sto_bi_tau50.vertical_relax_8h.in,tau50,B,qe_input,1676,2beb6e464e53d6cd4f4545b9be2103804ac5692e8e33449a0e780bdfb39d8d72
tau50/sto_bi_tau50.vertical_relax_8h.out,tau50,B,qe_output,1929232,9b86f5b10122cf5749b4c2397621242ae30211bc2a78bb18b215ea7e18be2b2c
tau50/sto_bi_tau50.vertical_relax_restart1.in,tau50,B,qe_input,1657,2b395738f21c322cbede77fa5210ed8aa8b2d1304d24cb34b2aec7522dad5040
tau50/sto_bi_tau50.vertical_relax_restart1.out,tau50,B,qe_output,445628,85a063a0d9329f185cfa82339a2ad68acb013fefecd3d020d0802a5e6bf3e96e
tau50/sto_bi_tau50.win,tau50,,other,3645,56686a3846c2240c459f110a728d4605ffae5ef51e27bea4663673c329bb79eb
tau50/vertical_relax_wrapper.log,tau50,B,other,160,2d007e29dde9cc6c47561dcff6ba70a83dd8829ca753f9dd3b0a6a789b6f1b78
tau51/pw2wan_tau51.in,tau51,,qe_input,149,b061ea5f5ea934f96a8ebaac958a399b0f9b8afafb9c7e350995be02433ba0cd
tau51/sto_bi_tau51.nscf.in,tau51,,qe_input,4482,0fea99240ad3ba4da9ecc95183d6022c1744cc334f9fb0de8a2f5b9248f14140
tau51/sto_bi_tau51.scf.in,tau51,A,qe_input,1324,72efd9163e873e82286f38b0e56886a4810130fe2f40e74f99b033b66348727c
tau51/sto_bi_tau51.scf.in.bak,tau51,A,other,1298,6d3604b7c46ab6ba353f0951e2a7dc86f9add9bf1d72adbfa9ed5ee2ca89aec0
tau51/sto_bi_tau51.scf.out,tau51,A,qe_output,217225,e4a0b933d4d593fd13ff7f76de710a48eb5f8d8a082ee776ed46f8a8ed8fd8a2
tau51/sto_bi_tau51.vertical_relax.in,tau51,B,qe_input,1677,cc5323ec9fe827ac495c22e72b7c443796dedadafdad7e9bcabfb7ab89a5005d
tau51/sto_bi_tau51.vertical_relax_8h.in,tau51,B,qe_input,1676,0d743315a659a9b9339e6530798017a098ac8bf2c398b6115b926a486125c7c4
tau51/sto_bi_tau51.vertical_relax_8h.out,tau51,B,qe_output,1992065,2a4c5fcca607f6a89e0df8927b2ea99758af6a3a6f25a1909a0ee2e9c0d0c4b4
tau51/sto_bi_tau51.win,tau51,,other,3645,97c6fa8a73a80f1e32162c7373969d53c48c9c3cee6b5cc9a0a810fa5afc95ce
tau51/vertical_relax_wrapper.log,tau51,B,other,152,745e0b6cfc7ad391396dcfd6278f700edaaa0feee0115cc828ca4f813c70e608
tau52/pw2wan_tau52.in,tau52,,qe_input,149,1c7850399bf3eeda12de5d05e0ac8362ed9a7142e2c61fe32da6082bccfe4c13
tau52/sto_bi_tau52.nscf.in,tau52,,qe_input,4482,eb1badcea762aec1fa57c8554348212d95f144d32eded703c962b3f25b15f6e4
tau52/sto_bi_tau52.scf.in,tau52,A,qe_input,1324,5ed2f4e2c944e5b944b5316d74ecee0bc759b4bcb23faa81af429aa6ee97335d
tau52/sto_bi_tau52.scf.in.bak,tau52,A,other,1298,60c54a47880e6e651f0086ad37984988f1fc28d18b8d1e1a7f2a3a596fa31ba4
tau52/sto_bi_tau52.scf.out,tau52,A,qe_output,166822,41c0b8e241176b345ec90589400b32b6a2eb4b7b3022412eb024c42dc806611d
tau52/sto_bi_tau52.vertical_relax.in,tau52,B,qe_input,1677,87df31d1ab5d8c7cd565386d0ad914ed05c7c30adea16f44e607463cc6534b41
tau52/sto_bi_tau52.vertical_relax_8h.in,tau52,B,qe_input,1676,f7a65fc487239324da3cd8c4a4cb25dae021655a44e6b1257371327e99319e13
tau52/sto_bi_tau52.vertical_relax_8h.out,tau52,B,qe_output,1773765,314c309e55dee7f3484bf6175c811bf3ce088c1c0773db196aa58a34f1415336
tau52/sto_bi_tau52.vertical_relax_restart1.in,tau52,B,qe_input,1657,f7d135b6a469f89655d5067266e342f10eefcf3a09ca760f81abd9399af59797
tau52/sto_bi_tau52.vertical_relax_restart1.out,tau52,B,qe_output,2107368,ae85432719ae5c69f385b9343d87bba71b1001c4bf784d48ac66e1d38a3f7535
tau52/sto_bi_tau52.win,tau52,,other,3645,6491afa4055fbb7d3dfd3a9032a5790ed50ac325a660bf8b7e6525331aec3dc2
tau52/vertical_relax_wrapper.log,tau52,B,other,160,88b02667c8e3d2af2903825cb38b72d4202b21f4afb7991ed58cbf292991ad34
tau53/pw2wan_tau53.in,tau53,,qe_input,149,2c7457cf51eefd54d6dac98533562bf2072c35f87e73028102e5f3b8d79a2db5
tau53/sto_bi_tau53.nscf.in,tau53,,qe_input,4482,a1d39202d745e3dbc6bf85a17bca9d963f9ac59df21d6043d56e1793f77c580c
tau53/sto_bi_tau53.scf.in,tau53,A,qe_input,1324,42f3217e220fa669d7390849b6e93b6c661c3dadecd6f47bbe70e57f9ae767e2
tau53/sto_bi_tau53.scf.in.bak,tau53,A,other,1298,70e9de00f15b3bb4d1ecbb89d93475a53a5b23d014abb6ccbdb78aee484aad8b
tau53/sto_bi_tau53.scf.out,tau53,A,qe_output,203470,c108ad45d80e0e852d03da4094f7d7648eb2ea7a5e4ff8cc66b12e0cbf7f8465
tau53/sto_bi_tau53.vertical_relax.in,tau53,B,qe_input,1677,4cadabcb26f53a3e19c8106774ac6f0f746c5c9abb04203bc82076fcda468409
tau53/sto_bi_tau53.vertical_relax_8h.in,tau53,B,qe_input,1676,e6399ae94039c6009759b6ccf66970750d13681e748afa0605f481e11a561100
tau53/sto_bi_tau53.vertical_relax_8h.out,tau53,B,qe_output,1546517,feaf260c50f62aaa441def9853927f946391430acf5c43c0e6daeb2c799e3695
tau53/sto_bi_tau53.vertical_relax_restart1.in,tau53,B,qe_input,1657,50fb23b02dca3dbde157ae67723ffb81a56e87eb828a9072b152bc93a3b6d46a
tau53/sto_bi_tau53.vertical_relax_restart1.out,tau53,B,qe_output,2815964,633bcf3e5c033670852d9aa7ce911fb64f12f72e2213caa55595f152db8de5f0
tau53/sto_bi_tau53.vertical_relax_restart2.in,tau53,B,qe_input,1687,5be9b9031cb150d2d30f79182bd0ea521cca4c4bfcd252c0beed1d972f675266
tau53/sto_bi_tau53.vertical_relax_restart2.out,tau53,B,qe_output,2914845,24d1d5aaf54097878282048c0498900d1ea33a95a521d5d661e71c29dd180116
tau53/sto_bi_tau53.win,tau53,,other,3645,416be39bda703035f9368e0c80ff91693b8c586f36d09b04307adb18f4e2c4b2
tau53/vertical_relax_wrapper.log,tau53,B,other,160,123882c6684483651efc3314ebd15aed758c4c2a6d9c3b9bdc9bfd5bb7a1fe4a
tau54/pw2wan_tau54.in,tau54,,qe_input,149,2bcfe86d4570e37a5cd14873b6ebd060dc5ca5e30b7d32e173331873f1ccb4c3
tau54/sto_bi_tau54.nscf.in,tau54,,qe_input,4482,0b267ab3f930ad5288300323200d6c8e71bff29fc8a9425d569d8dd2c24a5882
tau54/sto_bi_tau54.scf.in,tau54,A,qe_input,1324,60ebe99b5274b622c819e740c63132a122449ff92c948467980ed3a0bf7f104d
tau54/sto_bi_tau54.scf.in.bak,tau54,A,other,1298,42b5f5da51bb633c89b9611478c93056aef56c2220550be9a4e33d3cbff81c5f
tau54/sto_bi_tau54.scf.out,tau54,A,qe_output,164286,57b03b9f7559bdeb95d5af99c33a4b2490c0ddd20a562536690d0d2a243da063
tau54/sto_bi_tau54.vertical_relax.in,tau54,B,qe_input,1677,1b3233b624d8007bb88771f5763173ff14171eed3f46a942a7a2504364c424d6
tau54/sto_bi_tau54.vertical_relax_8h.in,tau54,B,qe_input,1676,58af9d2b17ab9c9ddda42f2361a44b98930b88797243dbba28cbbb5909728bcf
tau54/sto_bi_tau54.vertical_relax_8h.out,tau54,B,qe_output,1545010,62cc4c6eb94892390b4d020f27ecc39f283cee4f4c6ca8262119bc56781f463f
tau54/sto_bi_tau54.vertical_relax_restart1.in,tau54,B,qe_input,1657,008fadeb2ebdeab8e15963e9f4c1447e28032c43bdf991db44808d2e69e1f124
tau54/sto_bi_tau54.vertical_relax_restart1.out,tau54,B,qe_output,2448783,f10d44bd2f64094e8c2953cf46065e5a4d3279832c3410e4e4a8617a31469376
tau54/sto_bi_tau54.vertical_relax_restart2.in,tau54,B,qe_input,1687,147b130475544153e83ecfecc301b89876af55331596dc4af1617a0a82791728
tau54/sto_bi_tau54.vertical_relax_restart2.out,tau54,B,qe_output,2758804,2e541a4f113959d8350949538b35b9bfaccd26d15855d7a7da4c1f81acb5a60d
tau54/sto_bi_tau54.win,tau54,,other,3645,63f5ded969405f40eea5fd509763696014e4e85c05120b72f45da22e031b9715
tau54/vertical_relax_wrapper.log,tau54,B,other,160,4a471e431a01bfed58cd3d452fab1746736be3e40b50950fe16f476d1c2c91a0
tau55/pw2wan_tau55.in,tau55,,qe_input,149,6c8f725a4fbe37c5e8bbe0f9515c2b42c38e1f9b9a89fe32bb828e2aae83b244
tau55/stage_c_batch12_attempt01/config.json,tau55,C,stage_c_record,1744,01de15853ce7f6203f172f64af10a09304d9d2a1e5efdef0829380c75c8fcfd9
tau55/stage_c_batch12_attempt01/fire.log,tau55,C,stage_c_record,414,9eedefd02a0c2919b78de50bc55ed29b753f7050530a19fa16bd675c51ddc19a
tau55/stage_c_batch12_attempt01/fire_restart.json,tau55,C,other,754,572e25a4c94aa31c9aef5051ceb1099a5b6345f5c7c55811ce0985594ed9ef70
tau55/stage_c_batch12_attempt01/provenance.json,tau55,C,stage_c_record,597,4655030e15465a209e78aa05d602904aad12ce849c085d8a1a8a7b48171addb9
tau55/stage_c_batch12_attempt01/status.json,tau55,C,stage_c_record,38,3d8442e3eb1847bc831b68388c1b9abea2e8dc9eee153c0d6a134cc9b706a023
tau55/stage_c_batch12_attempt01/step_00000.traj,tau55,C,ase_trajectory,1030,99661e5d21a53e57d14b6886361edff67e002c8177ba85bf5fe14f097dda01c8
tau55/stage_c_batch12_attempt01/step_00001.traj,tau55,C,ase_trajectory,1030,3ec807ca1e41412121fc1eda4736ab3d73bf1f9f4cf7ca1cfcb574ce8ad28efc
tau55/stage_c_batch12_attempt01/step_00002.traj,tau55,C,ase_trajectory,1030,1ecec6e142bddfeeb135431cfd480436dec2b3af6e2797f85b52bf2a2901464f
tau55/stage_c_batch12_attempt01/step_00003.traj,tau55,C,ase_trajectory,1030,5aa02998a6fd166f0ed2f70657ffa38e60c573db20bdf78e4aca7579bd7e74f6
tau55/stage_c_batch12_attempt01/step_00004.traj,tau55,C,ase_trajectory,1030,93b8aaf71199ca92c09d4b4151dd4e9428ad4e143b3939bd7c9a0668cc36d2e4
tau55/stage_c_batch12_attempt01/step_00005.traj,tau55,C,ase_trajectory,1029,33cf307e106d3d51ce2f744808a372de31d372e49550042bf677898cfe45ffba
tau55/stage_c_batch12_attempt01/step_00006.traj,tau55,C,ase_trajectory,1030,9767cecd2be6d841f08369eee1c50cb38d219f7a1c438b5292e2fc98a6984359
tau55/stage_c_batch12_attempt01/validation.jsonl,tau55,C,stage_c_record,2220,914074a9cd3bdc7484f5a2e118397cfd2bde02a32c5788ed4661957f25b38afb
tau55/sto_bi_tau55.nscf.in,tau55,,qe_input,4482,f82533d6b1516ec88f17a833498c4fc97fa4949618d16023981621bc88d0f211
tau55/sto_bi_tau55.scf.in,tau55,A,qe_input,1324,0c07f4d126b699e7f58493f5a50d49573f8fbb411393908d9e18a8322f43d7a6
tau55/sto_bi_tau55.scf.in.bak,tau55,A,other,1298,bb0d2f1401a7e3dc479b959710076d8feadee2dbbaaaaa9fe1413f082ded3a85
tau55/sto_bi_tau55.scf.out,tau55,A,qe_output,238569,8e4633381f6a176a4e619e25319c4add20d6971d2a0cb560218cce8c9a73f31c
tau55/sto_bi_tau55.vertical_relax.in,tau55,B,qe_input,1677,7ba883916b1d5c4f389fe42d72ed049d9eb435f393581bd0b8f55e4d092404a4
tau55/sto_bi_tau55.vertical_relax_8h.in,tau55,B,qe_input,1676,6dcaa9452593cbd40c338278af76f763ccca73a7ec72a1175eba8f18bd316756
tau55/sto_bi_tau55.vertical_relax_8h.out,tau55,B,qe_output,979192,1a01ddb599f9437e24618b30fd2da4f86da6af0e992862c3436f67e8d1ebda6a
tau55/sto_bi_tau55.vertical_relax_restart1.in,tau55,B,qe_input,1727,1cb87166842796b2f082271aa6a4c192d058e6df509ce2ff7696f9b0afda1ab3
tau55/sto_bi_tau55.vertical_relax_restart1.out,tau55,B,qe_output,1748958,55bd5228fb55f733f0ae2e71ca6a58c66fac7f2354a8bbc29c553c41ab45c00f
tau55/sto_bi_tau55.vertical_relax_restart2.in,tau55,B,qe_input,1901,40f0a85a1efcbba62e96a8e097000f528a0357e7af242699c22913ba8324755b
tau55/sto_bi_tau55.vertical_relax_restart2.out,tau55,B,qe_output,2185118,9dd7ce9d1921d3e800e28db13a755f86df6bd5aac17097c83ef80c682df3bf92
tau55/sto_bi_tau55.vertical_relax_restart3.in,tau55,B,qe_input,1935,921b73bf0aceeb8e63ae8e06c56c2eb17c19a662436d44b36dae33b4f59165f3
tau55/sto_bi_tau55.vertical_relax_restart3.out,tau55,B,qe_output,7178393,9dff16c0371c53d785f932ed7509e9610b5463abb086a40d937bb295257e2ee7
tau55/sto_bi_tau55.vertical_relax_tight.in,tau55,B,qe_input,1925,0436712660aab95e494d3376a092c99c43e2049c11139a306e5c98240667fae5
tau55/sto_bi_tau55.vertical_relax_tight.out,tau55,B,qe_output,103286,bdf61e7e27bb287c26ece2d4cb95ed8f6ba0de4af673db576be42227aa11ba55
tau55/sto_bi_tau55.win,tau55,,other,3645,38cb65e62a5f1c83cfa972f10ad565e9217aaaf39b5f656e69b65491f935e585
tau55/vertical_relax_wrapper.log,tau55,B,other,160,7a54c39625126d0da4582756a83fc0593110497ce029dc60fe5e3739ba870be4
tau55_tight_58745865.err,,,other,0,e3b0c44298fc1c149afbf4c8996fb92427ae41e4649b934ca495991b7852b855
tau55_tight_58745865.out,,,qe_output,152,647d46297938e9e94564e71024ecdecbcaf271ef40b41e6e469b480cf45d9afd
tau56/pw2wan_tau56.in,tau56,,qe_input,149,362a6a2d73b328072bf857f9a6edc66ec6823e0fbbddf70421124f315ddfbecb
tau56/sto_bi_tau56.nscf.in,tau56,,qe_input,4482,b0535b4176b49c9fcd28b2426f9195b97f7ba63043949917fdbe9a5ffd807639
tau56/sto_bi_tau56.scf.in,tau56,A,qe_input,1324,e31aa0f794fa0d2556ab5c57da20167c8046e18db18e83f962a13563db86d805
tau56/sto_bi_tau56.scf.in.bak,tau56,A,other,1298,88944ffa11e6370cdf6745ed79a96881ea4274295d90b88412c534275e66716e
tau56/sto_bi_tau56.scf.out,tau56,A,qe_output,187891,b7aa5b4c2c4e68d70998293488a332d71a443fae5dd6e38a9f2cc73ee7524ad7
tau56/sto_bi_tau56.vertical_relax.in,tau56,B,qe_input,1677,0d9e407e9b8e594c42d4e74edf47da8e6a7983ca4bfc4843e64ff6165c2c0d3d
tau56/sto_bi_tau56.vertical_relax_8h.in,tau56,B,qe_input,1676,7329c9494e063f6b95667d55b503df54fadd8d74ff7c2f9bbde602e2d88fa3e4
tau56/sto_bi_tau56.vertical_relax_8h.out,tau56,B,qe_output,1521360,613080c160f8b2457a58ab330958118d622ddcc40adaf490132639ad1bd8d213
tau56/sto_bi_tau56.vertical_relax_restart1.in,tau56,B,qe_input,1657,43e53eb5219dc478d9645e4bde79df2b616609bffd866ef7d5f7a4a21185cc47
tau56/sto_bi_tau56.vertical_relax_restart1.out,tau56,B,qe_output,2587249,a8e8a0eb780f61a3c0ee99d185b444334e1827b6bcaef1db6c22076b1ebc1f3a
tau56/sto_bi_tau56.vertical_relax_restart2.in,tau56,B,qe_input,1687,6229356782f839a7d4723c056ffa05e71e469f891416417903b2f37ca69ef8cc
tau56/sto_bi_tau56.vertical_relax_restart2.out,tau56,B,qe_output,2820945,0dcb788b31dd6bb35a62b87bdea9e63a696ea8e75aaf19f4b3d6ea4ec42b50ff
tau56/sto_bi_tau56.vertical_relax_restart3.in,tau56,B,qe_input,1935,4099cfa3c01dc1dca6aaf2ad59931395ed6e0e66070ce2bca8a807ee989d6c7d
tau56/sto_bi_tau56.vertical_relax_restart3.out,tau56,B,qe_output,100520,08c13a6e411886068889fdbe9861a6e4cb1857e20fb9041d05044e8eda89e860
tau56/sto_bi_tau56.win,tau56,,other,3645,866834d9a43ff3fc43c9a05f925a4b807027ecad6698532a58e5d416fe442c5f
tau56/vertical_relax_wrapper.log,tau56,B,other,160,b4a54cee622d814f436883e05f0fb309e764b7ef14b8c0138359f34767395034
tau57/pw2wan_tau57.in,tau57,,qe_input,149,7afa568734ed0aa83d6935a1e2e0f8c03ea75571cdbb8f865b24ccd3d4e3bd25
tau57/sto_bi_tau57.nscf.in,tau57,,qe_input,4482,84b5479206015d87a9827586bdef648af88e4cebf8844e86914eafdb2bb9bbc3
tau57/sto_bi_tau57.scf.in,tau57,A,qe_input,1324,bc6bb5da1b5a6e393c27646c709732cb31cd1e297d664d6373d255047db33e2c
tau57/sto_bi_tau57.scf.in.bak,tau57,A,other,1298,c4c3242c1eab2d8f5660346d328708f86467652c3a6e35669e63960d4ade65bb
tau57/sto_bi_tau57.scf.out,tau57,A,qe_output,186832,f90c72087ae3916c3aaa1720290a20ab7a0e76f08e26854e961c5a5941268fb5
tau57/sto_bi_tau57.vertical_relax.in,tau57,B,qe_input,1677,327bf2b6890c02c0e2069130e8b54144a3f15c8fd1c272f31fe41ff46578eb75
tau57/sto_bi_tau57.vertical_relax_8h.in,tau57,B,qe_input,1676,f467a0e7fc199a2ef182053b7c541b25c8d841a372fe1367cb7e5cdc86e1f6a7
tau57/sto_bi_tau57.vertical_relax_8h.out,tau57,B,qe_output,1546522,49d3f2ee49307f92f4bbff5264b18aca1c275eaa7914bcfdbc52c113c2434501
tau57/sto_bi_tau57.vertical_relax_restart1.in,tau57,B,qe_input,1657,5b6a80317f9568044fe3101585d1808266541411d224bfe67cbd010ec9662a2f
tau57/sto_bi_tau57.vertical_relax_restart1.out,tau57,B,qe_output,2451726,3f2cd43c30ef93bcde05a70d6d7955bafb9d75ee4185b3ce03d9c0198985c76b
tau57/sto_bi_tau57.vertical_relax_restart2.in,tau57,B,qe_input,1687,47863c2b880d3ffaa7809b5a237b5af6ff0dab42eb6c34dc14aea33940841f4f
tau57/sto_bi_tau57.vertical_relax_restart2.out,tau57,B,qe_output,2654411,b0275df22290f0d9b5aafd88edcd793640e82c37b119eac4f41706563d83c66b
tau57/sto_bi_tau57.win,tau57,,other,3645,39c46a7297777f2fcf0b6d99800b04ea5afe76e5be5dda37a274bdbddbb6bd03
tau57/vertical_relax_wrapper.log,tau57,B,other,160,75b12f8711841bf82d22e54d2323a2edd64fbd1077fafa54adb05eff10f661bd
tau58/pw2wan_tau58.in,tau58,,qe_input,149,823473f0fcec70aa85c6dc0078aa398e62cd2dbf149c6437ce018355b73712c0
tau58/sto_bi_tau58.nscf.in,tau58,,qe_input,4482,6804789a4eeaeef2c9debd31b971b354a175b8b78760fbde6383d86a390deec3
tau58/sto_bi_tau58.scf.in,tau58,A,qe_input,1324,b8529c44509cc7f417ed5294a7aca4cc7a27d2197952666f74b48f7ec84bea9e
tau58/sto_bi_tau58.scf.in.bak,tau58,A,other,1298,50e321435c5baf186c92b6da289a19f87c44acb8b16ea76f3641dce4cd078502
tau58/sto_bi_tau58.scf.out,tau58,A,qe_output,174435,80319affaf0992c242a8b349c235bf50b49a68644af550901b55287f85a73a20
tau58/sto_bi_tau58.vertical_relax.in,tau58,B,qe_input,1677,0c5b4b78985c8365c2b220f9005877e37506b1e5fc94fd9944899d954b2d8bbe
tau58/sto_bi_tau58.vertical_relax_8h.in,tau58,B,qe_input,1676,09f02c4459625ca1886eba02d2ff15593a6df7ce972fd3faf0923bce6369e2e4
tau58/sto_bi_tau58.vertical_relax_8h.out,tau58,B,qe_output,1732587,fcf118f39e68edd1ccf83a2e8d8cea0b7c4827ba69cd668af30ff8bc3bc71cae
tau58/sto_bi_tau58.vertical_relax_restart1.in,tau58,B,qe_input,1657,5d12a67f2c3553ce02c8f282f893a4f64dcac229088f526f5e80bd4847e73c8a
tau58/sto_bi_tau58.vertical_relax_restart1.out,tau58,B,qe_output,2149751,deea3aa03bbeed3c29d6b47329aa8c747b10b9953cbae40aee4dbf595c93ad8d
tau58/sto_bi_tau58.win,tau58,,other,3645,6523ed2901302ad2a1cf46fc77c586131016fcdeccc83ea6a211914579253662
tau58/vertical_relax_wrapper.log,tau58,B,other,160,b52b86805cc6dd985a82e8a495c6655cf3282a2df66bd09dcd79fdfceca25b53
tau59/pw2wan_tau59.in,tau59,,qe_input,149,e40efc2020780068f63704cb3b8d4572eaf7d9ddc6ee51fb8d579507b7470a42
tau59/sto_bi_tau59.nscf.in,tau59,,qe_input,4482,155637ac3257513376a1ab3513c7eb6fbeb66e86f1f187f385012736765bbea2
tau59/sto_bi_tau59.scf.in,tau59,A,qe_input,1324,0e7ba3ee05e2a32b0b1e4f043da41b8ac3699548f9ce0b4835747af76f010466
tau59/sto_bi_tau59.scf.in.bak,tau59,A,other,1298,00d54a05c1496f0945a9a38ac21b4bf02d0418d60dce240ec09a1d74da98dcd5
tau59/sto_bi_tau59.scf.out,tau59,A,qe_output,181071,c2b47270645272e966a72a81d581a16a25196b8daeccd2ad9a429a3c61e2b424
tau59/sto_bi_tau59.vertical_relax.in,tau59,B,qe_input,1677,2eaccf58b403a5b0d41ed6a118ef51eaefdd32048a30b4a24fd7cd4480c5b144
tau59/sto_bi_tau59.vertical_relax_8h.in,tau59,B,qe_input,1676,005e1a630d644dd07d7cd1a7bcdf113a4c9c4815cba5002be21b0815899a34df
tau59/sto_bi_tau59.vertical_relax_8h.out,tau59,B,qe_output,1991503,e5c07e41a73dc72839e3246d568fcae14b4291fcf5a4f15ebc4309d5514b632d
tau59/sto_bi_tau59.win,tau59,,other,3645,d3d3b888181e12a7d627169f8886a9c99b65b8745906360c167353cc28c3f24f
tau59/vertical_relax_wrapper.log,tau59,B,other,152,02d4da3b628ba7c89bf473cc08aab8efe42d68ac20b169200706f052e1ca73b6
tau60/pw2wan_tau60.in,tau60,,qe_input,149,77d7563cefd4adcbb3dfcb76b1d247adbfba57358a74bc3362f258b1839018f8
tau60/sto_bi_tau60.nscf.in,tau60,,qe_input,4482,a0f458660697cc7f209c59533b42b06c6fe20dfc11297fcc2284963e0890c2fe
tau60/sto_bi_tau60.scf.in,tau60,A,qe_input,1324,38cd4c4e81a8a7c46d4b5d9b6cab9d2bcd7a354abb8764c4997f7f3335b8d3a3
tau60/sto_bi_tau60.scf.in.bak,tau60,A,other,1298,429ba97980ab044c7aa142cb31805666bf35bca48b2a5638855d47a77698eed8
tau60/sto_bi_tau60.scf.out,tau60,A,qe_output,198938,1a3a4c430213ea245e72dfbc533509963c35def493eb579db693d5af52a89e82
tau60/sto_bi_tau60.vertical_relax.in,tau60,B,qe_input,1677,646ba0b524ca285a89986bd0eb6877de3d8b5db5f0f53e26c216f8add2cdae9d
tau60/sto_bi_tau60.vertical_relax_8h.in,tau60,B,qe_input,1676,eeac8dda1e1fac1ce051a7c752f583ae82eebf52bf1f5c6f6e8af57814a05f2e
tau60/sto_bi_tau60.vertical_relax_8h.out,tau60,B,qe_output,1963516,936c4449593490efee31a106ce009376ea1ae26d3601eea81486e895afa57756
tau60/sto_bi_tau60.win,tau60,,other,3645,c4cff64b3da8e4a740e6a7f9180ab4d4e0452734279a5e4f22a38ed2e1e49c94
tau60/vertical_relax_wrapper.log,tau60,B,other,152,bb00b011100b2972394e1bf5130f1b11df4c873158b4535b7ef1ff7ca11a17d6
tau61/pw2wan_tau61.in,tau61,,qe_input,149,8ae02a46cdb2b1fb54bcc7f2c0fb92c9753e4d6189e1f94c254121bfd4c046b6
tau61/sto_bi_tau61.nscf.in,tau61,,qe_input,4482,22617818005d221a548a3c0de468e64e7ba6179bd0a03975903cd1c6fed8f207
tau61/sto_bi_tau61.scf.in,tau61,A,qe_input,1324,5778ef80d405c952da8a7e020c8d2f728874a4fcba68cab9aa49aa1534e1d9a8
tau61/sto_bi_tau61.scf.in.bak,tau61,A,other,1298,a176049ef8a10893bf37b2b2479db5d7bc1d170bb550b7ad3cfa554553863b58
tau61/sto_bi_tau61.scf.out,tau61,A,qe_output,209235,ae7289d13e0438dbbdec09baeea24b0488f81166673d60230db9c814d1912c6b
tau61/sto_bi_tau61.vertical_relax.in,tau61,B,qe_input,1677,d3a3cf9c0d23ae4a3d41ba768124f9f33e93438fd1758d7dcb922a453c3c56ad
tau61/sto_bi_tau61.vertical_relax_8h.in,tau61,B,qe_input,1676,15ca660d792a8e9054fa07912d185a9bbad30afb5f486dcabd31172b212c6b06
tau61/sto_bi_tau61.vertical_relax_8h.out,tau61,B,qe_output,2029485,28204e42bd519705082f6a9708e21540aa23f7943fb5b1244261e664b67b9ed4
tau61/sto_bi_tau61.win,tau61,,other,3645,e51f8c5d5763e95bf246175f57b6d7fce5d96d54ab84f9c21028f23507d7c285
tau61/vertical_relax_wrapper.log,tau61,B,other,152,b0b40627929266bf131e36344621ced10a8fc6ab46bc4bd4ac6074dcd00a8e85
tau62/pw2wan_tau62.in,tau62,,qe_input,149,72fe96b7bf91ed931f1430cab7b76c0b04ac7ff809c3dfa4a7ee0f793a6c7cf4
tau62/sto_bi_tau62.nscf.in,tau62,,qe_input,4482,63e18d9620112f44b2768052f418df6d89e2f220f5379809a22695709763c71e
tau62/sto_bi_tau62.scf.in,tau62,A,qe_input,1324,288203eed231d85b0ad0de1bc8826e92287664bb7b1865de34f5d3ea11fb3c17
tau62/sto_bi_tau62.scf.in.bak,tau62,A,other,1298,4eebbcca3f0fe27145f4549aca2a8247aaa9fddb719f7ac9cd4ca11c512604ba
tau62/sto_bi_tau62.scf.out,tau62,A,qe_output,161709,996b70d40b3bb37af16f1f8db632207fee7ef073ea5491f9fa3e1a147a1658cc
tau62/sto_bi_tau62.vertical_relax.in,tau62,B,qe_input,1677,8adac73e48ff022dc5016e8f4621746c43086a67056e50af376850ed661c5e6c
tau62/sto_bi_tau62.vertical_relax_8h.in,tau62,B,qe_input,1676,7fd375acf828eef0980324d841b7a709aed948ee3449827e6b9fd01325e83fcd
tau62/sto_bi_tau62.vertical_relax_8h.out,tau62,B,qe_output,1900836,1a8805d108ba1a9af11d28aee2696eb519ce3c370d29fa4a7c9352739f9523ca
tau62/sto_bi_tau62.vertical_relax_restart1.in,tau62,B,qe_input,1657,f6d59f4e066c1f052856e08719a53f5ef742bd56ee385ea79ab0a75708c7f893
tau62/sto_bi_tau62.vertical_relax_restart1.out,tau62,B,qe_output,579882,f5f4c6cf4a9bcc5f149638d22a219dfcf342e224bc55de67f177f94d12ccda95
tau62/sto_bi_tau62.win,tau62,,other,3645,302c5aef98c7418de9d25ec6d2500a4a80faa7d3b202c7793ac2c3c1ae662721
tau62/vertical_relax_wrapper.log,tau62,B,other,160,916ddaf08b52a230d188dee99e70059e8ec1e56fe2393ea21a75e8af8c7da583
tau63/pw2wan_tau63.in,tau63,,qe_input,149,ddedf9a06f969dafb5f60d9cd01153bfcd05634e22c0719b8c77015f5afd88e4
tau63/sto_bi_tau63.nscf.in,tau63,,qe_input,4482,a60361227409fef879eed6bebc19f1619d1de98dee0c46d20678baa7a01dde9a
tau63/sto_bi_tau63.scf.in,tau63,A,qe_input,1324,97df0bbdea70f3dc207104c63dc119921eb3ff44de86c40d959c397b8ad6e0ae
tau63/sto_bi_tau63.scf.in.bak,tau63,A,other,1298,805ff83f1de246969cc568ce228fe48da68b6b96c7d4386d41f39bc1857f052d
tau63/sto_bi_tau63.scf.out,tau63,A,qe_output,204599,d06150798ccfdf1599ee4c1244725da32559c026c4ef8954952056e4f02718e3
tau63/sto_bi_tau63.vertical_relax.in,tau63,B,qe_input,1677,af0384100cc5efbc0413cdd36b58661d3358fb2b44595285a2736676fdc17d3f
tau63/sto_bi_tau63.vertical_relax_8h.in,tau63,B,qe_input,1676,1379d6acf8e981640b515558288448e12621b22dd749f3fc6e7c3062bc00a512
tau63/sto_bi_tau63.vertical_relax_8h.out,tau63,B,qe_output,1504141,9fc46df429bcd440e3a55eb418e4aa350148697fae6b42857438158db991f439
tau63/sto_bi_tau63.vertical_relax_restart1.in,tau63,B,qe_input,1657,61cf9c62dc9683c7e34959dfb3d5c169c8fccbd49113d00f6698ca1ecfedfa3e
tau63/sto_bi_tau63.vertical_relax_restart1.out,tau63,B,qe_output,2260572,aa57e8ddf35f4f4773e0a5f81a40bb19b93b06d883ab9d1fc75671abb47fea2f
tau63/sto_bi_tau63.win,tau63,,other,3645,b98051ac78e932bbdc7a355e1bb2a65726db3f372f697e9fd4d4e96f869197d3
tau63/vertical_relax_wrapper.log,tau63,B,other,160,978b71098781201b98faef0605c26c76a54cd81c025fc889a3feaa96b7a3b0c4
tau64/pw2wan_tau64.in,tau64,,qe_input,149,7292f02b5dc58c1cc9985cf3511b8624bd1d092940cf286e130b1eada7bd390c
tau64/sto_bi_tau64.nscf.in,tau64,,qe_input,4482,0de6eef01f4a6324cf512dbd08a4dd8099cba3ebcc1f1354194f2b87d25138c1
tau64/sto_bi_tau64.scf.in,tau64,A,qe_input,1324,972c57794a9ce6201d77cb17b1e30a1dad470ce058f7466bc13ee649ce60ffc8
tau64/sto_bi_tau64.scf.in.bak,tau64,A,other,1298,c80b29684e1ee5d79d8a6919dae3048a702a4d014f3cfe0097a7110406bdac81
tau64/sto_bi_tau64.scf.out,tau64,A,qe_output,191671,32a4564b7164576c903bea3c792ad57099d2d29458838bbc6aa036c45d94a922
tau64/sto_bi_tau64.vertical_relax.in,tau64,B,qe_input,1677,e45357c6d4d0d0c65f9b99649143f8d7836b5c86c6eaa8d75a38ad0b5c3a039b
tau64/sto_bi_tau64.vertical_relax_8h.in,tau64,B,qe_input,1676,b5a02cf550a253d5309f6e25fb4b09cb873e2ff3561b2b283533c9107af665ca
tau64/sto_bi_tau64.vertical_relax_8h.out,tau64,B,qe_output,837406,2b97e9cc843f34d30ec19ee1e9e7fb4c212a07203b15227edf1153762f09f17a
tau64/sto_bi_tau64.vertical_relax_restart1.in,tau64,B,qe_input,1727,51c9aeda54d2d65428873abb00a38cdd74d78c1c9a0138787b64b6381e379782
tau64/sto_bi_tau64.vertical_relax_restart1.out,tau64,B,qe_output,2585071,0f958a04245b564e703c6403698596c07f3d6dbfb794c146c11dad4045a78339
tau64/sto_bi_tau64.vertical_relax_restart2.in,tau64,B,qe_input,1687,5a48b8a509b17082c8d6c01f2f6509e35a0f0da23fbbff9406253653a18f37fd
tau64/sto_bi_tau64.vertical_relax_restart2.out,tau64,B,qe_output,3646090,b5d50323bc136a49449e57f7a5b2ef804e26fe7739d0f838cb8ef67c3015ef10
tau64/sto_bi_tau64.win,tau64,,other,3645,0bc08d54433cfa3af1b5d4638f800db450c32e32e152e7c7a82399485a7d609d
tau64/vertical_relax_wrapper.log,tau64,B,other,160,e11babd24939cad45684db4680c3f7eea773328e958e725a4f818846ad478c7a
tau65/pw2wan_tau65.in,tau65,,qe_input,149,755faae00d753d67c0c5b27a9bc1dde990257b448843662f8ef6582df6c84e42
tau65/sto_bi_tau65.nscf.in,tau65,,qe_input,4482,eee3a9185cac963bb1296197f45c2ec39171d5c908fcee68139d189da804d49d
tau65/sto_bi_tau65.scf.in,tau65,A,qe_input,1324,c103a332b9ba794e0aaab5f25f60e231103f48bccefaf21c025ee203113e41d9
tau65/sto_bi_tau65.scf.in.bak,tau65,A,other,1298,5e83043978946d5ebda26771a7e509e8810097c696a25e54cc020c707ac6c58a
tau65/sto_bi_tau65.scf.out,tau65,A,qe_output,218247,d14002224c9026ad1729fe93c6ba4a2a40d978b4fcb89736fa914459088584b9
tau65/sto_bi_tau65.vertical_relax.in,tau65,B,qe_input,1677,eac5a0d554aed7c90884623fcff462c7ed7fc8d41a49f5accde7bf01bf6c70de
tau65/sto_bi_tau65.vertical_relax_8h.in,tau65,B,qe_input,1676,9f44c476d7f10d8a2af56e93c4d611e0eac34422640b6944154f3ed832b013bf
tau65/sto_bi_tau65.vertical_relax_8h.out,tau65,B,qe_output,1602600,1fe8e74c054d3de878b4fd8753b32b434e444cefa9269c20428f969fe451bb19
tau65/sto_bi_tau65.vertical_relax_restart1.in,tau65,B,qe_input,1657,83eea80231063244922edba7cab0c17ca37e1eeb2385addda9151cf5e14405df
tau65/sto_bi_tau65.vertical_relax_restart1.out,tau65,B,qe_output,2288806,2ccc7373c763a093d8f3a1b359ad9dc066db8c358ce772b67c97364e4180259f
tau65/sto_bi_tau65.vertical_relax_restart2.in,tau65,B,qe_input,1687,6cabf4523f0ecf097543ebfe82edbbbcd38ea33b0871ec0cf71e3826e24bafcf
tau65/sto_bi_tau65.vertical_relax_restart2.out,tau65,B,qe_output,2872237,88e5e750cc1b6275021fb23f41374319823ce8b873c910581efeb3a228422508
tau65/sto_bi_tau65.win,tau65,,other,3645,c21340052b4be5df587e14d636c8d1bd0e71a62ffd6be41d1eea7f8c6e42891c
tau65/vertical_relax_wrapper.log,tau65,B,other,160,87e6c718ca1a5fbfab6ef3588ac5d6b19c2218fc975da9a184828d939099e518
tau66/pw2wan_tau66.in,tau66,,qe_input,149,e2c5d2ff624c89f960cf765f13c5d0cd1f29c4cb57c45b14ba929ef31714b80d
tau66/sto_bi_tau66.nscf.in,tau66,,qe_input,4482,1800e3652def18ed7302d1c77afd7f9c1246310f5725ac5b406f2893fab512a9
tau66/sto_bi_tau66.scf.in,tau66,A,qe_input,1324,37e22f5583092cd4bd08f36ac25bf74a9ea6e96c7b3af9c7bf00fab242414ddd
tau66/sto_bi_tau66.scf.in.bak,tau66,A,other,1298,07605a49f0a6f6ee666e08c197d3ae99da72c16ef0a15def69684074d0477d26
tau66/sto_bi_tau66.scf.out,tau66,A,qe_output,181410,1f700ea449ff5aa3996c827c34ae5bf17325d9c699a8f7b8fa8e121ac07517e8
tau66/sto_bi_tau66.vertical_relax.in,tau66,B,qe_input,1677,df69b634c44207f9945de2b1de8ca847314264192d244b20d1e14135a400ea3e
tau66/sto_bi_tau66.vertical_relax_8h.in,tau66,B,qe_input,1676,79bc2773107a4457ec0446d77042d97d36c867a113393f46e53f90cb2f1ca8ba
tau66/sto_bi_tau66.vertical_relax_8h.out,tau66,B,qe_output,1579607,b4fe5885425e4483f02266fc527c16fba38b2f7fde4881da9a2b026d97817a26
tau66/sto_bi_tau66.vertical_relax_restart1.in,tau66,B,qe_input,1657,2599952a500a297f6bc1a053f59816f0bc6bcabcd73c9b33580d00fcbf0e12fc
tau66/sto_bi_tau66.vertical_relax_restart1.out,tau66,B,qe_output,2329295,e5d485a54dbdc83f5a1a55d435a2be0829fceaceefe8532e545afd7ccb2889c9
tau66/sto_bi_tau66.win,tau66,,other,3645,c1ab3a9ad20357c7f0b295a84219d7d5f72662ded4a804b9cd03a507cf0154bb
tau66/vertical_relax_wrapper.log,tau66,B,other,160,038b553f6280f852ff8ceb6cd9ab3d5db8a7fde1499316668ccb22c3515efebb
tau67/pw2wan_tau67.in,tau67,,qe_input,149,50f24bd1693618b8df59881a15852530d991580f756ea7014a6e2f7250274158
tau67/sto_bi_tau67.nscf.in,tau67,,qe_input,4482,089a3a5e952bba826dee7d7a9cb4b74b0c271ef2cacc5545ec8773eaf069344a
tau67/sto_bi_tau67.scf.in,tau67,A,qe_input,1324,70963381f9d608f1c2d9a1787eb4043dc1a1f67efda1cfa1fa7c7f1fd4995554
tau67/sto_bi_tau67.scf.in.bak,tau67,A,other,1298,92060ee5efa26d98bb0e2fe150675af019d2164820c19afd3a2739bafc836286
tau67/sto_bi_tau67.scf.out,tau67,A,qe_output,178365,bca674bcb3c53dd3f07b5742eb970371645e929ea638f6eecb4cd269ed87897a
tau67/sto_bi_tau67.vertical_relax.in,tau67,B,qe_input,1677,d7c4c260c9fc2804e89b2f360608c4a562a93c73cf4cc22b4c15768577e16444
tau67/sto_bi_tau67.vertical_relax_8h.in,tau67,B,qe_input,1676,3ece30eacd84176c469b37d9ac6e6a445cec0149bdb52f6b35343d88d2623204
tau67/sto_bi_tau67.vertical_relax_8h.out,tau67,B,qe_output,1600100,3be526f8f9dc9fbbee214fb1da711258938b2f9d41338d3417406b72b9b7f272
tau67/sto_bi_tau67.vertical_relax_restart1.in,tau67,B,qe_input,1657,5e6f0e277f8fa8e8838130da71cd97035ace6d87f633c97c1ad7131e78ec1dc8
tau67/sto_bi_tau67.vertical_relax_restart1.out,tau67,B,qe_output,3010670,219478bc72fac4fd176f49929e59db1050b9122ce21eb0fc2ef3e6b75ec779f4
tau67/sto_bi_tau67.vertical_relax_restart2.in,tau67,B,qe_input,1687,5914dc150564087a7afb8b33a7b7cef592276ad01198f6bd1be2f1dae1562641
tau67/sto_bi_tau67.vertical_relax_restart2.out,tau67,B,qe_output,2599902,e4517a3b7e2fc06fda5b2ce07803be8d1cae8e291aeac01f2b7bc466df354d6c
tau67/sto_bi_tau67.win,tau67,,other,3645,0f209dce293942540d22bf6742cf500c4b834f9cc666eec5e0753df12d3bdafd
tau67/vertical_relax_wrapper.log,tau67,B,other,160,864650ac6877e8ec784b06f47b8b21ea068287dbc6f48e269077be6ba20d6f91
tau68/pw2wan_tau68.in,tau68,,qe_input,149,dc2478529d05bd75ecb8492f7495db10f7b8449bf96bdca7a20b19a8283fc394
tau68/sto_bi_tau68.nscf.in,tau68,,qe_input,4482,86a2a931d57c8043feacd97b32e99436c054411fe81871d632e80265d8561fc7
tau68/sto_bi_tau68.scf.in,tau68,A,qe_input,1324,98f7cccfb9dd255fe2afa763f1f626261a54073ddbdcc138a7d5a2896f8ee70e
tau68/sto_bi_tau68.scf.in.bak,tau68,A,other,1298,a3eb3b52137f8c6ddaf24e14ca2cdcb37cb4c50be774130acc0ce9c4c0f8491c
tau68/sto_bi_tau68.scf.out,tau68,A,qe_output,182800,55695432977f1b222bfcd9816b2f833610bd5d9b582d0784d76e417d0e3e82b5
tau68/sto_bi_tau68.vertical_relax.in,tau68,B,qe_input,1677,a48f4976ce9b1f1232bf930c4537937942b9be46e1d6e7d763402f7c62383d4b
tau68/sto_bi_tau68.vertical_relax_8h.in,tau68,B,qe_input,1676,91d738533898f28f90c4b3a2702fb76fc8df09732d82ab556f53aec577c1ad94
tau68/sto_bi_tau68.vertical_relax_8h.out,tau68,B,qe_output,1875075,109d2ed8dedac425b236604f95c3c3b1216106a9ed28d3090dce08ed89ad7d0d
tau68/sto_bi_tau68.vertical_relax_restart1.in,tau68,B,qe_input,1657,6e089583f329d270f10dacf016f531a968fcc9b8b9b966300e30901080a92366
tau68/sto_bi_tau68.vertical_relax_restart1.out,tau68,B,qe_output,823403,d1d7677af8f4aa3961db3dad5caea00e33f766050f2e82328dd65cd02d27cb18
tau68/sto_bi_tau68.win,tau68,,other,3645,48c1fd036e136d934f47731dc4123418a3296f6995ded31bc361ac7423132f8d
tau68/vertical_relax_wrapper.log,tau68,B,other,160,b66540499ec48df1ccca6fc51a0b107e45ea693c9260b61ab64adcc904d6bcb3
tau69/pw2wan_tau69.in,tau69,,qe_input,149,c5cb38e274129920a72477e48556fa20fbfe02fe872863dc33a9da585d807785
tau69/sto_bi_tau69.nscf.in,tau69,,qe_input,4482,e2edbc065034486844511412a82313d25f8cad89166ff762e7f3b2922f740abc
tau69/sto_bi_tau69.scf.in,tau69,A,qe_input,1324,79482504ab53151fb8d3a5f0d1e6966cbcbb910a5e677a35e55d488f624cdbbc
tau69/sto_bi_tau69.scf.in.bak,tau69,A,other,1298,082a933e4e0dd611a0ab5080f159cfc55d4a5b6694faa7856e79799486ec3bed
tau69/sto_bi_tau69.scf.out,tau69,A,qe_output,173166,e7160290d0f4f78701aef9732cfd617c1adc8697414df9e2a526b92b0e0c0a8d
tau69/sto_bi_tau69.vertical_relax.in,tau69,B,qe_input,1677,0d2ad1aa6c5f492fb9d2ebb5ee52cb12ffa44bb1af9744161f7555a6747e3d24
tau69/sto_bi_tau69.vertical_relax_8h.in,tau69,B,qe_input,1676,a2b9e5024e8ce8692354008c2dbb68ee2db8ca8b416d4f5e189ab42ccb5d2886
tau69/sto_bi_tau69.vertical_relax_8h.out,tau69,B,qe_output,1978760,a858df0ea0c7b1292b78524ca55628f37a62055e5c1f28ee8320ab5477ba7095
tau69/sto_bi_tau69.vertical_relax_restart1.in,tau69,B,qe_input,1657,ad758d153e5e12999878d827355afb2b902b6b1add248fe2c688ea3211654c64
tau69/sto_bi_tau69.vertical_relax_restart1.out,tau69,B,qe_output,438869,3beec4d7c563820b377e869f494d4d0a9c5880c3a7c8486b0346d16f415531cc
tau69/sto_bi_tau69.win,tau69,,other,3645,d5370786f0273212bcfb8f654b4fd2776a486ba802fcc9044becdcc8816e86f6
tau69/vertical_relax_wrapper.log,tau69,B,other,160,fa7898c52e79da17dd2a12118a65882901424d7bb7007aad51532ddccfdedb36
tau70/pw2wan_tau70.in,tau70,,qe_input,149,42f43d2c4067267b6351c5444b5a843ce41f04c916f4474d804c0f7cdb24a934
tau70/sto_bi_tau70.nscf.in,tau70,,qe_input,4482,ac0ee0c57c434162dc7468527e2e7bb92fcf0f5f305b25dc4646b0afb6e67ab3
tau70/sto_bi_tau70.scf.in,tau70,A,qe_input,1324,ce5ae665ef54e091603c3b4d7137f9d583d1b2aab02fa32af26975d29c76600c
tau70/sto_bi_tau70.scf.in.bak,tau70,A,other,1298,26edcf40983c32e5efe5f4cb00fb10b4c027b8ed07b57cde0ad88603e22b14c3
tau70/sto_bi_tau70.scf.out,tau70,A,qe_output,161777,7096bc1afa5268c785eac0fe1e29bd8235571fe2fa44da2dc4d0f94f1b09d4ce
tau70/sto_bi_tau70.vertical_relax.in,tau70,B,qe_input,1677,5232eaa1f88add011ed8f7bbfb8129cd25f47438e453a83986fbe8a26a2f69e1
tau70/sto_bi_tau70.vertical_relax_8h.in,tau70,B,qe_input,1676,ec1b915b86cef145048b7eec5462a2c5a1840777a8df8a29bc191bcd9978f3b8
tau70/sto_bi_tau70.vertical_relax_8h.out,tau70,B,qe_output,1834526,866c5f0f56626a5e99bb93df2dd12ab42003eb94a0cf71b9ec2b1fe92678d594
tau70/sto_bi_tau70.win,tau70,,other,3645,9c728fdfcf2c93592600428b54a43e4fac7edb5e9b5b31bb0e5301fc149a42d2
tau70/vertical_relax_wrapper.log,tau70,B,other,152,b3ba2fba67376148bd7edb4f9a8e88cf43b6a38d83459fbe2d43af6bdfa46e6d
tau71/pw2wan_tau71.in,tau71,,qe_input,149,61805bbed8b5a33972d17f91375ce5e7dc4884fda2943b77753bfdea4421504f
tau71/sto_bi_tau71.nscf.in,tau71,,qe_input,4482,9c758f9ada9e42122ff002fc3a3f3a762b34459f529038af0c6dd083e612b9df
tau71/sto_bi_tau71.scf.in,tau71,A,qe_input,1324,b8737a88cf8721541632656e870c661422ea9c4dac0cb153868c94557425e520
tau71/sto_bi_tau71.scf.in.bak,tau71,A,other,1298,86ae3886a50998328de27b6ff588dbc18c20dbbb67f105fa56400e1da10c4980
tau71/sto_bi_tau71.scf.out,tau71,A,qe_output,191634,700de0b570838d7329e7b6b52637a3e5ba945a627abcfaa718d4e3bdeac50788
tau71/sto_bi_tau71.vertical_relax.in,tau71,B,qe_input,1677,b4642faed347a14fc614c06903c5b2fc4f22c3f4024ce1cd48e97483da5bada7
tau71/sto_bi_tau71.vertical_relax_8h.in,tau71,B,qe_input,1676,65772ab1fd7c010c9ed5e6dcd016e8dcc2ca16df44ac7efa8b60a420be77763a
tau71/sto_bi_tau71.vertical_relax_8h.out,tau71,B,qe_output,1981107,e3f2156b157cde2b11cd7a02b7af7e88cd79af6b49636db6ebe5ae1150d4520e
tau71/sto_bi_tau71.win,tau71,,other,3645,e9ca40cc49766328a48d06be03040fe9f65bb677cceead3d8a3e714519e0dfb8
tau71/vertical_relax_wrapper.log,tau71,B,other,152,1236617c10bea096f9b59d0cc73ec7a57b3e6a166e2a2f4b78d9571f3b459237
tau72/pw2wan_tau72.in,tau72,,qe_input,149,910d69e1b559f8d4991558cd9cbd6b0e452819f0114d745c9a644b5d5b1aa1e3
tau72/sto_bi_tau72.nscf.in,tau72,,qe_input,4482,fdb60b3056d43ce9b1f2d3ed677054dc5fbe34e78c649296e64cbf0b3e551cd0
tau72/sto_bi_tau72.scf.in,tau72,A,qe_input,1324,ea99af0d9bf7fd124fb8ca1fb0e2a3a106f4d47e21af2add198b7cd5fe53aff5
tau72/sto_bi_tau72.scf.in.bak,tau72,A,other,1298,26c5ffaa8c16984a499fd5767728178cba63e11d09954936d9be0ab38d4be40b
tau72/sto_bi_tau72.scf.out,tau72,A,qe_output,169296,95548359bf0f2a43dc24b765d4ede823ec00e388e6e7cc4a78428c731e09b884
tau72/sto_bi_tau72.vertical_relax.in,tau72,B,qe_input,1677,c513940671f0b3acc526fe706c8698be90aaffe0d972bb3ee4c758d5373ab6e7
tau72/sto_bi_tau72.vertical_relax_8h.in,tau72,B,qe_input,1676,0c7976dc4ad0355e1f097e881cb3e871691048c6d52ddb3f7a277a20c54c8b9a
tau72/sto_bi_tau72.vertical_relax_8h.out,tau72,B,qe_output,1944985,a0937ec40c6f1b650d48a3758a5221f4bea0ee1751918754051d30399fed63b8
tau72/sto_bi_tau72.vertical_relax_restart1.in,tau72,B,qe_input,1657,d413ce4ea81697fedca84264990c5c6867bbea7b1c3c913b6b2be7606697a128
tau72/sto_bi_tau72.vertical_relax_restart1.out,tau72,B,qe_output,436971,de0a3b142c2c8fcb16324a2d088a7d46a9e440494557a0649a972574a42aa611
tau72/sto_bi_tau72.win,tau72,,other,3645,f9da276baa1c97c0440870ee7131aa797e39430c8a944470a01f2ab51634beeb
tau72/vertical_relax_wrapper.log,tau72,B,other,160,549057410973c21edb63ce5c1ff5db574ca38a4ad12019903a46555721b5cf8f
tau73/pw2wan_tau73.in,tau73,,qe_input,149,e5e1d4f9f6312ce7bd3724ad8ab3ae563e240f71cc109f5e28720d76bd7fdb84
tau73/sto_bi_tau73.nscf.in,tau73,,qe_input,4482,21f701d8c1fda346adb9634a2531ea49bed125902ae2863ceb3f6512f1a2e43c
tau73/sto_bi_tau73.scf.in,tau73,A,qe_input,1324,fff1ec2e97811ef8b8340dc94ae3631aa7278a221001ab7a1ef41f1eea6a533d
tau73/sto_bi_tau73.scf.in.bak,tau73,A,other,1298,ef8c60814d0a758255578e414b31c9c0891e3b550b50ae740cf9480df76a79cd
tau73/sto_bi_tau73.scf.out,tau73,A,qe_output,163300,76a3e9af3d921374e690b626084e5b77559521220cbd7ce5a9044c282220a795
tau73/sto_bi_tau73.vertical_relax.in,tau73,B,qe_input,1677,d985699240f1c7b3436b3c3b512c9cf887af99ee0c49277177271f3ae9bffad9
tau73/sto_bi_tau73.vertical_relax_8h.in,tau73,B,qe_input,1676,cfe213ecea0e4a072d7ba101a6f598b71a2d2a6d411631054070f5713b289be6
tau73/sto_bi_tau73.vertical_relax_8h.out,tau73,B,qe_output,1941985,1d51719dec31e355848e37ddd12373401c4b7f0bb98d2efe65d56c360a264299
tau73/sto_bi_tau73.win,tau73,,other,3645,21a5bb7af40902ab164c2fb4c3cda4d18f4312fa3ff2baa282b4b21de6220dfc
tau73/vertical_relax_wrapper.log,tau73,B,other,152,c472440b10abad67ac17ecb822086ed86985ec9ecdddaed34623424908a9b539
tau74/pw2wan_tau74.in,tau74,,qe_input,149,2bf90b123ae6797659399104d6d2cb4d1ee6b278bcc9a1d7ab540da5754d5768
tau74/sto_bi_tau74.nscf.in,tau74,,qe_input,4482,a63cc6819b3dd1c476f7534cffc4b7bd5e56dc73623b866f9b892db77d822099
tau74/sto_bi_tau74.scf.in,tau74,A,qe_input,1324,035c68f0de5ae68ef0d1b6b1f6ca7871ae32ab95d70d29f36f0c72d8f05f0803
tau74/sto_bi_tau74.scf.in.bak,tau74,A,other,1298,e13e30b9fa8291a58c7ac9f928b20acbae387356df307bb6dd61fadaf81d38b6
tau74/sto_bi_tau74.scf.out,tau74,A,qe_output,170620,d1b30ec95f4262596251c77e231bf5d6c862d7c2a57509321da6240a6a761063
tau74/sto_bi_tau74.vertical_relax.in,tau74,B,qe_input,1677,2662ed7668706a306bc052ca6f8d3cd91b0f1a0bff83e5b9e0f949777d5e8337
tau74/sto_bi_tau74.vertical_relax_8h.in,tau74,B,qe_input,1676,f19e710b77680d936daf7070abc9aec59b934dd524c3f8216986f8a7fbc6c762
tau74/sto_bi_tau74.vertical_relax_8h.out,tau74,B,qe_output,1464264,b6332a5815a05cda47a3288540d954894563517a9de0bcde1a08f01a99ce80be
tau74/sto_bi_tau74.vertical_relax_restart1.in,tau74,B,qe_input,1657,4e7f0e147cbdc644200001ce4759220f974e6219e2908bd4a7948630a18d0bb3
tau74/sto_bi_tau74.vertical_relax_restart1.out,tau74,B,qe_output,2216670,e5aad59fa1f3aa4d65703cf75e9186741977cf9f0b4e44cbbc6aa9f81f7b40c0
tau74/sto_bi_tau74.win,tau74,,other,3645,77dedddd3e19dd5afd9ef883bc596890d77beb0f51620d0b5239175123047969
tau74/vertical_relax_wrapper.log,tau74,B,other,160,6d33015cd70b0fd6b2ccd569403d33960c2e33a0ebcf4a811056f252dfb13de0
tau75/pw2wan_tau75.in,tau75,,qe_input,149,5482d61c3f9321a042b6133f81bc94ebfc155293a22698673e19d08ecf4cae96
tau75/sto_bi_tau75.nscf.in,tau75,,qe_input,4482,eebb1e54a2026ef61a8ecc1da3c1a1dd88e9dd71b5547d79afda350418cf03f0
tau75/sto_bi_tau75.scf.in,tau75,A,qe_input,1324,3e3b97f68458f59fa256a6b84ccae93a96dd113490b731d471717330f8412eef
tau75/sto_bi_tau75.scf.in.bak,tau75,A,other,1298,ffa9e197f87d3cd8efddd4c41ecea08998e6e8c822053327f3c5b6b5ee9b2e5a
tau75/sto_bi_tau75.scf.out,tau75,A,qe_output,192379,a977f9b14d06a2bba1d3ead22c46101d06a2dbf2d53be1383e44fb103b8bfaf0
tau75/sto_bi_tau75.vertical_relax.in,tau75,B,qe_input,1677,666c0641a93dc94d2ab163310be61d25408f620b4c37e01d3091fb7fd51bfb60
tau75/sto_bi_tau75.vertical_relax_8h.in,tau75,B,qe_input,1676,31a4230d5f43e36f0cac93d8a74d5e0d3b27acab30b7450d292e8f18c27b58ec
tau75/sto_bi_tau75.vertical_relax_8h.out,tau75,B,qe_output,1506829,ee86cfc0624eae8bc7d411af9e96c05b3e0b7e7f8e003414849dd5887a1a82b2
tau75/sto_bi_tau75.vertical_relax_restart1.in,tau75,B,qe_input,1657,1697c638904045dc950483d4cf8ed9b392ca47ecf743c750c384a06ca377aad0
tau75/sto_bi_tau75.vertical_relax_restart1.out,tau75,B,qe_output,2964337,05aef91a18aa99ee968d158f9036ff16acd668d2609283833a40938cc4387912
tau75/sto_bi_tau75.win,tau75,,other,3645,aaade92a0ff02f69b1f0f04cf9f267d4e0d8680290d6053a16d471456302ee9e
tau75/vertical_relax_wrapper.log,tau75,B,other,160,5130b1ce3f97e58ffd3e0c0097165421a200e5a21c2255bddde4d96bb9cd003a
tau76/pw2wan_tau76.in,tau76,,qe_input,149,16c9faf38f95e43e06f4f4df087e09c44dc72150b3816af166b001b9ffb1cd3b
tau76/sto_bi_tau76.nscf.in,tau76,,qe_input,4482,cc92b862b5cbbeaeea974e738f9d490501cef808e3b6a150114d2a0e2644e4a3
tau76/sto_bi_tau76.scf.in,tau76,A,qe_input,1324,7b222d7078289e9c4a7421668a965abe7f753245dd6c786b818000e497f94680
tau76/sto_bi_tau76.scf.in.bak,tau76,A,other,1298,1e1aac15c35549cd4cc2847622c010aed4426ddd3c8767c6fac25b3c7e2838ae
tau76/sto_bi_tau76.scf.out,tau76,A,qe_output,158678,610ea4e372d61d457225e89ace4ecb63f1adb62fdea01f21396ec207ba79f0d5
tau76/sto_bi_tau76.vertical_relax.in,tau76,B,qe_input,1677,81bd1411764ac70aed2712044f248910e075374e6589287bd582bc7de21deb41
tau76/sto_bi_tau76.vertical_relax_8h.in,tau76,B,qe_input,1676,c92a01a6d5566ac325c7723d1c8304f0c0ec4016af17f44ee659ddaca3976e2d
tau76/sto_bi_tau76.vertical_relax_8h.out,tau76,B,qe_output,1447194,33192261ea42dd6e4567e794a6b2ba5b460c904f9b920bc0c88cfc7172ba1a5f
tau76/sto_bi_tau76.vertical_relax_restart1.in,tau76,B,qe_input,1657,8842d5335c7a17e6d4593e8a2a600b02f9381e2cfead7088c2f0f48d5a941e37
tau76/sto_bi_tau76.vertical_relax_restart1.out,tau76,B,qe_output,2234951,5175d91281d6cfb3c76bb24dd6fad19bdb346a8a2f975f7b79f51f35c2b89a92
tau76/sto_bi_tau76.win,tau76,,other,3645,ccf4ac5529a9dfc038013d3c0e7cc8f2e0c7280af59f1f88cae046f47f53891e
tau76/vertical_relax_wrapper.log,tau76,B,other,160,7d42fa466f42958fbbb18b51f16f4f925686b598ceb650dd787a3e699bdab138
tau77/pw2wan_tau77.in,tau77,,qe_input,149,f7af976acbed82bdf6cba84fa7c54ce3002e025a7078dbd5d493e38828095402
tau77/sto_bi_tau77.nscf.in,tau77,,qe_input,4482,73d656db82e150ec6ddd0a46b1c2f5ee5f66369f57d8017652d19d29958359da
tau77/sto_bi_tau77.scf.in,tau77,A,qe_input,1324,0ee2b08b01b6461a12ae9c772e0b5253bf083b639339a2a3ed1d476de18a8ca7
tau77/sto_bi_tau77.scf.in.bak,tau77,A,other,1298,91cfeaa7cdc895967606a10480ac11b3a694634d6437957d86aa25119cd7182d
tau77/sto_bi_tau77.scf.out,tau77,A,qe_output,191657,e52bae692db52c38e283dfb05f53cf354b6e4aba1ebb47a0716935903e8447a1
tau77/sto_bi_tau77.vertical_relax.in,tau77,B,qe_input,1677,e03db0541167c6978dafedc1168dedddfc37a3561b5048ccefac4afe90cdebcc
tau77/sto_bi_tau77.vertical_relax_8h.in,tau77,B,qe_input,1676,d36af9b5953fc2bd5be8ec780e4d6a9604090053c57d460a59935331f63d9c98
tau77/sto_bi_tau77.vertical_relax_8h.out,tau77,B,qe_output,1952872,d49fedbf7aafe66823da76039e74fa50cbdef11b6fc1802f92960d5ea8c6ff6a
tau77/sto_bi_tau77.win,tau77,,other,3645,b4da7e5b150f80aeb56f7dbf35da3f6b77d78658c17d8557cc3e78afc1f4f194
tau77/vertical_relax_wrapper.log,tau77,B,other,152,479b4532786eff48a1ba996f43677f63d0117d19f34eb7d4d712c9d0f475509d
tau78/pw2wan_tau78.in,tau78,,qe_input,149,c92df64d32f239828a687cedc442b12bbe72910660daac03b0ac3d02b4c824a3
tau78/sto_bi_tau78.nscf.in,tau78,,qe_input,4482,e1bb34608d291531a2e7a24eba4748581a5a304c8618255b850ce1bcdc3caca7
tau78/sto_bi_tau78.scf.in,tau78,A,qe_input,1324,608a71de5587856012b02bba074744f013da2891f69575229904a844a8b9f94b
tau78/sto_bi_tau78.scf.in.bak,tau78,A,other,1298,1edc876784cea9dc31b545d5de7ffc01f80d47b1a3fe61328503e055c8f9abca
tau78/sto_bi_tau78.scf.out,tau78,A,qe_output,158997,385399edb9ebbce213dc2ff79506d57f8fb7830232fd70e712c9ba803e657b84
tau78/sto_bi_tau78.vertical_relax.in,tau78,B,qe_input,1677,d05061a3daa1cad89bace2dd7faef73b9cd3d9126db9acc841df07184caddd0e
tau78/sto_bi_tau78.vertical_relax_8h.in,tau78,B,qe_input,1676,3ed208a02776540146936b50b0fc71be80c51ebdd67315375109eea0cafe14fd
tau78/sto_bi_tau78.vertical_relax_8h.out,tau78,B,qe_output,2005883,1cfd554e6557e0e0d07333bcea2845e98f6e7226e7b5957d3fad1e4522ca9357
tau78/sto_bi_tau78.win,tau78,,other,3645,6e318b78f20eacbf6215d26d9a628c5aad36542fab34548bbd7c653094fbbe1e
tau78/vertical_relax_wrapper.log,tau78,B,other,152,819a4d04e7a6bff8b612db7b02840f3658545785db051fa2277cec6353567ccb
tau79/pw2wan_tau79.in,tau79,,qe_input,149,adb3ec35b897a2678288ac2ae1f11b5aea9ee182adcb109fa545ed02160c086b
tau79/sto_bi_tau79.nscf.in,tau79,,qe_input,4482,0ed5f0d1de042297a0f88ecc81c461872d34a11cdbc7c650f5027ce5c696dff2
tau79/sto_bi_tau79.scf.in,tau79,A,qe_input,1324,7b74f67372374fff21555021518b80139c1928ac864d8e752234090332871c23
tau79/sto_bi_tau79.scf.in.bak,tau79,A,other,1298,c9636bdd6f03402dcc5e01960eb07644e93f205d9b7766f52c2c8a4af9cda968
tau79/sto_bi_tau79.scf.out,tau79,A,qe_output,135690,43eb3692afa8dce04500446e6a046b10fa50c4c340dcfc3942953a39320d7812
tau79/sto_bi_tau79.vertical_relax.in,tau79,B,qe_input,1677,0972e0673a8ad51158c9f07c3453af29d294fa84420a6b6b6d59b28b8944e49a
tau79/sto_bi_tau79.vertical_relax_8h.in,tau79,B,qe_input,1676,1a2e9b552f92ece32aa76a9b0911ece83aa4bf632eb10db1eb2d9b0eaf34ab6b
tau79/sto_bi_tau79.vertical_relax_8h.out,tau79,B,qe_output,1974755,21899060cab53364594b6cc5e43806801495f2a4126b8c18f3d6a605a0e2bbfe
tau79/sto_bi_tau79.win,tau79,,other,3645,7121cdc6c43c013c7bad863fd40a4c1699be40b146adc2be76d37dfbba034747
tau79/vertical_relax_wrapper.log,tau79,B,other,152,df629ad686aa05a9c4eb5e4b6d8361e53185592116f64e60d784a2c749b692b2
tau80/pw2wan_tau80.in,tau80,,qe_input,149,40a485d78ea124481c06c50ef5978ebe29128365ae963be94607299c8e95d7bb
tau80/sto_bi_tau80.nscf.in,tau80,,qe_input,4482,fbd0c42d33e897efa9629003e6ee3c9d4042dcddcf2d2a878fc44e02db467c71
tau80/sto_bi_tau80.scf.in,tau80,A,qe_input,1324,e58d62073296e94336ce233dde2229401f524b0e335d8179f5cfc641641438db
tau80/sto_bi_tau80.scf.in.bak,tau80,A,other,1298,b84cbb9269176665dc402540ce3a1fe478cf1df4d51c66a7dd47f9e1540ec060
tau80/sto_bi_tau80.scf.out,tau80,A,qe_output,158486,1be734ad131fa52b83121d6ae91193e7f7d89ddd3700d09fa6f308a5a1476a42
tau80/sto_bi_tau80.vertical_relax.in,tau80,B,qe_input,1677,9cafaa4ea8d25cd5b7575a73a0dfeb05f51c4db0d728525b6604b8fbd760adfa
tau80/sto_bi_tau80.vertical_relax_8h.in,tau80,B,qe_input,1676,8b5b4350dab754c0538841045ab91f8ebadb6667b55b0f66eefc87248da6df8a
tau80/sto_bi_tau80.vertical_relax_8h.out,tau80,B,qe_output,1643794,e43db6e9e4d0ac1b26a1fc61e16bf8269a7e4cd5a1a46ba707706b56161056f5
tau80/sto_bi_tau80.win,tau80,,other,3645,e2afedb2ee839a196f4de9f630a2049fdaa73a15685ad9fb09c5fc43d118aa3b
tau80/vertical_relax_wrapper.log,tau80,B,other,152,3d602c6c014bf920012066a13c2bc73fa599f5cdc091e36186e02e0786c17ab3
tau81/pw2wan_tau81.in,tau81,,qe_input,149,ddc1d5f65017baca82a241ef8b5f0f0a94114a6ec6148333439418716133f1c3
tau81/sto_bi_tau81.nscf.in,tau81,,qe_input,4482,fd1fed7331602eaba0a3567f5989c94a7601e4c10c01c52346448a2875404aed
tau81/sto_bi_tau81.scf.in,tau81,A,qe_input,1324,ca215cfb28f5ce9fb4534cbc70d9b28f4dd3bba4f486bf1d325791505cd7e8b8
tau81/sto_bi_tau81.scf.in.bak,tau81,A,other,1298,ed73efccd7e01435286d867eebac003682bf3d642ddfcf49cfc0641400008f24
tau81/sto_bi_tau81.scf.out,tau81,A,qe_output,162433,0b01f978f5fbd7bdc000eefbf626e754dbbb4f36ec122edd39cb28e4aed488e0
tau81/sto_bi_tau81.vertical_relax.in,tau81,B,qe_input,1677,ebb6b39082933f23160ef380ab190580726650e4bcfc61c890bce8181abd91d1
tau81/sto_bi_tau81.vertical_relax_8h.in,tau81,B,qe_input,1676,02ac1258861e69bfb21f457e2e83a9398b90ed9b13e8b0b6f1ac5178b3886a4c
tau81/sto_bi_tau81.vertical_relax_8h.out,tau81,B,qe_output,1666163,dcbc9de7f2995743013aa7c3a25ae22a04dc1c136c359628f004b6f777efb39e
tau81/sto_bi_tau81.win,tau81,,other,3645,c45bb9e1778f77a475c97f0468dc746cdcb6d159bfd7463b65255e73321773dd
tau81/vertical_relax_wrapper.log,tau81,B,other,152,827846346c37de561f64bafd5e6d62d8b619879ceabb6f3db50a864b87e1f8eb
tau82/pw2wan_tau82.in,tau82,,qe_input,149,a0d8a624ca6c016906d14fc5feeb116f995d3ef8ac4f65325fc96a457d2d0612
tau82/sto_bi_tau82.nscf.in,tau82,,qe_input,4482,004a891b90ad7d42a6783b02631e5ce8ba09481f8f9f53e48959eec9fc97ccc5
tau82/sto_bi_tau82.scf.in,tau82,A,qe_input,1324,6b7a122b91a6d10b8811737c45c2bad7940d3cf71ea3709f03a9e355162f4e63
tau82/sto_bi_tau82.scf.in.bak,tau82,A,other,1298,1cfbcca82dbcedbd8b92c51525cf6ade631f8f743fd75acfc9fe1a0742efe07f
tau82/sto_bi_tau82.scf.out,tau82,A,qe_output,161493,1547acfd4538c0b099dd95ccf406c9f5c863370f4cb348bb501ca8f92933c1b0
tau82/sto_bi_tau82.vertical_relax.in,tau82,B,qe_input,1677,3d13d0e7a803d00f1f64e376f50d45bd9aae5c5d0f77f2b9c6cff613fe14d020
tau82/sto_bi_tau82.vertical_relax_8h.in,tau82,B,qe_input,1676,b53d3d57f599d478d1ed59b5cd6cbbf16432a2e2189fee3222570e4fe8ee7afc
tau82/sto_bi_tau82.vertical_relax_8h.out,tau82,B,qe_output,1650868,68d1397821ce8662cc3b35df0ef3694952a6730829ffdb5397bcea7adfdf6e8e
tau82/sto_bi_tau82.win,tau82,,other,3645,7e7dc36783ddc6ecb3c1929a0997ed13513212c03697e3fed39f0f217837a60a
tau82/vertical_relax_wrapper.log,tau82,B,other,152,1974a706b8d75339590a561fc26f7e6fa23e9b1af110eb93b8d056ffd2757eb2
tau83/pw2wan_tau83.in,tau83,,qe_input,149,8370fba16cdf4f687189c18189257ba5b9da7c5b79c3bab29dca227f86e94cf1
tau83/sto_bi_tau83.nscf.in,tau83,,qe_input,4482,918f22e24ffb366e6d89693467d15a93d4fe880e56292196dc7d5a88604a375b
tau83/sto_bi_tau83.scf.in,tau83,A,qe_input,1324,db26c1d8ce4854bcd8f75c20dd50c37b6a82515f14b191a251ee7c739489bcdd
tau83/sto_bi_tau83.scf.in.bak,tau83,A,other,1298,9d2438156f560d569357b83bd9d299a9963dd9628433b8c838954fd33a32b898
tau83/sto_bi_tau83.scf.out,tau83,A,qe_output,187369,3b6633ae20b8ebd977955c4e0f7a3dcd4919da4243e586ac1023915341a0e6ef
tau83/sto_bi_tau83.vertical_relax.in,tau83,B,qe_input,1677,3ea60fb3344e8b16a32da6f60fe9a3040811049f6559a272b65901a8c050e788
tau83/sto_bi_tau83.vertical_relax_8h.in,tau83,B,qe_input,1676,b87508c226c154a8ed041f8860f346689edc11c920dfdc73f3bd11321df8f375
tau83/sto_bi_tau83.vertical_relax_8h.out,tau83,B,qe_output,1986343,e20d86e2743957bb280d0ce4fac0a4cab50ec03571f8b85dcfcf220b7501a457
tau83/sto_bi_tau83.win,tau83,,other,3645,d9ba2ae216d36575e8ce45b7c88fabb52425b1d513ea08fef783d5f4164ad65f
tau83/vertical_relax_wrapper.log,tau83,B,other,152,200fbd85da6fd13682cc57e14a16baa711ddebcbfc6dcffd479ef3f32a6b761c
tau84/pw2wan_tau84.in,tau84,,qe_input,149,ce371fa50ae57081da0781323b1de6fb1adb980828f0c1cebd286fbe432c2c7b
tau84/sto_bi_tau84.nscf.in,tau84,,qe_input,4482,9c2c4d80671b06f60d9c8aec9442d718509a16d15c7305478dc2a8d05931acf2
tau84/sto_bi_tau84.scf.in,tau84,A,qe_input,1324,e9792f1a1dc2278c22e7be76a4b4f040f77210d9724729b31470d0841f146c34
tau84/sto_bi_tau84.scf.in.bak,tau84,A,other,1298,43c5b864206f97e2039e281cf009aa249dcc8bd09dd2044650f0edaeb1e00682
tau84/sto_bi_tau84.scf.out,tau84,A,qe_output,179673,c8825a0b9cbc202c3a75ab0c74d70ec689aad71d551f039b0044c240982d32d4
tau84/sto_bi_tau84.vertical_relax.in,tau84,B,qe_input,1677,bfc17b51b1e153c75a8257c355bd5b95245e755019b77c6f5c89da825fb57196
tau84/sto_bi_tau84.vertical_relax_8h.in,tau84,B,qe_input,1676,2bb2143bb5bb27a1ca41a0b9c49164d1d07d9d1e5b57c0c34e1536b30c11243f
tau84/sto_bi_tau84.vertical_relax_8h.out,tau84,B,qe_output,1927381,8ce96e05377920ea87a0d1f779b4cca06b07ca649c1a86ed254b9a455a75012e
tau84/sto_bi_tau84.vertical_relax_restart1.in,tau84,B,qe_input,1657,3a2577c115580ec4667c6a93fcc606325a1564db53f10d737ea233a880670108
tau84/sto_bi_tau84.vertical_relax_restart1.out,tau84,B,qe_output,594384,6d8c6d1565b2a99034bbeb48711a5f65dcf1da99bf8dc43fb011a05aa026187d
tau84/sto_bi_tau84.win,tau84,,other,3645,ae00e11a940c64bf048bf313b1d0fca190c84d3968ac29ffc42aa52c570eb03d
tau84/vertical_relax_wrapper.log,tau84,B,other,160,9626a6c14129f8d7eb75e9d3bb7ce2cb28257feca04f747470ea8591b87f0f48
tau85/pw2wan_tau85.in,tau85,,qe_input,149,b8c004604b567e0f42da3aa6397d6deb235a379584dfd93378f7cd7218e909d4
tau85/sto_bi_tau85.nscf.in,tau85,,qe_input,4482,08e571c83c08a0e99824ac602492bcf87f69d55eaf9d6b8c1acd6c68bb585f84
tau85/sto_bi_tau85.scf.in,tau85,A,qe_input,1324,f30061990ddc5382a822aea4c1a3bef1f6d4978577c51e03298fc40e029bdc2c
tau85/sto_bi_tau85.scf.in.bak,tau85,A,other,1298,f7084ae437414286b6dd9f3cb1fbddb1ab7963af09d530012ba43bd25f359bb5
tau85/sto_bi_tau85.scf.out,tau85,A,qe_output,208743,5e9ab3174f9b84f38e383f4d26ab33ac22a24c3d9a73d300ed71b435c069dbd7
tau85/sto_bi_tau85.vertical_relax.in,tau85,B,qe_input,1677,dc68c43ca35de4e12cd12b96f0672038bff2fd5904829adef4186587fec207fc
tau85/sto_bi_tau85.vertical_relax_8h.in,tau85,B,qe_input,1676,f2a4e7a050f0fb72af10d9dc2d9be0d75f84bef3039f76edd79b6c39e2c4d6a0
tau85/sto_bi_tau85.vertical_relax_8h.out,tau85,B,qe_output,1759159,0067d86133d3cd46244bdfeed9da50b9360eedbadd0ac39cd0596a227d94308e
tau85/sto_bi_tau85.vertical_relax_restart1.in,tau85,B,qe_input,1657,238b3262195a55193e2a3527806cca3db7f368b1fb20a97e215e82755796e773
tau85/sto_bi_tau85.vertical_relax_restart1.out,tau85,B,qe_output,2191594,a7a6a4591f953c40f0d542b22465299ee71f49dc42f2362232e51a5d69523a23
tau85/sto_bi_tau85.win,tau85,,other,3645,45236a2426c127145e30fed95a56008ea7fa999b94619c092020618fa2a0dea7
tau85/vertical_relax_wrapper.log,tau85,B,other,160,42df385c7ffd0381c38247d18b0f11b3c6cd10282410833ff0b2af22b527467a
tau86/pw2wan_tau86.in,tau86,,qe_input,149,3f40a75ae30818afd029442809843b2a8cf118950035da4161562aabd2ab8d6d
tau86/sto_bi_tau86.nscf.in,tau86,,qe_input,4482,da484621fdfeeb66998359f9ce1469e938c56c6632b28420860d552f4f30553a
tau86/sto_bi_tau86.scf.in,tau86,A,qe_input,1324,b40b6fd21a910fb485c800d33c71ec248483b9ad6e394e890aeb7a36866d7712
tau86/sto_bi_tau86.scf.in.bak,tau86,A,other,1298,afffeb7d607d049e4f6306789e10066a391573cc3ff4ea19da2452c96fa797c1
tau86/sto_bi_tau86.scf.out,tau86,A,qe_output,180942,e185d8d49961c8a12574b580370d15ee8d8dfccb8e365a40d9afba88910a8282
tau86/sto_bi_tau86.vertical_relax.in,tau86,B,qe_input,1677,baeee6c3709438f7a5b6bf1d11bdcb165c4adad00bfb1d21cfbf653252079b61
tau86/sto_bi_tau86.vertical_relax_8h.in,tau86,B,qe_input,1676,6057bd6d57c3e92cee583192090ed1ddc95c9a91ca7e7d474e00497296ec078f
tau86/sto_bi_tau86.vertical_relax_8h.out,tau86,B,qe_output,2066174,f7e9f0a29bfbbdd9dd321d728f02b9c8dd9308d1073f8b49c5c078be74c12892
tau86/sto_bi_tau86.vertical_relax_restart1.in,tau86,B,qe_input,1657,1786cd3560ec80e4cdc84d2439f381a5049a117c8d057d95e2fc36b5f8237852
tau86/sto_bi_tau86.vertical_relax_restart1.out,tau86,B,qe_output,327663,f40347b2a11ba4a3a4454ecd6f10cbd1e1b51ee8f2ec91d9a01596acf467ad1c
tau86/sto_bi_tau86.win,tau86,,other,3645,b7c5242be34d307474900ee78805c7d8c200829d19271bd6c500160a2f6c96aa
tau86/vertical_relax_wrapper.log,tau86,B,other,160,3de684ef3587b9f7e89432902b66c0d64f6d201443788201e73b74745b2f3326
tau87/pw2wan_tau87.in,tau87,,qe_input,149,a3ee0373820537f33dd3b69e4715b7abe2e9f86f429bec1401469dbfcdb4f941
tau87/sto_bi_tau87.nscf.in,tau87,,qe_input,4482,4b2eaebf67026c27cfa85f6d9fc50eb311aa622277450016876e57c249124acf
tau87/sto_bi_tau87.scf.in,tau87,A,qe_input,1324,82d794fbe3c395c9a0a8cc94ad175d3389b86569811115d4d5ef4094827bc104
tau87/sto_bi_tau87.scf.in.bak,tau87,A,other,1298,a4a9a43899082129121f08cca0e633014f670fbee0d19a542f9a490d15029a0e
tau87/sto_bi_tau87.scf.out,tau87,A,qe_output,198502,2d32700b670596f964d784bec842fb439c7e598a7ee78d42aa689d8aea8bcc39
tau87/sto_bi_tau87.vertical_relax.in,tau87,B,qe_input,1677,38b49b4654fde11e53afed03f47f6cf1560e1d0d1c12197d2b302af0491a4fd7
tau87/sto_bi_tau87.vertical_relax_8h.in,tau87,B,qe_input,1676,bb7e2b1e3566371fa117580889dc2672218c8a11939fd8b9c442519c1d4415de
tau87/sto_bi_tau87.vertical_relax_8h.out,tau87,B,qe_output,1963022,a7d7860ddf1e5b5acbab5003827a1e12851cf4b2408c088afc274ad8f6b97868
tau87/sto_bi_tau87.win,tau87,,other,3645,cfa05bebba28db4fc98c57b20ccf03c7be618e837062b7bba032f0dc3420551c
tau87/vertical_relax_wrapper.log,tau87,B,other,152,0eadb35b1a8925bb92b4ffceb5ec170473f55b487200f57b951a987db504dd7e
tau88/pw2wan_tau88.in,tau88,,qe_input,149,9649fadfd3ae50796b21f194c82ba429ab0bc6df42cd496036e8447288dd56b2
tau88/sto_bi_tau88.nscf.in,tau88,,qe_input,4482,318a502ec9c7ea63936b6f558965182188dc9d5a967c4b8534b774b4c2e9da6e
tau88/sto_bi_tau88.scf.in,tau88,A,qe_input,1324,b950da6dcbd5fd742e7567ac740a92fe40effe00631d3fbaf9cc22be8dcd5975
tau88/sto_bi_tau88.scf.in.bak,tau88,A,other,1298,32fdbfa5f9859d432c73c9844689c53fd90a8f0131452135d60c77b104c2aa59
tau88/sto_bi_tau88.scf.out,tau88,A,qe_output,154083,392635aec68d348bf20c825dc200c5d533e3cf6c40be2f2fe4cadefeee078a97
tau88/sto_bi_tau88.vertical_relax.in,tau88,B,qe_input,1677,7c56b1a30db19b5b2258c3964dde428f0fb0ba6daebd4eb5a243468852e47b5c
tau88/sto_bi_tau88.vertical_relax_8h.in,tau88,B,qe_input,1676,1a8e439926c265078a4105c21893dd0730e4c4a5f44214b94e16e62be9ddb77b
tau88/sto_bi_tau88.vertical_relax_8h.out,tau88,B,qe_output,1602019,158fd16a47c936f525f7c28dfa6a00bef9e8e4ebb0363264e6f040832856faad
tau88/sto_bi_tau88.win,tau88,,other,3645,b6b38182d6aa77f9a23087ff112fa8a2857759396adde80c1963b3747d483069
tau88/vertical_relax_wrapper.log,tau88,B,other,152,d33101fee805a32d17c7a06c8eb9fdb0a003fda4f19bd9696c921bbbc3e490ef
tau89/pw2wan_tau89.in,tau89,,qe_input,149,d22f880c12f6bb515430a7a510efa586e89c8979958c178fe7457322f45c2a1c
tau89/sto_bi_tau89.nscf.in,tau89,,qe_input,4482,ad05f93478ff052931b3f46aa8bda8832e7680a0496d678ccaa6a878e511c97d
tau89/sto_bi_tau89.scf.in,tau89,A,qe_input,1324,355ecd74c8a6f986c34ca66ca4502a5b1a136629da5ca9654736aeb9c1e334c1
tau89/sto_bi_tau89.scf.in.bak,tau89,A,other,1298,a600b09a6188a253c3be4b2ee4fd8bccf9d3bea0ee4929929ea1bd3dd077b850
tau89/sto_bi_tau89.scf.out,tau89,A,qe_output,147267,06bd17bc8c84d0ec19b0c10ddff02c2b128fb6cdabe69c89a0b5a227dec3dd1e
tau89/sto_bi_tau89.vertical_relax.in,tau89,B,qe_input,1677,19a236160a1360ce8d52f3d07f02e0742ad90e27d3724324bf628d631d917377
tau89/sto_bi_tau89.vertical_relax_8h.in,tau89,B,qe_input,1676,1227c6199a621191d6beffb24aa3860295370026ec8c8806c6a821b63aabeec3
tau89/sto_bi_tau89.vertical_relax_8h.out,tau89,B,qe_output,1683886,dce9cf198a0ed4340517c744a25947ec70951209fe5fd0b508ceb8b1f9725cbf
tau89/sto_bi_tau89.win,tau89,,other,3645,f5721f62079d644be71706b6f58c7818e95b58026b1259a1ffa7a4e725c7b5bd
tau89/vertical_relax_wrapper.log,tau89,B,other,152,17d976a4172f07d626fd2fe1cd4a89847a05614c68723a15915f23acfd37a8f3
tau90/pw2wan_tau90.in,tau90,,qe_input,149,4b032a3df34603c0c7fea0c2f2423a138170adcfc40ece1924a17ba4114967d0
tau90/sto_bi_tau90.nscf.in,tau90,,qe_input,4482,6fb91674e424f925129ecd2395cd7e3dbbdfab3a27e7494b385d1cc28dc678e4
tau90/sto_bi_tau90.scf.in,tau90,A,qe_input,1324,b1ddb39feb967c520a27d1febeda7757dd76aee9f75ee6dbd64efecbada7d896
tau90/sto_bi_tau90.scf.in.bak,tau90,A,other,1298,cf9a46122c9ae4cef9063a2110e54be285b3c621c50c4ae2e3b4dd961d2ed283
tau90/sto_bi_tau90.scf.out,tau90,A,qe_output,149007,48d2f0d33936884a7c800766f2fad58c9bb6750ad4a498abf6b4e28cb0615248
tau90/sto_bi_tau90.vertical_relax.in,tau90,B,qe_input,1677,0aa03bff8f933033b7e4fa8543a133200cc53a81f1e0a950e70ce691cb52ff37
tau90/sto_bi_tau90.vertical_relax_8h.in,tau90,B,qe_input,1676,b5c94c62c8e281ea6da1f60a5c3e3e512a732e8359c2bede2105f45eea0fbe19
tau90/sto_bi_tau90.vertical_relax_8h.out,tau90,B,qe_output,1188638,a3d729592f1937b5f3e161b701a21e7167f62866811292836194ea19a09ff003
tau90/sto_bi_tau90.win,tau90,,other,3645,a3b980e7ec8ffa01ca51a2417031c1d5c273182da3a6b45d826d8bfc514ba70b
tau90/vertical_relax_wrapper.log,tau90,B,other,152,f4763b3f21ed7ef299d742eb70eacbe9984bc8474c10a5560be4d40eca9c04cd
tau91/pw2wan_tau91.in,tau91,,qe_input,149,ff0546658fb702d02d2efbc1e3ec914cbe695276f42408616dee03da5b4d129d
tau91/sto_bi_tau91.nscf.in,tau91,,qe_input,4482,b1c53f80f92de51cbd0da2524a32730c37a0c9e473ec137091ab853601ca649a
tau91/sto_bi_tau91.scf.in,tau91,A,qe_input,1324,8da1d3d585fe0b4a65baaa7e82bdf283c799c989ddc70341acab8722c6c04a28
tau91/sto_bi_tau91.scf.in.bak,tau91,A,other,1298,bb6561b4882c046bd6b6458df8c0ae1f2e85783deefbc838901897f47b87cca9
tau91/sto_bi_tau91.scf.out,tau91,A,qe_output,178359,198911840f86180431acdc68bad1b6af43b417d2ad441793f84787e6f1e406dc
tau91/sto_bi_tau91.vertical_relax.in,tau91,B,qe_input,1677,d5a69d434378a3ca0568f75844a024e6bba47de004d282ab43c0acc4ae8fae7a
tau91/sto_bi_tau91.vertical_relax_8h.in,tau91,B,qe_input,1676,fc6edc332a5385c51eb5d6c862fb96cae7f89843bd0253085638340afceaf6ca
tau91/sto_bi_tau91.vertical_relax_8h.out,tau91,B,qe_output,1204433,39f513f3850815ba62d0b1c8ca1ecfe8369c630087ec5cf5636735baf325677b
tau91/sto_bi_tau91.win,tau91,,other,3645,b23fe899797d0c74df7258a9f81019414d50a0169cc8faef7fd8edd60cce5959
tau91/vertical_relax_wrapper.log,tau91,B,other,152,07ec9bff832c59dea1f3b67acfc21fb0db81fbc78621c550e52f8d30b3d8f3f1
tau92/pw2wan_tau92.in,tau92,,qe_input,149,71fc8769523fd859684c52b38c2ce2703399ac600f90ed2107e885fe1bc8c293
tau92/sto_bi_tau92.nscf.in,tau92,,qe_input,4482,37d5a92ba6b206cf2831c962e20c559e7cc839e63b1ac6bf85cc856b6523d836
tau92/sto_bi_tau92.scf.in,tau92,A,qe_input,1324,daeb77da8effa50755433e19869d8efb95eb2ec554af6e9b16d30549239fd350
tau92/sto_bi_tau92.scf.in.bak,tau92,A,other,1298,794f50e04848d8d8acd3db22c0d70210989b3e3ac13c45a3b93e06e576419d67
tau92/sto_bi_tau92.scf.out,tau92,A,qe_output,154244,4a7899582420e8cc3ad32200cc07b9ee5a759df036936d7b63aef87aaaf2f23c
tau92/sto_bi_tau92.vertical_relax.in,tau92,B,qe_input,1677,8388879ba5a817fd31ed6605c43f00dd7aac953f426d522e180f3841e3e70e28
tau92/sto_bi_tau92.vertical_relax_8h.in,tau92,B,qe_input,1676,853226194bfa511baf394ffa010be8af6d2969f605dc23406ef6e92e9b96a7f7
tau92/sto_bi_tau92.vertical_relax_8h.out,tau92,B,qe_output,1607282,90af881d99a2e1c1e8d6c99aa9ce971f610e2e28ca3d805b9cdab89789024dfc
tau92/sto_bi_tau92.win,tau92,,other,3645,ce6c8b50b56b0bca818f0d9080954c1492c5a8dcfb5997f95b8ef79a52ac3d8a
tau92/vertical_relax_wrapper.log,tau92,B,other,152,69244288aba8f2f01c50936860603672969022eb119117086f61d9dbace42a0b
tau93/pw2wan_tau93.in,tau93,,qe_input,149,7e0745283943f278b73a06f54908d44911473d143ce2a93c984e5af61ade175a
tau93/sto_bi_tau93.nscf.in,tau93,,qe_input,4482,d1002c8531c3a5c222f84924542405f0bef7bf396a6311b46949116981c1c611
tau93/sto_bi_tau93.scf.in,tau93,A,qe_input,1324,719282690b13139922b58592566783588a380aa63a893ba97aa72cf15ff64fbf
tau93/sto_bi_tau93.scf.in.bak,tau93,A,other,1298,01a11cd86e938c522eaaba8f98c6a1bab5f49a8a7252d222e5c2827460726777
tau93/sto_bi_tau93.scf.out,tau93,A,qe_output,176451,431562ce98ba4c7976e7d1343a8e43f4ac52a4c6fe3cd482fb71fcdfb6734a65
tau93/sto_bi_tau93.vertical_relax.in,tau93,B,qe_input,1677,9bc751679e2c45998e340d458c19d1a56e850af25fd19b2d4c2a404ae4195b76
tau93/sto_bi_tau93.vertical_relax_8h.in,tau93,B,qe_input,1676,3c25300e82056ccad7a0534b3ceca8ee29074b0d8a98f86964dcad318a4363e0
tau93/sto_bi_tau93.vertical_relax_8h.out,tau93,B,qe_output,1987926,2be4bf0095c2411a8d9b679b74e5502bad23b26d7b5918daeef42577f0f95c88
tau93/sto_bi_tau93.win,tau93,,other,3645,0ffdb3597a1ba90b2296155a9a6e6f5dc7bfde57827b27ab9cf453793b836040
tau93/vertical_relax_wrapper.log,tau93,B,other,152,6f0a8d08394391c64650db6b900fcd91da8d5ef3c01e76b6be46446b3bce78a4
tau94/pw2wan_tau94.in,tau94,,qe_input,149,98c17267644ae20974d9bc2c10c753e73449d9b7f52909c1a4b249df8c703aa0
tau94/sto_bi_tau94.nscf.in,tau94,,qe_input,4482,fbabec3af85d30e0ff2859d9904cf0606eaadbf966a46a2104c9de4cd44b897b
tau94/sto_bi_tau94.scf.in,tau94,A,qe_input,1324,34bdd2d9131542602387186c29c73552545d585b75b83eaa7e3e7ed954f8b346
tau94/sto_bi_tau94.scf.in.bak,tau94,A,other,1298,e5c55515c3a9a4fd73f3d51208b03d38afa6c84a4e8ed76e4b4dfcc78f353ad8
tau94/sto_bi_tau94.scf.out,tau94,A,qe_output,164334,5898f1ffe37e438b2ec40a81aab48808b4e2598119132384740e17119345fb5e
tau94/sto_bi_tau94.vertical_relax.in,tau94,B,qe_input,1677,9a0e8c98596f4848e2602bd7b8b23a6a014c2f22d3e4c4ff7a15060abff77a89
tau94/sto_bi_tau94.vertical_relax_8h.in,tau94,B,qe_input,1676,083b692c4442185e8e26c7a22f540eb5f0729cc8423ae4803c4575dac9aaa58f
tau94/sto_bi_tau94.vertical_relax_8h.out,tau94,B,qe_output,2047807,87a42c930ce4e8e7aba0820016f0e8cc2fc7828fc57cd78d1e8a49645a9ddc6b
tau94/sto_bi_tau94.win,tau94,,other,3645,1015cc089f5edf112db50faa7617809a8e466a219c474a6e2ec973fb7aba3d42
tau94/vertical_relax_wrapper.log,tau94,B,other,152,6d85044456a6ccac7ab2f8a5fb6bb5493f302b1e787509558add7e05f5d618a9
tau95/pw2wan_tau95.in,tau95,,qe_input,149,5e7feec6b32429d5d6a60d6319dd7eb867a2780cce1cebdf328625781c626132
tau95/sto_bi_tau95.nscf.in,tau95,,qe_input,4482,b7def5fae9ba335dfd27fbd64b4940c5ed98074e284f3350b9965f6473cf12d6
tau95/sto_bi_tau95.scf.in,tau95,A,qe_input,1324,c90b5d6068169c56154340074f47ab6955bed2e34b23945ee1fa530cd7701926
tau95/sto_bi_tau95.scf.in.bak,tau95,A,other,1298,1d15dc93dcd4a63b74cbdd92f1248802c75253b6a05a0e5395e52837b4e3a4fe
tau95/sto_bi_tau95.scf.out,tau95,A,qe_output,182024,e3f895044b2d0458015539a60d12bc66b5f642e6a71775fa0d58645d91ab06be
tau95/sto_bi_tau95.vertical_relax.in,tau95,B,qe_input,1677,0c26982e7232735fee5956f6c32193d706e5ea89c6e74d9eec646bf3382495a5
tau95/sto_bi_tau95.vertical_relax_8h.in,tau95,B,qe_input,1676,0f6d621faebf7442a44732694855f3181089c4e30cd46f1e8838f4d1bf9067b5
tau95/sto_bi_tau95.vertical_relax_8h.out,tau95,B,qe_output,2049559,cf28e7ea2f466f25ef61cf9a5d09d780705466471d5159bf84a3966c0d3cffc7
tau95/sto_bi_tau95.win,tau95,,other,3645,e2670528191a9557f57be00461ba595f1b93a54d9e95943cd23d2a7d34e5fa7e
tau95/vertical_relax_wrapper.log,tau95,B,other,152,f434d503c7546648f4753a828a68d7aec894e34720016ba7e2c012fb07ee362e
tau96/pw2wan_tau96.in,tau96,,qe_input,149,18db35232f9abda9bb11b54d7e216c109f5499e84f6fcaf6ceb33c77cc48184e
tau96/sto_bi_tau96.nscf.in,tau96,,qe_input,4482,215054db1088e58fc3fce6675a6859b84e615272311696b94d08a70eb3486e0c
tau96/sto_bi_tau96.scf.in,tau96,A,qe_input,1324,cfbd559c3a9182e68fe025d23f07112662d02ad015f8de74cd182549da7cc0fc
tau96/sto_bi_tau96.scf.in.bak,tau96,A,other,1298,75f4497888a167733e54ce96d2018b4491477c2ca033e79661282c9089298488
tau96/sto_bi_tau96.scf.out,tau96,A,qe_output,178532,33519eaaad06e1cda3db37f047d436f2f0bc34dc56806f6ac618db42901c18de
tau96/sto_bi_tau96.vertical_relax.in,tau96,B,qe_input,1677,e2a23559cdf6de3ba03716216f3f06f2be28147fa1660cea9086ed531d0b3a44
tau96/sto_bi_tau96.vertical_relax_8h.in,tau96,B,qe_input,1676,3608cc2f7ec52ebdbc2da8aa49fd94abc128b6ba5f25e82153847d27a8b573b1
tau96/sto_bi_tau96.vertical_relax_8h.out,tau96,B,qe_output,1947610,39f2062da505170fcbaa056e1eae197e4c645099341271db4dba2ced7a800775
tau96/sto_bi_tau96.win,tau96,,other,3645,b19efff726050ed8eeadde8e78277ec9723bccc67b1ad0f9e967c373a2e8061f
tau96/vertical_relax_wrapper.log,tau96,B,other,152,e9d9162625c785cfdbfa613a9cd2f64ea10c0ac08d9778808fcb09564a03dfde
tau97/pw2wan_tau97.in,tau97,,qe_input,149,ef620801415c8ba04f3efd59294cd98aedc9d46f4e6e4de89124c1d6122cda07
tau97/sto_bi_tau97.nscf.in,tau97,,qe_input,4482,88f45bd14cc175fc36436b7de6dbad880a75510e19be2697dce096020f20665e
tau97/sto_bi_tau97.scf.in,tau97,A,qe_input,1324,bd206a3d0171807c9dbd99dfb50749a8e5a069fd09ae6d9ec67383c576b7d0f2
tau97/sto_bi_tau97.scf.in.bak,tau97,A,other,1298,896b8838197b74d4c8c86f3abfe846839eaf0f16f89734f81b3fd960cb36f8e1
tau97/sto_bi_tau97.scf.out,tau97,A,qe_output,188505,eae166f09e50fa712f162abd0b1dbd1a2d2d31f7fc8f8f35c64998b1b2b4ff36
tau97/sto_bi_tau97.vertical_relax.in,tau97,B,qe_input,1677,e453294846add1ad6e62cafa69d6ff5796211689b255b0be949286ad93ccf740
tau97/sto_bi_tau97.vertical_relax_8h.in,tau97,B,qe_input,1676,d5e35a76375fa34ad8ff52b042d99042f3bb45e593f61311a78e211de9b5c870
tau97/sto_bi_tau97.vertical_relax_8h.out,tau97,B,qe_output,1951695,d7b8d53c7b33b938059e15886a62409f3cb57de0c5af7488c65831fa542103ac
tau97/sto_bi_tau97.win,tau97,,other,3645,f8f44d93e93ab1da198a22787ba90da7c64c26638095ccaeb650bb7cf1f50a5e
tau97/vertical_relax_wrapper.log,tau97,B,other,152,456ae878401e4b9c8d3b1902d212bfa83cb37ce7b64f706122e14c9dcb2f6c5f
tau98/pw2wan_tau98.in,tau98,,qe_input,149,5ff3790054aa8822649f9ee8e266065f4230985fb24126d8e0ecb6b7a42a4e10
tau98/sto_bi_tau98.nscf.in,tau98,,qe_input,4482,9abb272c50320ac3b8250b7539427468f5e25ef056445000decd4fa6ae872d1c
tau98/sto_bi_tau98.scf.in,tau98,A,qe_input,1324,0b253bedff28b3b502b301830eb1138b6a6831731598fcb522223a3e953bee7c
tau98/sto_bi_tau98.scf.in.bak,tau98,A,other,1298,75cd6ada1f33762050fd87959dde7cdacc8a4b0953c7cf6373abea0bd142c75a
tau98/sto_bi_tau98.scf.out,tau98,A,qe_output,145871,97725cde485ae60e3e09990689453d6bbe7e6789a1370aea8919832cf7364e63
tau98/sto_bi_tau98.vertical_relax.in,tau98,B,qe_input,1677,c7e2bdb0911d513c3bdf9651558b8c53570220b1b292cc85bf26eef6e1902bca
tau98/sto_bi_tau98.vertical_relax_8h.in,tau98,B,qe_input,1676,8f54ef852c80f5e354af8e6b00af8146af2757c61eba4920397948af30dc3d3b
tau98/sto_bi_tau98.vertical_relax_8h.out,tau98,B,qe_output,1645703,33d1be91bb3261eefb53f44aa9ab9f1c23c7aaf38061dcb2349fa92b46052091
tau98/sto_bi_tau98.win,tau98,,other,3645,222324be12aa8ac5e7dd3cd56322f7c7ca92a08bae8e61b7670e479eed2d8334
tau98/vertical_relax_wrapper.log,tau98,B,other,152,2e621c96d351d1227f9628c99bcee10c4c08063dcdc778094fcb3feb3a281104
tau99/POSCAR_tau99.vasp,tau99,,other,661,f00e767599ee9a1346f491f30965cc52f264f4a29b65ec308f8987782360dc20
tau99/pw2wan_tau99.in,tau99,,qe_input,149,ffc41e7a897f31e27bfb8a29cab5ee1c8e39b5283dd4f0cb26688d33a9c9f4c8
tau99/sto_bi_tau99.nscf.in,tau99,,qe_input,4482,76422f56b20bbf41644e6a6de2724464c2b757f7ca3e7a51ac6a0e743d764d80
tau99/sto_bi_tau99.scf.in,tau99,A,qe_input,1324,820fc9b3ce3b2cf7fe0acd4aa9e30f44f8eff53333619b539b833623180159ca
tau99/sto_bi_tau99.scf.in.bak,tau99,A,other,1298,97e7191ac044372e0dc6bee27da38dc34f2ff44795a5c533ee7094c0f8a626f4
tau99/sto_bi_tau99.scf.out,tau99,A,qe_output,140809,595b1d9be5fd24593a60be8c3ebdbef47ec7682aee5a19f578ca46bad3930888
tau99/sto_bi_tau99.vertical_relax.in,tau99,B,qe_input,1677,569f9f222f76ea30ae7f7f066cb9e1d2f042d388d14e098700b29d824956845e
tau99/sto_bi_tau99.vertical_relax_8h.in,tau99,B,qe_input,1676,1f6295458a6b391a7cd93579b14f65eb31ae7de737f8f17a1f4bb601ed12b300
tau99/sto_bi_tau99.vertical_relax_8h.out,tau99,B,qe_output,1248085,f62706393384e5aecedb058e425ae627a09a2904cb90960ebe18199268cc9ad4
tau99/sto_bi_tau99.win,tau99,,other,3645,60a356db632a063c255da571a92636a6513941b0c10a659dc48afa6468700ec7
tau99/vertical_relax_wrapper.log,tau99,B,other,152,e08acce758f16abadb28f12b758ec65631b4f3e578620d10def7b099c1df67cc
tau_grid_audit_20260907_044558/SUMMARY.txt,,,other,1228,f8a9c48ce6236f9fbe0188d4439c8d924e021716945d1e07f54dd497473909ab
tau_grid_audit_20260907_044558/all_input_settings.tsv,,,other,52219,f7cfc6285f5abd7a18d340428ca9da6805660ba9461729905359456fa867f580
tau_grid_audit_20260907_044558/stage_A_scf.tsv,,,other,10688,bdaf4509323d2ad783330c929cb50425bcffd6540efe4a342d4a9ec1e080ee78
tau_grid_audit_20260907_044558/stage_B_relax_authoritative.tsv,,,other,19550,08f581c4ae92c0b1a098287ca6c38b0943e5cf5ece37d7262a26dbf41fddc3a2
tau_grid_audit_20260907_044558/stage_B_relax_branch_history.tsv,,,other,21241,16be5e1c98cf6e3729d0401ea7b81a711a93d8ea5aca1c56fd171ccfdb5e47dc
tau_grid_inputs_10.py,,,other,11644,c2c7f5735bbc0b7cd805fde2eb3d0f1f9a276ba7a8a35db7e4d106cfc84f85c8
tau_scf_group_57670684_0.err,,,other,60,7328a47ca332f8f46fed9cf9b404fafb397aed2a05b472e72450f2e745bf7e45
tau_scf_group_57670684_0.out,,,qe_output,360,ff0c26c6f62503110ac3407308e3f243e81820d7130cccf2b571d35363ac486b
tau_scf_group_57670684_1.err,,,other,60,7328a47ca332f8f46fed9cf9b404fafb397aed2a05b472e72450f2e745bf7e45
tau_scf_group_57670684_1.out,,,qe_output,360,8a77d7c3fbc2bc644fd2582ee98c681a8d9cc044c32f53c0fd178e72f4e4a754
tau_scf_group_57670684_10.err,,,other,60,7328a47ca332f8f46fed9cf9b404fafb397aed2a05b472e72450f2e745bf7e45
tau_scf_group_57670684_10.out,,,qe_output,360,727583312deb340b9844be937d3225798d850f4f9d2e9a60672a4cb7511770b6
tau_scf_group_57670684_11.err,,,other,60,7328a47ca332f8f46fed9cf9b404fafb397aed2a05b472e72450f2e745bf7e45
tau_scf_group_57670684_11.out,,,qe_output,360,105ea4de43f903beb1707a0742435c728c7aaf6ef911713ff2d4e99b505099d1
tau_scf_group_57670684_12.err,,,other,60,7328a47ca332f8f46fed9cf9b404fafb397aed2a05b472e72450f2e745bf7e45
tau_scf_group_57670684_12.out,,,qe_output,180,c3bbd4f4e76b569c6bab43ddcd8cde5b8f2ff96247ca0d65a0e7f51e03f114a1
tau_scf_group_57670684_2.err,,,other,60,7328a47ca332f8f46fed9cf9b404fafb397aed2a05b472e72450f2e745bf7e45
tau_scf_group_57670684_2.out,,,qe_output,360,194e9bf00439620f501817ee992abfc975f7cb22466f6c2c05921ad86d965904
tau_scf_group_57670684_3.err,,,other,60,7328a47ca332f8f46fed9cf9b404fafb397aed2a05b472e72450f2e745bf7e45
tau_scf_group_57670684_3.out,,,qe_output,360,f73c24efbe5eeaa990f4f7b1fdc5fdc296c26138a480ef219f8ecaa835d965df
tau_scf_group_57670684_4.err,,,other,60,7328a47ca332f8f46fed9cf9b404fafb397aed2a05b472e72450f2e745bf7e45
tau_scf_group_57670684_4.out,,,qe_output,360,57249a451347a391e0a958bd2c03ba14ccaebbc58ec696ab7833a9c15fb6be3c
tau_scf_group_57670684_5.err,,,other,60,7328a47ca332f8f46fed9cf9b404fafb397aed2a05b472e72450f2e745bf7e45
tau_scf_group_57670684_5.out,,,qe_output,360,d25664d56221a13557c2721d889a2fd49ac6b66c641d18cf854119063d87be6e
tau_scf_group_57670684_6.err,,,other,60,7328a47ca332f8f46fed9cf9b404fafb397aed2a05b472e72450f2e745bf7e45
tau_scf_group_57670684_6.out,,,qe_output,360,9bc9f7932d2264b80201022364ea835d42d453acb026e38a0193fc301afe1881
tau_scf_group_57670684_7.err,,,other,60,7328a47ca332f8f46fed9cf9b404fafb397aed2a05b472e72450f2e745bf7e45
tau_scf_group_57670684_7.out,,,qe_output,360,db71f5789c1a6dd03723ff4c564f0c968b776c1cc1870e90fd391c6d9b536d7a
tau_scf_group_57670684_8.err,,,other,60,7328a47ca332f8f46fed9cf9b404fafb397aed2a05b472e72450f2e745bf7e45
tau_scf_group_57670684_8.out,,,qe_output,360,eead559f1fcd07253775174b4fc799e696d8868b060d35cc20748e307aacc41d
tau_scf_group_57670684_9.err,,,other,60,7328a47ca332f8f46fed9cf9b404fafb397aed2a05b472e72450f2e745bf7e45
tau_scf_group_57670684_9.out,,,qe_output,360,5abd233ef712ce820ca6f2a7134bc280bbcb67f1a23ba4efcc03ee5af4f37398
tau_scf_groups.slurm,,,other,1199,7d22b11404835ee062cc790ca79858ec699027d9f39eed007535f1ec1fe37561
tau_scf_groups_auto.slurm,,,other,3442,b9e1be4bd7255e0a91f550d298a59f5ff02f6045097597a0e8968758143fdfaa
tau_shifts_10x10.csv,,,other,3630,174602ad1c9a619337704d8f08128438396a27dd5f37c063379c9a85e928870e
tau_vertical_relax_8h_independent.slurm,,B,other,10418,1f8618e2549e8f19ecb45122fbd8f41af90cfbf07e9154cf4a651a9e01d51fd5
tau_vertical_relax_8h_independent.slurm.bak,,B,other,11171,53a4d244f9c4e7dfab322b1a35e7beaad200e7b1c912d3eb1f28505488b01b46
tau_vertical_relax_chain.slurm,,B,other,11158,67f23f2fa5661c2df0f04ccd12802c5248daba045fed9be0e2abaf4cc392491f
tau_vertical_relax_chain_48h_original.slurm,,B,other,11158,67f23f2fa5661c2df0f04ccd12802c5248daba045fed9be0e2abaf4cc392491f
tau_vertical_relax_chain_8h.slurm,,B,other,11171,53a4d244f9c4e7dfab322b1a35e7beaad200e7b1c912d3eb1f28505488b01b46
tau_vertical_relax_groups.slurm,,B,other,5401,61537eba4a5751d7900d2477f94750f47cd90c58cc5c952d80e8abbeb4dc4419
tau_vertical_restart1_group1.slurm,,,other,3456,f9a840063607f8ccac985ea4461a2df6ea151d7ba5949f3dfe2df2e2d5532ccd
tau_vertical_restart1_group2.slurm,,,other,3456,154c8cdaa585a30b4c9bd1cbc9ef6145a7ebde5a97004944c8d64db58ca70392
tau_vertical_restart1_group3.slurm,,,other,3456,1830747398c36d3a579793afbd4d32f693fc497ff2bdfed7ff3865ff0949063c
tau_vertical_restart1_group4.slurm,,,other,3456,29410e303b67d9554c88adfdd081fd5e77a2910439c6992b8e3eddbcecb2cda1
tau_vertical_restart1_group5.slurm,,,other,901,83494c311ebbdfcec4daeded5d38969fdb0c17e5803818871600b06ba17dc1fe
tau_vertical_restart1_tau44.slurm,,,other,991,14d665c59579043014a9583f5c87ac0586d33f8751e5a9d6f451bb4ddacdc5e5
tau_vertical_restart1_tau55.slurm,,,other,991,bd5808deca965b373ca7a009def10b2b14befaf8397fa90c2b939138b3b8a73f
tau_vertical_restart1_tau64.slurm,,,other,991,a5ac9c3af2f80c7f73502a2bfd23727ead44a3916e73f22592897213e4b1ab72
tau_zrelax_57702692.err,,,other,60,7328a47ca332f8f46fed9cf9b404fafb397aed2a05b472e72450f2e745bf7e45
tau_zrelax_57702692.out,,,qe_output,1307,a0c2217b85e41c376c24fcff5b8dac68008381fe3a5d66f349db26007297ab37
tau_zrelax_57712751.err,,,other,0,e3b0c44298fc1c149afbf4c8996fb92427ae41e4649b934ca495991b7852b855
tau_zrelax_57712751.out,,,qe_output,1307,56042c3a693c37e878bf4b2483c00afa2a789cb6685b74c56874ad4c32045efc
tau_zrelax_8h_57816333.err,,,other,178,5fdbc118ded6273597292918e339b1c9cb064061fe13928d9aaa910e9f96a81b
tau_zrelax_8h_57816333.out,,,qe_output,957,1f0d32c6a41d982a5233c6b2a5ae4fed870964cf56b31498e97efadca46dcc01
tau_zrelax_8h_57856654.err,,,other,60,7328a47ca332f8f46fed9cf9b404fafb397aed2a05b472e72450f2e745bf7e45
tau_zrelax_8h_57856654.out,,,qe_output,1434,bd9f79615da8eb6e062d45fe3e2ee80200aa6ce8bd99a85699f49de24ad2430f
tau_zrelax_8h_57856655.err,,,other,60,7328a47ca332f8f46fed9cf9b404fafb397aed2a05b472e72450f2e745bf7e45
tau_zrelax_8h_57856655.out,,,qe_output,1607,7c2ea040f19b5b3f349b773ce89d745d254792b38a07f4c2c9c6b1ef86d5c7c1
tau_zrelax_8h_57856656.err,,,other,60,7328a47ca332f8f46fed9cf9b404fafb397aed2a05b472e72450f2e745bf7e45
tau_zrelax_8h_57856656.out,,,qe_output,1693,33b16733c9ec11662145c1f6f420417eb4053fc070041de9cce06b4862100247
tau_zrelax_8h_57856657.err,,,other,60,7328a47ca332f8f46fed9cf9b404fafb397aed2a05b472e72450f2e745bf7e45
tau_zrelax_8h_57856657.out,,,qe_output,1779,c88136d67d5478059222992b550af2c5613d0bce4e048e302418779d198a0fcb
tau_zrelax_8h_57856658.err,,,other,60,7328a47ca332f8f46fed9cf9b404fafb397aed2a05b472e72450f2e745bf7e45
tau_zrelax_8h_57856658.out,,,qe_output,1779,b8763492ccb3cd9d38c7b1ddc2bbd4eece872e2d12f1f81e0e686b37b3e83342
tau_zrelax_8h_57856659.err,,,other,60,7328a47ca332f8f46fed9cf9b404fafb397aed2a05b472e72450f2e745bf7e45
tau_zrelax_8h_57856659.out,,,qe_output,1736,197e6c33cc91914577971b9590d32383d8fc376eb034c4d664599f980881dcee
tau_zrelax_8h_57856660.err,,,other,60,7328a47ca332f8f46fed9cf9b404fafb397aed2a05b472e72450f2e745bf7e45
tau_zrelax_8h_57856660.out,,,qe_output,1779,69298b56d123c132a16db1f1b31e717a08eedf8153a3638fb1710d27b3e06663
tau_zrelax_8h_57856661.err,,,other,60,7328a47ca332f8f46fed9cf9b404fafb397aed2a05b472e72450f2e745bf7e45
tau_zrelax_8h_57856661.out,,,qe_output,1693,21ebd3068c6832dd38fc08de8ab1acc9372a3deabda5c53571db6b907fd32aea
tau_zrelax_8h_57856662.err,,,other,60,7328a47ca332f8f46fed9cf9b404fafb397aed2a05b472e72450f2e745bf7e45
tau_zrelax_8h_57856662.out,,,qe_output,1653,44b90844f2ff423ff8c0f00aa7f469cf97de92ee719bd58c9b307c91ced56016
tau_zrelax_8h_57856663.err,,,other,60,7328a47ca332f8f46fed9cf9b404fafb397aed2a05b472e72450f2e745bf7e45
tau_zrelax_8h_57856663.out,,,qe_output,1437,60616926e7cfd30ba84ee95647c6713f7db5053bc2035c038d77d6d0b603cef1
tau_zrelax_8h_57856664.err,,,other,60,7328a47ca332f8f46fed9cf9b404fafb397aed2a05b472e72450f2e745bf7e45
tau_zrelax_8h_57856664.out,,,qe_output,1261,918181cfbeee78f9e0345c19954fff09a88e25fd7d406ffc5908b95e54ed7463
vertical_relax_chain_state/portion_0_SUCCESS.txt,,B,other,101,1afb6f23be041844d43673dc1c61ab7553483262cbcb51bccb54def61729d97f
vertical_relax_chain_state/portion_0_to_1.txt,,B,other,117,caf13df8d091b642dace0f8638199d84ecd5835606efcc44dd80275ad984dfbf
vertical_relax_chain_state/portion_10_FAILED.txt,,B,other,117,0cfc53f2faca5be55daff3e0020eabdd36d7881e998451931f88d61ad8fbd6f1
vertical_relax_chain_state/portion_11_SUCCESS.txt,,B,other,102,1759e1cb063126d7366f59938f9a018b2ca8ec490d72d2c5ad224a97836713bd
vertical_relax_chain_state/portion_12_SUCCESS.txt,,B,other,102,19c41d3f8339c17a48eb27679010b93db0a128094ad51875e51dae2b24daa6f4
vertical_relax_chain_state/portion_1_SUCCESS.txt,,B,other,101,57c88a25afece59807e0a716a41d048ad37b5bee44f43a9422f12b57b2a7e11d
vertical_relax_chain_state/portion_1_to_2.txt,,B,other,117,75a56ef41849c3252804f0a5e9cee0c1222587b1996380af511091f23c0e4bb1
vertical_relax_chain_state/portion_2_SUCCESS.txt,,B,other,101,504a9478b9cd75bf33dcb2f01d99a7f4dfeda0f19b2c2e35168d23e18ef4f59e
vertical_relax_chain_state/portion_3_FAILED.txt,,B,other,116,ee1981d786103ef9a298f26115fbd796bab73731780d4eecba7f1ac7abbb758b
vertical_relax_chain_state/portion_4_FAILED.txt,,B,other,116,2cc8d0fd2012e51bfa29b75f50f935501ff433099527b1381d58915bbe7ba5c6
vertical_relax_chain_state/portion_5_FAILED.txt,,B,other,116,2af9bcd1e16f127e552fa31b8732d2e3237c7186b77618967472c74cf698b8f6
vertical_relax_chain_state/portion_6_FAILED.txt,,B,other,116,63de71406ad48db2d227ceb5bb3b6a454b173871c5968530539e599ba40156d9
vertical_relax_chain_state/portion_7_FAILED.txt,,B,other,116,a0007c94a9e254df742a9a08cd04f4cfc25e4a38f31cf3d97440a49772f85f3f
vertical_relax_chain_state/portion_8_FAILED.txt,,B,other,116,7f5d690adc364c8f76136bfc69e135d4f61fe4166fbda953e6fa1b5405bab2db
vertical_relax_chain_state/portion_9_FAILED.txt,,B,other,116,09a82ac2a64452f4fe1374303f532f02a510af28c950fcd79ffbd4533afd9ddc
